ISO-10303-21;
HEADER;
FILE_DESCRIPTION(('Open CASCADE Model'),'2;1');
FILE_NAME('front_gate','2000-01-01T00:00:00',('Author'),('Open CASCADE')
  ,'Open CASCADE STEP processor 7.9','cadgen','Unknown');
FILE_SCHEMA(('AUTOMOTIVE_DESIGN { 1 0 10303 214 1 1 1 1 }'));
ENDSEC;
DATA;
#1 = APPLICATION_PROTOCOL_DEFINITION('international standard',
  'automotive_design',2000,#2);
#2 = APPLICATION_CONTEXT(
  'core data for automotive mechanical design processes');
#3 = SHAPE_DEFINITION_REPRESENTATION(#4,#10);
#4 = PRODUCT_DEFINITION_SHAPE('','',#5);
#5 = PRODUCT_DEFINITION('design','',#6,#9);
#6 = PRODUCT_DEFINITION_FORMATION('','',#7);
#7 = PRODUCT('=>[0:1:1:2]','=>[0:1:1:2]','',(#8));
#8 = PRODUCT_CONTEXT('',#2,'mechanical');
#9 = PRODUCT_DEFINITION_CONTEXT('part definition',#2,'design');
#10 = SHAPE_REPRESENTATION('',(#11,#15),#19);
#11 = AXIS2_PLACEMENT_3D('',#12,#13,#14);
#12 = CARTESIAN_POINT('',(0.,0.,0.));
#13 = DIRECTION('',(0.,0.,1.));
#14 = DIRECTION('',(1.,0.,0.));
#15 = AXIS2_PLACEMENT_3D('',#16,#17,#18);
#16 = CARTESIAN_POINT('',(4.5,15.95,-36.5));
#17 = DIRECTION('',(-1.,0.,1.110223024625E-16));
#18 = DIRECTION('',(1.110223024625E-16,0.,1.));
#19 = ( GEOMETRIC_REPRESENTATION_CONTEXT(3) 
GLOBAL_UNCERTAINTY_ASSIGNED_CONTEXT((#23)) GLOBAL_UNIT_ASSIGNED_CONTEXT(
(#20,#21,#22)) REPRESENTATION_CONTEXT('Context #1',
  '3D Context with UNIT and UNCERTAINTY') );
#20 = ( LENGTH_UNIT() NAMED_UNIT(*) SI_UNIT(.MILLI.,.METRE.) );
#21 = ( NAMED_UNIT(*) PLANE_ANGLE_UNIT() SI_UNIT($,.RADIAN.) );
#22 = ( NAMED_UNIT(*) SI_UNIT($,.STERADIAN.) SOLID_ANGLE_UNIT() );
#23 = UNCERTAINTY_MEASURE_WITH_UNIT(LENGTH_MEASURE(2.E-07),#20,
  'distance_accuracy_value','confusion accuracy');
#24 = PRODUCT_RELATED_PRODUCT_CATEGORY('part',$,(#7));
#25 = SHAPE_DEFINITION_REPRESENTATION(#26,#32);
#26 = PRODUCT_DEFINITION_SHAPE('','',#27);
#27 = PRODUCT_DEFINITION('design','',#28,#31);
#28 = PRODUCT_DEFINITION_FORMATION('','',#29);
#29 = PRODUCT('front_gate','front_gate','',(#30));
#30 = PRODUCT_CONTEXT('',#2,'mechanical');
#31 = PRODUCT_DEFINITION_CONTEXT('part definition',#2,'design');
#32 = ADVANCED_BREP_SHAPE_REPRESENTATION('',(#11,#33),#5205);
#33 = MANIFOLD_SOLID_BREP('',#34);
#34 = CLOSED_SHELL('',(#35,#191,#270,#542,#591,#712,#762,#931,#984,#1059
    ,#1108,#1157,#1206,#1651,#1678,#1685,#1740,#1769,#1824,#2062,#2089,
    #2165,#2294,#2371,#2420,#2470,#2593,#2642,#2733,#2758,#2827,#2874,
    #2921,#2946,#2974,#3054,#3104,#3450,#3497,#3544,#3589,#3740,#3791,
    #3819,#3870,#3897,#3956,#3981,#4165,#4278,#4325,#4529,#4579,#4628,
    #4678,#4813,#4863,#4916,#4944,#4971,#4978,#5025,#5052,#5079,#5086,
    #5133,#5160,#5187,#5194));
#35 = ADVANCED_FACE('',(#36,#160),#51,.F.);
#36 = FACE_BOUND('',#37,.F.);
#37 = EDGE_LOOP('',(#38,#78,#106,#134));
#38 = ORIENTED_EDGE('',*,*,#39,.F.);
#39 = EDGE_CURVE('',#40,#42,#44,.T.);
#40 = VERTEX_POINT('',#41);
#41 = CARTESIAN_POINT('',(40.,-31.49444872453,18.));
#42 = VERTEX_POINT('',#43);
#43 = CARTESIAN_POINT('',(40.,-31.49444872453,30.));
#44 = SURFACE_CURVE('',#45,(#50,#66),.PCURVE_S1.);
#45 = CIRCLE('',#46,7.);
#46 = AXIS2_PLACEMENT_3D('',#47,#48,#49);
#47 = CARTESIAN_POINT('',(40.,-35.1,24.));
#48 = DIRECTION('',(-1.,0.,0.));
#49 = DIRECTION('',(0.,0.515078753638,-0.857142857143));
#50 = PCURVE('',#51,#56);
#51 = PLANE('',#52);
#52 = AXIS2_PLACEMENT_3D('',#53,#54,#55);
#53 = CARTESIAN_POINT('',(40.,-35.1,18.));
#54 = DIRECTION('',(1.,0.,0.));
#55 = DIRECTION('',(0.,0.,1.));
#56 = DEFINITIONAL_REPRESENTATION('',(#57),#65);
#57 = ( BOUNDED_CURVE() B_SPLINE_CURVE(2,(#58,#59,#60,#61,#62,#63,#64),
.UNSPECIFIED.,.T.,.F.) B_SPLINE_CURVE_WITH_KNOTS((1,2,2,2,2,1),(
    -2.094395102393,0.,2.094395102393,4.188790204786,6.28318530718,
8.377580409573),.UNSPECIFIED.) CURVE() GEOMETRIC_REPRESENTATION_ITEM() 
RATIONAL_B_SPLINE_CURVE((1.,0.5,1.,0.5,1.,0.5,1.)) REPRESENTATION_ITEM(
  '') );
#58 = CARTESIAN_POINT('',(-4.352074256531E-14,-3.605551275464));
#59 = CARTESIAN_POINT('',(-6.244997998398,6.786753569949));
#60 = CARTESIAN_POINT('',(5.877501000801,6.998928060439));
#61 = CARTESIAN_POINT('',(18.,7.211102550928));
#62 = CARTESIAN_POINT('',(12.122498999199,-3.393376784975));
#63 = CARTESIAN_POINT('',(6.244997998398,-13.99785612087));
#64 = CARTESIAN_POINT('',(-4.352074256531E-14,-3.605551275464));
#65 = ( GEOMETRIC_REPRESENTATION_CONTEXT(2) 
PARAMETRIC_REPRESENTATION_CONTEXT() REPRESENTATION_CONTEXT('2D SPACE',''
  ) );
#66 = PCURVE('',#67,#72);
#67 = CYLINDRICAL_SURFACE('',#68,7.);
#68 = AXIS2_PLACEMENT_3D('',#69,#70,#71);
#69 = CARTESIAN_POINT('',(40.,-35.1,24.));
#70 = DIRECTION('',(1.,0.,2.22044604925E-16));
#71 = DIRECTION('',(2.22044604925E-16,0.,-1.));
#72 = DEFINITIONAL_REPRESENTATION('',(#73),#77);
#73 = LINE('',#74,#75);
#74 = CARTESIAN_POINT('',(6.824284833137,0.));
#75 = VECTOR('',#76,1.);
#76 = DIRECTION('',(-1.,0.));
#77 = ( GEOMETRIC_REPRESENTATION_CONTEXT(2) 
PARAMETRIC_REPRESENTATION_CONTEXT() REPRESENTATION_CONTEXT('2D SPACE',''
  ) );
#78 = ORIENTED_EDGE('',*,*,#79,.T.);
#79 = EDGE_CURVE('',#40,#80,#82,.T.);
#80 = VERTEX_POINT('',#81);
#81 = CARTESIAN_POINT('',(40.,-22.,18.));
#82 = SURFACE_CURVE('',#83,(#87,#94),.PCURVE_S1.);
#83 = LINE('',#84,#85);
#84 = CARTESIAN_POINT('',(40.,-35.1,18.));
#85 = VECTOR('',#86,1.);
#86 = DIRECTION('',(0.,1.,0.));
#87 = PCURVE('',#51,#88);
#88 = DEFINITIONAL_REPRESENTATION('',(#89),#93);
#89 = LINE('',#90,#91);
#90 = CARTESIAN_POINT('',(0.,0.));
#91 = VECTOR('',#92,1.);
#92 = DIRECTION('',(0.,-1.));
#93 = ( GEOMETRIC_REPRESENTATION_CONTEXT(2) 
PARAMETRIC_REPRESENTATION_CONTEXT() REPRESENTATION_CONTEXT('2D SPACE',''
  ) );
#94 = PCURVE('',#95,#100);
#95 = PLANE('',#96);
#96 = AXIS2_PLACEMENT_3D('',#97,#98,#99);
#97 = CARTESIAN_POINT('',(40.,-35.1,18.));
#98 = DIRECTION('',(0.,0.,1.));
#99 = DIRECTION('',(1.,0.,0.));
#100 = DEFINITIONAL_REPRESENTATION('',(#101),#105);
#101 = LINE('',#102,#103);
#102 = CARTESIAN_POINT('',(0.,0.));
#103 = VECTOR('',#104,1.);
#104 = DIRECTION('',(0.,1.));
#105 = ( GEOMETRIC_REPRESENTATION_CONTEXT(2) 
PARAMETRIC_REPRESENTATION_CONTEXT() REPRESENTATION_CONTEXT('2D SPACE',''
  ) );
#106 = ORIENTED_EDGE('',*,*,#107,.T.);
#107 = EDGE_CURVE('',#80,#108,#110,.T.);
#108 = VERTEX_POINT('',#109);
#109 = CARTESIAN_POINT('',(40.,-22.,30.));
#110 = SURFACE_CURVE('',#111,(#115,#122),.PCURVE_S1.);
#111 = LINE('',#112,#113);
#112 = CARTESIAN_POINT('',(40.,-22.,18.));
#113 = VECTOR('',#114,1.);
#114 = DIRECTION('',(0.,0.,1.));
#115 = PCURVE('',#51,#116);
#116 = DEFINITIONAL_REPRESENTATION('',(#117),#121);
#117 = LINE('',#118,#119);
#118 = CARTESIAN_POINT('',(0.,-13.1));
#119 = VECTOR('',#120,1.);
#120 = DIRECTION('',(1.,0.));
#121 = ( GEOMETRIC_REPRESENTATION_CONTEXT(2) 
PARAMETRIC_REPRESENTATION_CONTEXT() REPRESENTATION_CONTEXT('2D SPACE',''
  ) );
#122 = PCURVE('',#123,#128);
#123 = PLANE('',#124);
#124 = AXIS2_PLACEMENT_3D('',#125,#126,#127);
#125 = CARTESIAN_POINT('',(36.5,-22.,18.));
#126 = DIRECTION('',(0.,1.,0.));
#127 = DIRECTION('',(0.,0.,1.));
#128 = DEFINITIONAL_REPRESENTATION('',(#129),#133);
#129 = LINE('',#130,#131);
#130 = CARTESIAN_POINT('',(0.,3.5));
#131 = VECTOR('',#132,1.);
#132 = DIRECTION('',(1.,0.));
#133 = ( GEOMETRIC_REPRESENTATION_CONTEXT(2) 
PARAMETRIC_REPRESENTATION_CONTEXT() REPRESENTATION_CONTEXT('2D SPACE',''
  ) );
#134 = ORIENTED_EDGE('',*,*,#135,.F.);
#135 = EDGE_CURVE('',#42,#108,#136,.T.);
#136 = SURFACE_CURVE('',#137,(#141,#148),.PCURVE_S1.);
#137 = LINE('',#138,#139);
#138 = CARTESIAN_POINT('',(40.,-35.1,30.));
#139 = VECTOR('',#140,1.);
#140 = DIRECTION('',(0.,1.,0.));
#141 = PCURVE('',#51,#142);
#142 = DEFINITIONAL_REPRESENTATION('',(#143),#147);
#143 = LINE('',#144,#145);
#144 = CARTESIAN_POINT('',(12.,0.));
#145 = VECTOR('',#146,1.);
#146 = DIRECTION('',(0.,-1.));
#147 = ( GEOMETRIC_REPRESENTATION_CONTEXT(2) 
PARAMETRIC_REPRESENTATION_CONTEXT() REPRESENTATION_CONTEXT('2D SPACE',''
  ) );
#148 = PCURVE('',#149,#154);
#149 = PLANE('',#150);
#150 = AXIS2_PLACEMENT_3D('',#151,#152,#153);
#151 = CARTESIAN_POINT('',(40.,-35.1,30.));
#152 = DIRECTION('',(0.,0.,1.));
#153 = DIRECTION('',(1.,0.,0.));
#154 = DEFINITIONAL_REPRESENTATION('',(#155),#159);
#155 = LINE('',#156,#157);
#156 = CARTESIAN_POINT('',(0.,0.));
#157 = VECTOR('',#158,1.);
#158 = DIRECTION('',(0.,1.));
#159 = ( GEOMETRIC_REPRESENTATION_CONTEXT(2) 
PARAMETRIC_REPRESENTATION_CONTEXT() REPRESENTATION_CONTEXT('2D SPACE',''
  ) );
#160 = FACE_BOUND('',#161,.F.);
#161 = EDGE_LOOP('',(#162));
#162 = ORIENTED_EDGE('',*,*,#163,.F.);
#163 = EDGE_CURVE('',#164,#164,#166,.T.);
#164 = VERTEX_POINT('',#165);
#165 = CARTESIAN_POINT('',(40.,-35.1,21.75));
#166 = SURFACE_CURVE('',#167,(#172,#179),.PCURVE_S1.);
#167 = CIRCLE('',#168,2.25);
#168 = AXIS2_PLACEMENT_3D('',#169,#170,#171);
#169 = CARTESIAN_POINT('',(40.,-35.1,24.));
#170 = DIRECTION('',(1.,0.,2.22044604925E-16));
#171 = DIRECTION('',(2.22044604925E-16,0.,-1.));
#172 = PCURVE('',#51,#173);
#173 = DEFINITIONAL_REPRESENTATION('',(#174),#178);
#174 = CIRCLE('',#175,2.25);
#175 = AXIS2_PLACEMENT_2D('',#176,#177);
#176 = CARTESIAN_POINT('',(6.,0.));
#177 = DIRECTION('',(-1.,0.));
#178 = ( GEOMETRIC_REPRESENTATION_CONTEXT(2) 
PARAMETRIC_REPRESENTATION_CONTEXT() REPRESENTATION_CONTEXT('2D SPACE',''
  ) );
#179 = PCURVE('',#180,#185);
#180 = CYLINDRICAL_SURFACE('',#181,2.25);
#181 = AXIS2_PLACEMENT_3D('',#182,#183,#184);
#182 = CARTESIAN_POINT('',(39.,-35.1,24.));
#183 = DIRECTION('',(1.,0.,2.22044604925E-16));
#184 = DIRECTION('',(2.22044604925E-16,0.,-1.));
#185 = DEFINITIONAL_REPRESENTATION('',(#186),#190);
#186 = LINE('',#187,#188);
#187 = CARTESIAN_POINT('',(0.,1.));
#188 = VECTOR('',#189,1.);
#189 = DIRECTION('',(1.,0.));
#190 = ( GEOMETRIC_REPRESENTATION_CONTEXT(2) 
PARAMETRIC_REPRESENTATION_CONTEXT() REPRESENTATION_CONTEXT('2D SPACE',''
  ) );
#191 = ADVANCED_FACE('',(#192),#67,.T.);
#192 = FACE_BOUND('',#193,.T.);
#193 = EDGE_LOOP('',(#194,#195,#217,#250));
#194 = ORIENTED_EDGE('',*,*,#39,.F.);
#195 = ORIENTED_EDGE('',*,*,#196,.T.);
#196 = EDGE_CURVE('',#40,#197,#199,.T.);
#197 = VERTEX_POINT('',#198);
#198 = CARTESIAN_POINT('',(44.,-31.49444872453,18.));
#199 = SURFACE_CURVE('',#200,(#204,#210),.PCURVE_S1.);
#200 = LINE('',#201,#202);
#201 = CARTESIAN_POINT('',(40.,-31.49444872453,18.));
#202 = VECTOR('',#203,1.);
#203 = DIRECTION('',(1.,0.,2.22044604925E-16));
#204 = PCURVE('',#67,#205);
#205 = DEFINITIONAL_REPRESENTATION('',(#206),#209);
#206 = B_SPLINE_CURVE_WITH_KNOTS('',1,(#207,#208),.UNSPECIFIED.,.F.,.F.,
  (2,2),(-5.522026336547E-30,4.),.PIECEWISE_BEZIER_KNOTS.);
#207 = CARTESIAN_POINT('',(6.824284833137,-1.33226762955E-15));
#208 = CARTESIAN_POINT('',(6.824284833137,4.));
#209 = ( GEOMETRIC_REPRESENTATION_CONTEXT(2) 
PARAMETRIC_REPRESENTATION_CONTEXT() REPRESENTATION_CONTEXT('2D SPACE',''
  ) );
#210 = PCURVE('',#95,#211);
#211 = DEFINITIONAL_REPRESENTATION('',(#212),#216);
#212 = LINE('',#213,#214);
#213 = CARTESIAN_POINT('',(0.,3.605551275464));
#214 = VECTOR('',#215,1.);
#215 = DIRECTION('',(1.,0.));
#216 = ( GEOMETRIC_REPRESENTATION_CONTEXT(2) 
PARAMETRIC_REPRESENTATION_CONTEXT() REPRESENTATION_CONTEXT('2D SPACE',''
  ) );
#217 = ORIENTED_EDGE('',*,*,#218,.T.);
#218 = EDGE_CURVE('',#197,#219,#221,.T.);
#219 = VERTEX_POINT('',#220);
#220 = CARTESIAN_POINT('',(44.,-31.49444872453,30.));
#221 = SURFACE_CURVE('',#222,(#227,#234),.PCURVE_S1.);
#222 = CIRCLE('',#223,7.);
#223 = AXIS2_PLACEMENT_3D('',#224,#225,#226);
#224 = CARTESIAN_POINT('',(44.,-35.1,24.));
#225 = DIRECTION('',(-1.,0.,0.));
#226 = DIRECTION('',(0.,0.515078753638,-0.857142857143));
#227 = PCURVE('',#67,#228);
#228 = DEFINITIONAL_REPRESENTATION('',(#229),#233);
#229 = LINE('',#230,#231);
#230 = CARTESIAN_POINT('',(6.824284833137,4.));
#231 = VECTOR('',#232,1.);
#232 = DIRECTION('',(-1.,0.));
#233 = ( GEOMETRIC_REPRESENTATION_CONTEXT(2) 
PARAMETRIC_REPRESENTATION_CONTEXT() REPRESENTATION_CONTEXT('2D SPACE',''
  ) );
#234 = PCURVE('',#235,#240);
#235 = PLANE('',#236);
#236 = AXIS2_PLACEMENT_3D('',#237,#238,#239);
#237 = CARTESIAN_POINT('',(44.,-35.1,24.));
#238 = DIRECTION('',(1.,0.,2.22044604925E-16));
#239 = DIRECTION('',(2.22044604925E-16,0.,-1.));
#240 = DEFINITIONAL_REPRESENTATION('',(#241),#249);
#241 = ( BOUNDED_CURVE() B_SPLINE_CURVE(2,(#242,#243,#244,#245,#246,#247
,#248),.UNSPECIFIED.,.T.,.F.) B_SPLINE_CURVE_WITH_KNOTS((1,2,2,2,2,1),(
    -2.094395102393,0.,2.094395102393,4.188790204786,6.28318530718,
8.377580409573),.UNSPECIFIED.) CURVE() GEOMETRIC_REPRESENTATION_ITEM() 
RATIONAL_B_SPLINE_CURVE((1.,0.5,1.,0.5,1.,0.5,1.)) REPRESENTATION_ITEM(
  '') );
#242 = CARTESIAN_POINT('',(6.,3.605551275464));
#243 = CARTESIAN_POINT('',(12.244997998398,-6.786753569949));
#244 = CARTESIAN_POINT('',(0.122498999199,-6.998928060439));
#245 = CARTESIAN_POINT('',(-12.,-7.211102550928));
#246 = CARTESIAN_POINT('',(-6.122498999199,3.393376784975));
#247 = CARTESIAN_POINT('',(-0.244997998398,13.997856120877));
#248 = CARTESIAN_POINT('',(6.,3.605551275464));
#249 = ( GEOMETRIC_REPRESENTATION_CONTEXT(2) 
PARAMETRIC_REPRESENTATION_CONTEXT() REPRESENTATION_CONTEXT('2D SPACE',''
  ) );
#250 = ORIENTED_EDGE('',*,*,#251,.F.);
#251 = EDGE_CURVE('',#42,#219,#252,.T.);
#252 = SURFACE_CURVE('',#253,(#257,#263),.PCURVE_S1.);
#253 = LINE('',#254,#255);
#254 = CARTESIAN_POINT('',(40.,-31.49444872453,30.));
#255 = VECTOR('',#256,1.);
#256 = DIRECTION('',(1.,0.,2.22044604925E-16));
#257 = PCURVE('',#67,#258);
#258 = DEFINITIONAL_REPRESENTATION('',(#259),#262);
#259 = B_SPLINE_CURVE_WITH_KNOTS('',1,(#260,#261),.UNSPECIFIED.,.F.,.F.,
  (2,2),(3.076557530362E-29,4.),.PIECEWISE_BEZIER_KNOTS.);
#260 = CARTESIAN_POINT('',(2.600493127633,1.33226762955E-15));
#261 = CARTESIAN_POINT('',(2.600493127633,4.));
#262 = ( GEOMETRIC_REPRESENTATION_CONTEXT(2) 
PARAMETRIC_REPRESENTATION_CONTEXT() REPRESENTATION_CONTEXT('2D SPACE',''
  ) );
#263 = PCURVE('',#149,#264);
#264 = DEFINITIONAL_REPRESENTATION('',(#265),#269);
#265 = LINE('',#266,#267);
#266 = CARTESIAN_POINT('',(0.,3.605551275464));
#267 = VECTOR('',#268,1.);
#268 = DIRECTION('',(1.,0.));
#269 = ( GEOMETRIC_REPRESENTATION_CONTEXT(2) 
PARAMETRIC_REPRESENTATION_CONTEXT() REPRESENTATION_CONTEXT('2D SPACE',''
  ) );
#270 = ADVANCED_FACE('',(#271),#149,.T.);
#271 = FACE_BOUND('',#272,.T.);
#272 = EDGE_LOOP('',(#273,#274,#275,#298,#325,#353,#381,#409,#437,#465,
    #493,#521));
#273 = ORIENTED_EDGE('',*,*,#135,.F.);
#274 = ORIENTED_EDGE('',*,*,#251,.T.);
#275 = ORIENTED_EDGE('',*,*,#276,.T.);
#276 = EDGE_CURVE('',#219,#277,#279,.T.);
#277 = VERTEX_POINT('',#278);
#278 = CARTESIAN_POINT('',(44.,31.494448724536,30.));
#279 = SURFACE_CURVE('',#280,(#284,#291),.PCURVE_S1.);
#280 = LINE('',#281,#282);
#281 = CARTESIAN_POINT('',(44.,-31.49444872453,30.));
#282 = VECTOR('',#283,1.);
#283 = DIRECTION('',(0.,1.,0.));
#284 = PCURVE('',#149,#285);
#285 = DEFINITIONAL_REPRESENTATION('',(#286),#290);
#286 = LINE('',#287,#288);
#287 = CARTESIAN_POINT('',(4.,3.605551275464));
#288 = VECTOR('',#289,1.);
#289 = DIRECTION('',(0.,1.));
#290 = ( GEOMETRIC_REPRESENTATION_CONTEXT(2) 
PARAMETRIC_REPRESENTATION_CONTEXT() REPRESENTATION_CONTEXT('2D SPACE',''
  ) );
#291 = PCURVE('',#235,#292);
#292 = DEFINITIONAL_REPRESENTATION('',(#293),#297);
#293 = LINE('',#294,#295);
#294 = CARTESIAN_POINT('',(-6.,3.605551275464));
#295 = VECTOR('',#296,1.);
#296 = DIRECTION('',(0.,1.));
#297 = ( GEOMETRIC_REPRESENTATION_CONTEXT(2) 
PARAMETRIC_REPRESENTATION_CONTEXT() REPRESENTATION_CONTEXT('2D SPACE',''
  ) );
#298 = ORIENTED_EDGE('',*,*,#299,.F.);
#299 = EDGE_CURVE('',#300,#277,#302,.T.);
#300 = VERTEX_POINT('',#301);
#301 = CARTESIAN_POINT('',(40.,31.494448724536,30.));
#302 = SURFACE_CURVE('',#303,(#307,#314),.PCURVE_S1.);
#303 = LINE('',#304,#305);
#304 = CARTESIAN_POINT('',(40.,31.494448724536,30.));
#305 = VECTOR('',#306,1.);
#306 = DIRECTION('',(1.,0.,2.22044604925E-16));
#307 = PCURVE('',#149,#308);
#308 = DEFINITIONAL_REPRESENTATION('',(#309),#313);
#309 = LINE('',#310,#311);
#310 = CARTESIAN_POINT('',(0.,66.594448724536));
#311 = VECTOR('',#312,1.);
#312 = DIRECTION('',(1.,0.));
#313 = ( GEOMETRIC_REPRESENTATION_CONTEXT(2) 
PARAMETRIC_REPRESENTATION_CONTEXT() REPRESENTATION_CONTEXT('2D SPACE',''
  ) );
#314 = PCURVE('',#315,#320);
#315 = CYLINDRICAL_SURFACE('',#316,7.);
#316 = AXIS2_PLACEMENT_3D('',#317,#318,#319);
#317 = CARTESIAN_POINT('',(40.,35.1,24.));
#318 = DIRECTION('',(1.,0.,2.22044604925E-16));
#319 = DIRECTION('',(2.22044604925E-16,0.,-1.));
#320 = DEFINITIONAL_REPRESENTATION('',(#321),#324);
#321 = B_SPLINE_CURVE_WITH_KNOTS('',1,(#322,#323),.UNSPECIFIED.,.F.,.F.,
  (2,2),(3.076557530362E-29,4.),.PIECEWISE_BEZIER_KNOTS.);
#322 = CARTESIAN_POINT('',(9.965877486727,1.33226762955E-15));
#323 = CARTESIAN_POINT('',(9.965877486727,4.));
#324 = ( GEOMETRIC_REPRESENTATION_CONTEXT(2) 
PARAMETRIC_REPRESENTATION_CONTEXT() REPRESENTATION_CONTEXT('2D SPACE',''
  ) );
#325 = ORIENTED_EDGE('',*,*,#326,.F.);
#326 = EDGE_CURVE('',#327,#300,#329,.T.);
#327 = VERTEX_POINT('',#328);
#328 = CARTESIAN_POINT('',(40.,22.,30.));
#329 = SURFACE_CURVE('',#330,(#334,#341),.PCURVE_S1.);
#330 = LINE('',#331,#332);
#331 = CARTESIAN_POINT('',(40.,-35.1,30.));
#332 = VECTOR('',#333,1.);
#333 = DIRECTION('',(0.,1.,0.));
#334 = PCURVE('',#149,#335);
#335 = DEFINITIONAL_REPRESENTATION('',(#336),#340);
#336 = LINE('',#337,#338);
#337 = CARTESIAN_POINT('',(0.,0.));
#338 = VECTOR('',#339,1.);
#339 = DIRECTION('',(0.,1.));
#340 = ( GEOMETRIC_REPRESENTATION_CONTEXT(2) 
PARAMETRIC_REPRESENTATION_CONTEXT() REPRESENTATION_CONTEXT('2D SPACE',''
  ) );
#341 = PCURVE('',#342,#347);
#342 = PLANE('',#343);
#343 = AXIS2_PLACEMENT_3D('',#344,#345,#346);
#344 = CARTESIAN_POINT('',(40.,-35.1,18.));
#345 = DIRECTION('',(1.,0.,0.));
#346 = DIRECTION('',(0.,0.,1.));
#347 = DEFINITIONAL_REPRESENTATION('',(#348),#352);
#348 = LINE('',#349,#350);
#349 = CARTESIAN_POINT('',(12.,0.));
#350 = VECTOR('',#351,1.);
#351 = DIRECTION('',(0.,-1.));
#352 = ( GEOMETRIC_REPRESENTATION_CONTEXT(2) 
PARAMETRIC_REPRESENTATION_CONTEXT() REPRESENTATION_CONTEXT('2D SPACE',''
  ) );
#353 = ORIENTED_EDGE('',*,*,#354,.F.);
#354 = EDGE_CURVE('',#355,#327,#357,.T.);
#355 = VERTEX_POINT('',#356);
#356 = CARTESIAN_POINT('',(36.5,22.,30.));
#357 = SURFACE_CURVE('',#358,(#362,#369),.PCURVE_S1.);
#358 = LINE('',#359,#360);
#359 = CARTESIAN_POINT('',(36.5,22.,30.));
#360 = VECTOR('',#361,1.);
#361 = DIRECTION('',(1.,0.,0.));
#362 = PCURVE('',#149,#363);
#363 = DEFINITIONAL_REPRESENTATION('',(#364),#368);
#364 = LINE('',#365,#366);
#365 = CARTESIAN_POINT('',(-3.5,57.1));
#366 = VECTOR('',#367,1.);
#367 = DIRECTION('',(1.,0.));
#368 = ( GEOMETRIC_REPRESENTATION_CONTEXT(2) 
PARAMETRIC_REPRESENTATION_CONTEXT() REPRESENTATION_CONTEXT('2D SPACE',''
  ) );
#369 = PCURVE('',#370,#375);
#370 = PLANE('',#371);
#371 = AXIS2_PLACEMENT_3D('',#372,#373,#374);
#372 = CARTESIAN_POINT('',(36.5,22.,18.));
#373 = DIRECTION('',(0.,1.,0.));
#374 = DIRECTION('',(0.,0.,1.));
#375 = DEFINITIONAL_REPRESENTATION('',(#376),#380);
#376 = LINE('',#377,#378);
#377 = CARTESIAN_POINT('',(12.,0.));
#378 = VECTOR('',#379,1.);
#379 = DIRECTION('',(0.,1.));
#380 = ( GEOMETRIC_REPRESENTATION_CONTEXT(2) 
PARAMETRIC_REPRESENTATION_CONTEXT() REPRESENTATION_CONTEXT('2D SPACE',''
  ) );
#381 = ORIENTED_EDGE('',*,*,#382,.F.);
#382 = EDGE_CURVE('',#383,#355,#385,.T.);
#383 = VERTEX_POINT('',#384);
#384 = CARTESIAN_POINT('',(36.5,8.,30.));
#385 = SURFACE_CURVE('',#386,(#390,#397),.PCURVE_S1.);
#386 = LINE('',#387,#388);
#387 = CARTESIAN_POINT('',(36.5,8.,30.));
#388 = VECTOR('',#389,1.);
#389 = DIRECTION('',(0.,1.,0.));
#390 = PCURVE('',#149,#391);
#391 = DEFINITIONAL_REPRESENTATION('',(#392),#396);
#392 = LINE('',#393,#394);
#393 = CARTESIAN_POINT('',(-3.5,43.1));
#394 = VECTOR('',#395,1.);
#395 = DIRECTION('',(0.,1.));
#396 = ( GEOMETRIC_REPRESENTATION_CONTEXT(2) 
PARAMETRIC_REPRESENTATION_CONTEXT() REPRESENTATION_CONTEXT('2D SPACE',''
  ) );
#397 = PCURVE('',#398,#403);
#398 = PLANE('',#399);
#399 = AXIS2_PLACEMENT_3D('',#400,#401,#402);
#400 = CARTESIAN_POINT('',(36.5,8.,18.));
#401 = DIRECTION('',(1.,0.,0.));
#402 = DIRECTION('',(0.,0.,1.));
#403 = DEFINITIONAL_REPRESENTATION('',(#404),#408);
#404 = LINE('',#405,#406);
#405 = CARTESIAN_POINT('',(12.,0.));
#406 = VECTOR('',#407,1.);
#407 = DIRECTION('',(0.,-1.));
#408 = ( GEOMETRIC_REPRESENTATION_CONTEXT(2) 
PARAMETRIC_REPRESENTATION_CONTEXT() REPRESENTATION_CONTEXT('2D SPACE',''
  ) );
#409 = ORIENTED_EDGE('',*,*,#410,.T.);
#410 = EDGE_CURVE('',#383,#411,#413,.T.);
#411 = VERTEX_POINT('',#412);
#412 = CARTESIAN_POINT('',(40.,8.,30.));
#413 = SURFACE_CURVE('',#414,(#418,#425),.PCURVE_S1.);
#414 = LINE('',#415,#416);
#415 = CARTESIAN_POINT('',(36.5,8.,30.));
#416 = VECTOR('',#417,1.);
#417 = DIRECTION('',(1.,0.,0.));
#418 = PCURVE('',#149,#419);
#419 = DEFINITIONAL_REPRESENTATION('',(#420),#424);
#420 = LINE('',#421,#422);
#421 = CARTESIAN_POINT('',(-3.5,43.1));
#422 = VECTOR('',#423,1.);
#423 = DIRECTION('',(1.,0.));
#424 = ( GEOMETRIC_REPRESENTATION_CONTEXT(2) 
PARAMETRIC_REPRESENTATION_CONTEXT() REPRESENTATION_CONTEXT('2D SPACE',''
  ) );
#425 = PCURVE('',#426,#431);
#426 = PLANE('',#427);
#427 = AXIS2_PLACEMENT_3D('',#428,#429,#430);
#428 = CARTESIAN_POINT('',(36.5,8.,18.));
#429 = DIRECTION('',(0.,1.,0.));
#430 = DIRECTION('',(0.,0.,1.));
#431 = DEFINITIONAL_REPRESENTATION('',(#432),#436);
#432 = LINE('',#433,#434);
#433 = CARTESIAN_POINT('',(12.,0.));
#434 = VECTOR('',#435,1.);
#435 = DIRECTION('',(0.,1.));
#436 = ( GEOMETRIC_REPRESENTATION_CONTEXT(2) 
PARAMETRIC_REPRESENTATION_CONTEXT() REPRESENTATION_CONTEXT('2D SPACE',''
  ) );
#437 = ORIENTED_EDGE('',*,*,#438,.F.);
#438 = EDGE_CURVE('',#439,#411,#441,.T.);
#439 = VERTEX_POINT('',#440);
#440 = CARTESIAN_POINT('',(40.,-8.,30.));
#441 = SURFACE_CURVE('',#442,(#446,#453),.PCURVE_S1.);
#442 = LINE('',#443,#444);
#443 = CARTESIAN_POINT('',(40.,-35.1,30.));
#444 = VECTOR('',#445,1.);
#445 = DIRECTION('',(0.,1.,0.));
#446 = PCURVE('',#149,#447);
#447 = DEFINITIONAL_REPRESENTATION('',(#448),#452);
#448 = LINE('',#449,#450);
#449 = CARTESIAN_POINT('',(0.,0.));
#450 = VECTOR('',#451,1.);
#451 = DIRECTION('',(0.,1.));
#452 = ( GEOMETRIC_REPRESENTATION_CONTEXT(2) 
PARAMETRIC_REPRESENTATION_CONTEXT() REPRESENTATION_CONTEXT('2D SPACE',''
  ) );
#453 = PCURVE('',#454,#459);
#454 = PLANE('',#455);
#455 = AXIS2_PLACEMENT_3D('',#456,#457,#458);
#456 = CARTESIAN_POINT('',(40.,-20.,-22.));
#457 = DIRECTION('',(1.,0.,0.));
#458 = DIRECTION('',(0.,0.,1.));
#459 = DEFINITIONAL_REPRESENTATION('',(#460),#464);
#460 = LINE('',#461,#462);
#461 = CARTESIAN_POINT('',(52.,15.1));
#462 = VECTOR('',#463,1.);
#463 = DIRECTION('',(0.,-1.));
#464 = ( GEOMETRIC_REPRESENTATION_CONTEXT(2) 
PARAMETRIC_REPRESENTATION_CONTEXT() REPRESENTATION_CONTEXT('2D SPACE',''
  ) );
#465 = ORIENTED_EDGE('',*,*,#466,.F.);
#466 = EDGE_CURVE('',#467,#439,#469,.T.);
#467 = VERTEX_POINT('',#468);
#468 = CARTESIAN_POINT('',(36.5,-8.,30.));
#469 = SURFACE_CURVE('',#470,(#474,#481),.PCURVE_S1.);
#470 = LINE('',#471,#472);
#471 = CARTESIAN_POINT('',(36.5,-8.,30.));
#472 = VECTOR('',#473,1.);
#473 = DIRECTION('',(1.,0.,0.));
#474 = PCURVE('',#149,#475);
#475 = DEFINITIONAL_REPRESENTATION('',(#476),#480);
#476 = LINE('',#477,#478);
#477 = CARTESIAN_POINT('',(-3.5,27.1));
#478 = VECTOR('',#479,1.);
#479 = DIRECTION('',(1.,0.));
#480 = ( GEOMETRIC_REPRESENTATION_CONTEXT(2) 
PARAMETRIC_REPRESENTATION_CONTEXT() REPRESENTATION_CONTEXT('2D SPACE',''
  ) );
#481 = PCURVE('',#482,#487);
#482 = PLANE('',#483);
#483 = AXIS2_PLACEMENT_3D('',#484,#485,#486);
#484 = CARTESIAN_POINT('',(36.5,-8.,18.));
#485 = DIRECTION('',(0.,1.,0.));
#486 = DIRECTION('',(0.,0.,1.));
#487 = DEFINITIONAL_REPRESENTATION('',(#488),#492);
#488 = LINE('',#489,#490);
#489 = CARTESIAN_POINT('',(12.,0.));
#490 = VECTOR('',#491,1.);
#491 = DIRECTION('',(0.,1.));
#492 = ( GEOMETRIC_REPRESENTATION_CONTEXT(2) 
PARAMETRIC_REPRESENTATION_CONTEXT() REPRESENTATION_CONTEXT('2D SPACE',''
  ) );
#493 = ORIENTED_EDGE('',*,*,#494,.F.);
#494 = EDGE_CURVE('',#495,#467,#497,.T.);
#495 = VERTEX_POINT('',#496);
#496 = CARTESIAN_POINT('',(36.5,-22.,30.));
#497 = SURFACE_CURVE('',#498,(#502,#509),.PCURVE_S1.);
#498 = LINE('',#499,#500);
#499 = CARTESIAN_POINT('',(36.5,-22.,30.));
#500 = VECTOR('',#501,1.);
#501 = DIRECTION('',(0.,1.,0.));
#502 = PCURVE('',#149,#503);
#503 = DEFINITIONAL_REPRESENTATION('',(#504),#508);
#504 = LINE('',#505,#506);
#505 = CARTESIAN_POINT('',(-3.5,13.1));
#506 = VECTOR('',#507,1.);
#507 = DIRECTION('',(0.,1.));
#508 = ( GEOMETRIC_REPRESENTATION_CONTEXT(2) 
PARAMETRIC_REPRESENTATION_CONTEXT() REPRESENTATION_CONTEXT('2D SPACE',''
  ) );
#509 = PCURVE('',#510,#515);
#510 = PLANE('',#511);
#511 = AXIS2_PLACEMENT_3D('',#512,#513,#514);
#512 = CARTESIAN_POINT('',(36.5,-22.,18.));
#513 = DIRECTION('',(1.,0.,0.));
#514 = DIRECTION('',(0.,0.,1.));
#515 = DEFINITIONAL_REPRESENTATION('',(#516),#520);
#516 = LINE('',#517,#518);
#517 = CARTESIAN_POINT('',(12.,0.));
#518 = VECTOR('',#519,1.);
#519 = DIRECTION('',(0.,-1.));
#520 = ( GEOMETRIC_REPRESENTATION_CONTEXT(2) 
PARAMETRIC_REPRESENTATION_CONTEXT() REPRESENTATION_CONTEXT('2D SPACE',''
  ) );
#521 = ORIENTED_EDGE('',*,*,#522,.T.);
#522 = EDGE_CURVE('',#495,#108,#523,.T.);
#523 = SURFACE_CURVE('',#524,(#528,#535),.PCURVE_S1.);
#524 = LINE('',#525,#526);
#525 = CARTESIAN_POINT('',(36.5,-22.,30.));
#526 = VECTOR('',#527,1.);
#527 = DIRECTION('',(1.,0.,0.));
#528 = PCURVE('',#149,#529);
#529 = DEFINITIONAL_REPRESENTATION('',(#530),#534);
#530 = LINE('',#531,#532);
#531 = CARTESIAN_POINT('',(-3.5,13.1));
#532 = VECTOR('',#533,1.);
#533 = DIRECTION('',(1.,0.));
#534 = ( GEOMETRIC_REPRESENTATION_CONTEXT(2) 
PARAMETRIC_REPRESENTATION_CONTEXT() REPRESENTATION_CONTEXT('2D SPACE',''
  ) );
#535 = PCURVE('',#123,#536);
#536 = DEFINITIONAL_REPRESENTATION('',(#537),#541);
#537 = LINE('',#538,#539);
#538 = CARTESIAN_POINT('',(12.,0.));
#539 = VECTOR('',#540,1.);
#540 = DIRECTION('',(0.,1.));
#541 = ( GEOMETRIC_REPRESENTATION_CONTEXT(2) 
PARAMETRIC_REPRESENTATION_CONTEXT() REPRESENTATION_CONTEXT('2D SPACE',''
  ) );
#542 = ADVANCED_FACE('',(#543),#123,.F.);
#543 = FACE_BOUND('',#544,.F.);
#544 = EDGE_LOOP('',(#545,#568,#589,#590));
#545 = ORIENTED_EDGE('',*,*,#546,.F.);
#546 = EDGE_CURVE('',#547,#80,#549,.T.);
#547 = VERTEX_POINT('',#548);
#548 = CARTESIAN_POINT('',(36.5,-22.,18.));
#549 = SURFACE_CURVE('',#550,(#554,#561),.PCURVE_S1.);
#550 = LINE('',#551,#552);
#551 = CARTESIAN_POINT('',(36.5,-22.,18.));
#552 = VECTOR('',#553,1.);
#553 = DIRECTION('',(1.,0.,0.));
#554 = PCURVE('',#123,#555);
#555 = DEFINITIONAL_REPRESENTATION('',(#556),#560);
#556 = LINE('',#557,#558);
#557 = CARTESIAN_POINT('',(0.,0.));
#558 = VECTOR('',#559,1.);
#559 = DIRECTION('',(0.,1.));
#560 = ( GEOMETRIC_REPRESENTATION_CONTEXT(2) 
PARAMETRIC_REPRESENTATION_CONTEXT() REPRESENTATION_CONTEXT('2D SPACE',''
  ) );
#561 = PCURVE('',#95,#562);
#562 = DEFINITIONAL_REPRESENTATION('',(#563),#567);
#563 = LINE('',#564,#565);
#564 = CARTESIAN_POINT('',(-3.5,13.1));
#565 = VECTOR('',#566,1.);
#566 = DIRECTION('',(1.,0.));
#567 = ( GEOMETRIC_REPRESENTATION_CONTEXT(2) 
PARAMETRIC_REPRESENTATION_CONTEXT() REPRESENTATION_CONTEXT('2D SPACE',''
  ) );
#568 = ORIENTED_EDGE('',*,*,#569,.T.);
#569 = EDGE_CURVE('',#547,#495,#570,.T.);
#570 = SURFACE_CURVE('',#571,(#575,#582),.PCURVE_S1.);
#571 = LINE('',#572,#573);
#572 = CARTESIAN_POINT('',(36.5,-22.,18.));
#573 = VECTOR('',#574,1.);
#574 = DIRECTION('',(0.,0.,1.));
#575 = PCURVE('',#123,#576);
#576 = DEFINITIONAL_REPRESENTATION('',(#577),#581);
#577 = LINE('',#578,#579);
#578 = CARTESIAN_POINT('',(0.,0.));
#579 = VECTOR('',#580,1.);
#580 = DIRECTION('',(1.,0.));
#581 = ( GEOMETRIC_REPRESENTATION_CONTEXT(2) 
PARAMETRIC_REPRESENTATION_CONTEXT() REPRESENTATION_CONTEXT('2D SPACE',''
  ) );
#582 = PCURVE('',#510,#583);
#583 = DEFINITIONAL_REPRESENTATION('',(#584),#588);
#584 = LINE('',#585,#586);
#585 = CARTESIAN_POINT('',(0.,0.));
#586 = VECTOR('',#587,1.);
#587 = DIRECTION('',(1.,0.));
#588 = ( GEOMETRIC_REPRESENTATION_CONTEXT(2) 
PARAMETRIC_REPRESENTATION_CONTEXT() REPRESENTATION_CONTEXT('2D SPACE',''
  ) );
#589 = ORIENTED_EDGE('',*,*,#522,.T.);
#590 = ORIENTED_EDGE('',*,*,#107,.F.);
#591 = ADVANCED_FACE('',(#592),#95,.F.);
#592 = FACE_BOUND('',#593,.F.);
#593 = EDGE_LOOP('',(#594,#595,#596,#619,#645,#667,#690,#711));
#594 = ORIENTED_EDGE('',*,*,#79,.F.);
#595 = ORIENTED_EDGE('',*,*,#196,.T.);
#596 = ORIENTED_EDGE('',*,*,#597,.T.);
#597 = EDGE_CURVE('',#197,#598,#600,.T.);
#598 = VERTEX_POINT('',#599);
#599 = CARTESIAN_POINT('',(44.,-20.,18.));
#600 = SURFACE_CURVE('',#601,(#605,#612),.PCURVE_S1.);
#601 = LINE('',#602,#603);
#602 = CARTESIAN_POINT('',(44.,-35.1,18.));
#603 = VECTOR('',#604,1.);
#604 = DIRECTION('',(0.,1.,0.));
#605 = PCURVE('',#95,#606);
#606 = DEFINITIONAL_REPRESENTATION('',(#607),#611);
#607 = LINE('',#608,#609);
#608 = CARTESIAN_POINT('',(4.,0.));
#609 = VECTOR('',#610,1.);
#610 = DIRECTION('',(0.,1.));
#611 = ( GEOMETRIC_REPRESENTATION_CONTEXT(2) 
PARAMETRIC_REPRESENTATION_CONTEXT() REPRESENTATION_CONTEXT('2D SPACE',''
  ) );
#612 = PCURVE('',#235,#613);
#613 = DEFINITIONAL_REPRESENTATION('',(#614),#618);
#614 = LINE('',#615,#616);
#615 = CARTESIAN_POINT('',(6.,0.));
#616 = VECTOR('',#617,1.);
#617 = DIRECTION('',(0.,1.));
#618 = ( GEOMETRIC_REPRESENTATION_CONTEXT(2) 
PARAMETRIC_REPRESENTATION_CONTEXT() REPRESENTATION_CONTEXT('2D SPACE',''
  ) );
#619 = ORIENTED_EDGE('',*,*,#620,.T.);
#620 = EDGE_CURVE('',#598,#621,#623,.T.);
#621 = VERTEX_POINT('',#622);
#622 = CARTESIAN_POINT('',(40.,-20.,18.));
#623 = SURFACE_CURVE('',#624,(#628,#634),.PCURVE_S1.);
#624 = LINE('',#625,#626);
#625 = CARTESIAN_POINT('',(40.,-20.,18.));
#626 = VECTOR('',#627,1.);
#627 = DIRECTION('',(-1.,0.,0.));
#628 = PCURVE('',#95,#629);
#629 = DEFINITIONAL_REPRESENTATION('',(#630),#633);
#630 = B_SPLINE_CURVE_WITH_KNOTS('',1,(#631,#632),.UNSPECIFIED.,.F.,.F.,
  (2,2),(-4.,0.),.PIECEWISE_BEZIER_KNOTS.);
#631 = CARTESIAN_POINT('',(4.,15.1));
#632 = CARTESIAN_POINT('',(0.,15.1));
#633 = ( GEOMETRIC_REPRESENTATION_CONTEXT(2) 
PARAMETRIC_REPRESENTATION_CONTEXT() REPRESENTATION_CONTEXT('2D SPACE',''
  ) );
#634 = PCURVE('',#635,#640);
#635 = PLANE('',#636);
#636 = AXIS2_PLACEMENT_3D('',#637,#638,#639);
#637 = CARTESIAN_POINT('',(40.,-20.,-22.));
#638 = DIRECTION('',(0.,1.,0.));
#639 = DIRECTION('',(0.,0.,1.));
#640 = DEFINITIONAL_REPRESENTATION('',(#641),#644);
#641 = B_SPLINE_CURVE_WITH_KNOTS('',1,(#642,#643),.UNSPECIFIED.,.F.,.F.,
  (2,2),(-4.,0.),.PIECEWISE_BEZIER_KNOTS.);
#642 = CARTESIAN_POINT('',(40.,4.));
#643 = CARTESIAN_POINT('',(40.,0.));
#644 = ( GEOMETRIC_REPRESENTATION_CONTEXT(2) 
PARAMETRIC_REPRESENTATION_CONTEXT() REPRESENTATION_CONTEXT('2D SPACE',''
  ) );
#645 = ORIENTED_EDGE('',*,*,#646,.T.);
#646 = EDGE_CURVE('',#621,#647,#649,.T.);
#647 = VERTEX_POINT('',#648);
#648 = CARTESIAN_POINT('',(40.,-8.,18.));
#649 = SURFACE_CURVE('',#650,(#654,#660),.PCURVE_S1.);
#650 = LINE('',#651,#652);
#651 = CARTESIAN_POINT('',(40.,-27.55,18.));
#652 = VECTOR('',#653,1.);
#653 = DIRECTION('',(0.,1.,0.));
#654 = PCURVE('',#95,#655);
#655 = DEFINITIONAL_REPRESENTATION('',(#656),#659);
#656 = B_SPLINE_CURVE_WITH_KNOTS('',1,(#657,#658),.UNSPECIFIED.,.F.,.F.,
  (2,2),(7.55,47.55),.PIECEWISE_BEZIER_KNOTS.);
#657 = CARTESIAN_POINT('',(0.,15.1));
#658 = CARTESIAN_POINT('',(0.,55.1));
#659 = ( GEOMETRIC_REPRESENTATION_CONTEXT(2) 
PARAMETRIC_REPRESENTATION_CONTEXT() REPRESENTATION_CONTEXT('2D SPACE',''
  ) );
#660 = PCURVE('',#454,#661);
#661 = DEFINITIONAL_REPRESENTATION('',(#662),#666);
#662 = LINE('',#663,#664);
#663 = CARTESIAN_POINT('',(40.,7.55));
#664 = VECTOR('',#665,1.);
#665 = DIRECTION('',(0.,-1.));
#666 = ( GEOMETRIC_REPRESENTATION_CONTEXT(2) 
PARAMETRIC_REPRESENTATION_CONTEXT() REPRESENTATION_CONTEXT('2D SPACE',''
  ) );
#667 = ORIENTED_EDGE('',*,*,#668,.F.);
#668 = EDGE_CURVE('',#669,#647,#671,.T.);
#669 = VERTEX_POINT('',#670);
#670 = CARTESIAN_POINT('',(36.5,-8.,18.));
#671 = SURFACE_CURVE('',#672,(#676,#683),.PCURVE_S1.);
#672 = LINE('',#673,#674);
#673 = CARTESIAN_POINT('',(36.5,-8.,18.));
#674 = VECTOR('',#675,1.);
#675 = DIRECTION('',(1.,0.,0.));
#676 = PCURVE('',#95,#677);
#677 = DEFINITIONAL_REPRESENTATION('',(#678),#682);
#678 = LINE('',#679,#680);
#679 = CARTESIAN_POINT('',(-3.5,27.1));
#680 = VECTOR('',#681,1.);
#681 = DIRECTION('',(1.,0.));
#682 = ( GEOMETRIC_REPRESENTATION_CONTEXT(2) 
PARAMETRIC_REPRESENTATION_CONTEXT() REPRESENTATION_CONTEXT('2D SPACE',''
  ) );
#683 = PCURVE('',#482,#684);
#684 = DEFINITIONAL_REPRESENTATION('',(#685),#689);
#685 = LINE('',#686,#687);
#686 = CARTESIAN_POINT('',(0.,0.));
#687 = VECTOR('',#688,1.);
#688 = DIRECTION('',(0.,1.));
#689 = ( GEOMETRIC_REPRESENTATION_CONTEXT(2) 
PARAMETRIC_REPRESENTATION_CONTEXT() REPRESENTATION_CONTEXT('2D SPACE',''
  ) );
#690 = ORIENTED_EDGE('',*,*,#691,.F.);
#691 = EDGE_CURVE('',#547,#669,#692,.T.);
#692 = SURFACE_CURVE('',#693,(#697,#704),.PCURVE_S1.);
#693 = LINE('',#694,#695);
#694 = CARTESIAN_POINT('',(36.5,-22.,18.));
#695 = VECTOR('',#696,1.);
#696 = DIRECTION('',(0.,1.,0.));
#697 = PCURVE('',#95,#698);
#698 = DEFINITIONAL_REPRESENTATION('',(#699),#703);
#699 = LINE('',#700,#701);
#700 = CARTESIAN_POINT('',(-3.5,13.1));
#701 = VECTOR('',#702,1.);
#702 = DIRECTION('',(0.,1.));
#703 = ( GEOMETRIC_REPRESENTATION_CONTEXT(2) 
PARAMETRIC_REPRESENTATION_CONTEXT() REPRESENTATION_CONTEXT('2D SPACE',''
  ) );
#704 = PCURVE('',#510,#705);
#705 = DEFINITIONAL_REPRESENTATION('',(#706),#710);
#706 = LINE('',#707,#708);
#707 = CARTESIAN_POINT('',(0.,0.));
#708 = VECTOR('',#709,1.);
#709 = DIRECTION('',(0.,-1.));
#710 = ( GEOMETRIC_REPRESENTATION_CONTEXT(2) 
PARAMETRIC_REPRESENTATION_CONTEXT() REPRESENTATION_CONTEXT('2D SPACE',''
  ) );
#711 = ORIENTED_EDGE('',*,*,#546,.T.);
#712 = ADVANCED_FACE('',(#713),#180,.F.);
#713 = FACE_BOUND('',#714,.F.);
#714 = EDGE_LOOP('',(#715,#739,#760,#761));
#715 = ORIENTED_EDGE('',*,*,#716,.F.);
#716 = EDGE_CURVE('',#717,#717,#719,.T.);
#717 = VERTEX_POINT('',#718);
#718 = CARTESIAN_POINT('',(44.,-35.1,21.75));
#719 = SURFACE_CURVE('',#720,(#725,#732),.PCURVE_S1.);
#720 = CIRCLE('',#721,2.25);
#721 = AXIS2_PLACEMENT_3D('',#722,#723,#724);
#722 = CARTESIAN_POINT('',(44.,-35.1,24.));
#723 = DIRECTION('',(1.,0.,2.22044604925E-16));
#724 = DIRECTION('',(2.22044604925E-16,0.,-1.));
#725 = PCURVE('',#180,#726);
#726 = DEFINITIONAL_REPRESENTATION('',(#727),#731);
#727 = LINE('',#728,#729);
#728 = CARTESIAN_POINT('',(0.,5.));
#729 = VECTOR('',#730,1.);
#730 = DIRECTION('',(1.,0.));
#731 = ( GEOMETRIC_REPRESENTATION_CONTEXT(2) 
PARAMETRIC_REPRESENTATION_CONTEXT() REPRESENTATION_CONTEXT('2D SPACE',''
  ) );
#732 = PCURVE('',#235,#733);
#733 = DEFINITIONAL_REPRESENTATION('',(#734),#738);
#734 = CIRCLE('',#735,2.25);
#735 = AXIS2_PLACEMENT_2D('',#736,#737);
#736 = CARTESIAN_POINT('',(0.,0.));
#737 = DIRECTION('',(1.,0.));
#738 = ( GEOMETRIC_REPRESENTATION_CONTEXT(2) 
PARAMETRIC_REPRESENTATION_CONTEXT() REPRESENTATION_CONTEXT('2D SPACE',''
  ) );
#739 = ORIENTED_EDGE('',*,*,#740,.F.);
#740 = EDGE_CURVE('',#164,#717,#741,.T.);
#741 = SEAM_CURVE('',#742,(#746,#753),.PCURVE_S1.);
#742 = LINE('',#743,#744);
#743 = CARTESIAN_POINT('',(39.,-35.1,21.75));
#744 = VECTOR('',#745,1.);
#745 = DIRECTION('',(1.,0.,2.22044604925E-16));
#746 = PCURVE('',#180,#747);
#747 = DEFINITIONAL_REPRESENTATION('',(#748),#752);
#748 = LINE('',#749,#750);
#749 = CARTESIAN_POINT('',(6.28318530718,0.));
#750 = VECTOR('',#751,1.);
#751 = DIRECTION('',(0.,1.));
#752 = ( GEOMETRIC_REPRESENTATION_CONTEXT(2) 
PARAMETRIC_REPRESENTATION_CONTEXT() REPRESENTATION_CONTEXT('2D SPACE',''
  ) );
#753 = PCURVE('',#180,#754);
#754 = DEFINITIONAL_REPRESENTATION('',(#755),#759);
#755 = LINE('',#756,#757);
#756 = CARTESIAN_POINT('',(0.,0.));
#757 = VECTOR('',#758,1.);
#758 = DIRECTION('',(0.,1.));
#759 = ( GEOMETRIC_REPRESENTATION_CONTEXT(2) 
PARAMETRIC_REPRESENTATION_CONTEXT() REPRESENTATION_CONTEXT('2D SPACE',''
  ) );
#760 = ORIENTED_EDGE('',*,*,#163,.T.);
#761 = ORIENTED_EDGE('',*,*,#740,.T.);
#762 = ADVANCED_FACE('',(#763,#897,#900),#235,.T.);
#763 = FACE_BOUND('',#764,.T.);
#764 = EDGE_LOOP('',(#765,#766,#767,#790,#818,#846,#874,#896));
#765 = ORIENTED_EDGE('',*,*,#218,.F.);
#766 = ORIENTED_EDGE('',*,*,#597,.T.);
#767 = ORIENTED_EDGE('',*,*,#768,.F.);
#768 = EDGE_CURVE('',#769,#598,#771,.T.);
#769 = VERTEX_POINT('',#770);
#770 = CARTESIAN_POINT('',(44.,-20.,2.));
#771 = SURFACE_CURVE('',#772,(#776,#783),.PCURVE_S1.);
#772 = LINE('',#773,#774);
#773 = CARTESIAN_POINT('',(44.,-20.,-22.));
#774 = VECTOR('',#775,1.);
#775 = DIRECTION('',(0.,0.,1.));
#776 = PCURVE('',#235,#777);
#777 = DEFINITIONAL_REPRESENTATION('',(#778),#782);
#778 = LINE('',#779,#780);
#779 = CARTESIAN_POINT('',(46.,15.1));
#780 = VECTOR('',#781,1.);
#781 = DIRECTION('',(-1.,0.));
#782 = ( GEOMETRIC_REPRESENTATION_CONTEXT(2) 
PARAMETRIC_REPRESENTATION_CONTEXT() REPRESENTATION_CONTEXT('2D SPACE',''
  ) );
#783 = PCURVE('',#635,#784);
#784 = DEFINITIONAL_REPRESENTATION('',(#785),#789);
#785 = LINE('',#786,#787);
#786 = CARTESIAN_POINT('',(0.,4.));
#787 = VECTOR('',#788,1.);
#788 = DIRECTION('',(1.,0.));
#789 = ( GEOMETRIC_REPRESENTATION_CONTEXT(2) 
PARAMETRIC_REPRESENTATION_CONTEXT() REPRESENTATION_CONTEXT('2D SPACE',''
  ) );
#790 = ORIENTED_EDGE('',*,*,#791,.T.);
#791 = EDGE_CURVE('',#769,#792,#794,.T.);
#792 = VERTEX_POINT('',#793);
#793 = CARTESIAN_POINT('',(44.,20.,2.));
#794 = SURFACE_CURVE('',#795,(#799,#806),.PCURVE_S1.);
#795 = LINE('',#796,#797);
#796 = CARTESIAN_POINT('',(44.,5.916456789158E-31,2.));
#797 = VECTOR('',#798,1.);
#798 = DIRECTION('',(2.22044604925E-16,1.,0.));
#799 = PCURVE('',#235,#800);
#800 = DEFINITIONAL_REPRESENTATION('',(#801),#805);
#801 = LINE('',#802,#803);
#802 = CARTESIAN_POINT('',(22.,35.1));
#803 = VECTOR('',#804,1.);
#804 = DIRECTION('',(4.930380657631E-32,1.));
#805 = ( GEOMETRIC_REPRESENTATION_CONTEXT(2) 
PARAMETRIC_REPRESENTATION_CONTEXT() REPRESENTATION_CONTEXT('2D SPACE',''
  ) );
#806 = PCURVE('',#807,#812);
#807 = PLANE('',#808);
#808 = AXIS2_PLACEMENT_3D('',#809,#810,#811);
#809 = CARTESIAN_POINT('',(44.,-36.5,2.));
#810 = DIRECTION('',(-2.22044604925E-16,4.930380657631E-32,1.));
#811 = DIRECTION('',(2.22044604925E-16,1.,0.));
#812 = DEFINITIONAL_REPRESENTATION('',(#813),#817);
#813 = LINE('',#814,#815);
#814 = CARTESIAN_POINT('',(36.5,0.));
#815 = VECTOR('',#816,1.);
#816 = DIRECTION('',(1.,0.));
#817 = ( GEOMETRIC_REPRESENTATION_CONTEXT(2) 
PARAMETRIC_REPRESENTATION_CONTEXT() REPRESENTATION_CONTEXT('2D SPACE',''
  ) );
#818 = ORIENTED_EDGE('',*,*,#819,.T.);
#819 = EDGE_CURVE('',#792,#820,#822,.T.);
#820 = VERTEX_POINT('',#821);
#821 = CARTESIAN_POINT('',(44.,20.,18.));
#822 = SURFACE_CURVE('',#823,(#827,#834),.PCURVE_S1.);
#823 = LINE('',#824,#825);
#824 = CARTESIAN_POINT('',(44.,20.,-22.));
#825 = VECTOR('',#826,1.);
#826 = DIRECTION('',(0.,0.,1.));
#827 = PCURVE('',#235,#828);
#828 = DEFINITIONAL_REPRESENTATION('',(#829),#833);
#829 = LINE('',#830,#831);
#830 = CARTESIAN_POINT('',(46.,55.1));
#831 = VECTOR('',#832,1.);
#832 = DIRECTION('',(-1.,0.));
#833 = ( GEOMETRIC_REPRESENTATION_CONTEXT(2) 
PARAMETRIC_REPRESENTATION_CONTEXT() REPRESENTATION_CONTEXT('2D SPACE',''
  ) );
#834 = PCURVE('',#835,#840);
#835 = PLANE('',#836);
#836 = AXIS2_PLACEMENT_3D('',#837,#838,#839);
#837 = CARTESIAN_POINT('',(40.,20.,-22.));
#838 = DIRECTION('',(0.,1.,0.));
#839 = DIRECTION('',(0.,0.,1.));
#840 = DEFINITIONAL_REPRESENTATION('',(#841),#845);
#841 = LINE('',#842,#843);
#842 = CARTESIAN_POINT('',(0.,4.));
#843 = VECTOR('',#844,1.);
#844 = DIRECTION('',(1.,0.));
#845 = ( GEOMETRIC_REPRESENTATION_CONTEXT(2) 
PARAMETRIC_REPRESENTATION_CONTEXT() REPRESENTATION_CONTEXT('2D SPACE',''
  ) );
#846 = ORIENTED_EDGE('',*,*,#847,.T.);
#847 = EDGE_CURVE('',#820,#848,#850,.T.);
#848 = VERTEX_POINT('',#849);
#849 = CARTESIAN_POINT('',(44.,31.494448724536,18.));
#850 = SURFACE_CURVE('',#851,(#855,#862),.PCURVE_S1.);
#851 = LINE('',#852,#853);
#852 = CARTESIAN_POINT('',(44.,-35.1,18.));
#853 = VECTOR('',#854,1.);
#854 = DIRECTION('',(0.,1.,0.));
#855 = PCURVE('',#235,#856);
#856 = DEFINITIONAL_REPRESENTATION('',(#857),#861);
#857 = LINE('',#858,#859);
#858 = CARTESIAN_POINT('',(6.,0.));
#859 = VECTOR('',#860,1.);
#860 = DIRECTION('',(0.,1.));
#861 = ( GEOMETRIC_REPRESENTATION_CONTEXT(2) 
PARAMETRIC_REPRESENTATION_CONTEXT() REPRESENTATION_CONTEXT('2D SPACE',''
  ) );
#862 = PCURVE('',#863,#868);
#863 = PLANE('',#864);
#864 = AXIS2_PLACEMENT_3D('',#865,#866,#867);
#865 = CARTESIAN_POINT('',(40.,-35.1,18.));
#866 = DIRECTION('',(0.,0.,1.));
#867 = DIRECTION('',(1.,0.,0.));
#868 = DEFINITIONAL_REPRESENTATION('',(#869),#873);
#869 = LINE('',#870,#871);
#870 = CARTESIAN_POINT('',(4.,0.));
#871 = VECTOR('',#872,1.);
#872 = DIRECTION('',(0.,1.));
#873 = ( GEOMETRIC_REPRESENTATION_CONTEXT(2) 
PARAMETRIC_REPRESENTATION_CONTEXT() REPRESENTATION_CONTEXT('2D SPACE',''
  ) );
#874 = ORIENTED_EDGE('',*,*,#875,.T.);
#875 = EDGE_CURVE('',#848,#277,#876,.T.);
#876 = SURFACE_CURVE('',#877,(#882,#889),.PCURVE_S1.);
#877 = CIRCLE('',#878,7.);
#878 = AXIS2_PLACEMENT_3D('',#879,#880,#881);
#879 = CARTESIAN_POINT('',(44.,35.1,24.));
#880 = DIRECTION('',(1.,0.,0.));
#881 = DIRECTION('',(0.,-0.515078753638,-0.857142857143));
#882 = PCURVE('',#235,#883);
#883 = DEFINITIONAL_REPRESENTATION('',(#884),#888);
#884 = CIRCLE('',#885,7.);
#885 = AXIS2_PLACEMENT_2D('',#886,#887);
#886 = CARTESIAN_POINT('',(0.,70.2));
#887 = DIRECTION('',(0.857142857143,-0.515078753638));
#888 = ( GEOMETRIC_REPRESENTATION_CONTEXT(2) 
PARAMETRIC_REPRESENTATION_CONTEXT() REPRESENTATION_CONTEXT('2D SPACE',''
  ) );
#889 = PCURVE('',#315,#890);
#890 = DEFINITIONAL_REPRESENTATION('',(#891),#895);
#891 = LINE('',#892,#893);
#892 = CARTESIAN_POINT('',(5.742085781222,4.));
#893 = VECTOR('',#894,1.);
#894 = DIRECTION('',(1.,0.));
#895 = ( GEOMETRIC_REPRESENTATION_CONTEXT(2) 
PARAMETRIC_REPRESENTATION_CONTEXT() REPRESENTATION_CONTEXT('2D SPACE',''
  ) );
#896 = ORIENTED_EDGE('',*,*,#276,.F.);
#897 = FACE_BOUND('',#898,.T.);
#898 = EDGE_LOOP('',(#899));
#899 = ORIENTED_EDGE('',*,*,#716,.F.);
#900 = FACE_BOUND('',#901,.T.);
#901 = EDGE_LOOP('',(#902));
#902 = ORIENTED_EDGE('',*,*,#903,.F.);
#903 = EDGE_CURVE('',#904,#904,#906,.T.);
#904 = VERTEX_POINT('',#905);
#905 = CARTESIAN_POINT('',(44.,35.1,21.75));
#906 = SURFACE_CURVE('',#907,(#912,#919),.PCURVE_S1.);
#907 = CIRCLE('',#908,2.25);
#908 = AXIS2_PLACEMENT_3D('',#909,#910,#911);
#909 = CARTESIAN_POINT('',(44.,35.1,24.));
#910 = DIRECTION('',(1.,0.,2.22044604925E-16));
#911 = DIRECTION('',(2.22044604925E-16,0.,-1.));
#912 = PCURVE('',#235,#913);
#913 = DEFINITIONAL_REPRESENTATION('',(#914),#918);
#914 = CIRCLE('',#915,2.25);
#915 = AXIS2_PLACEMENT_2D('',#916,#917);
#916 = CARTESIAN_POINT('',(0.,70.2));
#917 = DIRECTION('',(1.,0.));
#918 = ( GEOMETRIC_REPRESENTATION_CONTEXT(2) 
PARAMETRIC_REPRESENTATION_CONTEXT() REPRESENTATION_CONTEXT('2D SPACE',''
  ) );
#919 = PCURVE('',#920,#925);
#920 = CYLINDRICAL_SURFACE('',#921,2.25);
#921 = AXIS2_PLACEMENT_3D('',#922,#923,#924);
#922 = CARTESIAN_POINT('',(39.,35.1,24.));
#923 = DIRECTION('',(1.,0.,2.22044604925E-16));
#924 = DIRECTION('',(2.22044604925E-16,0.,-1.));
#925 = DEFINITIONAL_REPRESENTATION('',(#926),#930);
#926 = LINE('',#927,#928);
#927 = CARTESIAN_POINT('',(0.,5.));
#928 = VECTOR('',#929,1.);
#929 = DIRECTION('',(1.,0.));
#930 = ( GEOMETRIC_REPRESENTATION_CONTEXT(2) 
PARAMETRIC_REPRESENTATION_CONTEXT() REPRESENTATION_CONTEXT('2D SPACE',''
  ) );
#931 = ADVANCED_FACE('',(#932),#315,.T.);
#932 = FACE_BOUND('',#933,.T.);
#933 = EDGE_LOOP('',(#934,#935,#957,#983));
#934 = ORIENTED_EDGE('',*,*,#875,.F.);
#935 = ORIENTED_EDGE('',*,*,#936,.F.);
#936 = EDGE_CURVE('',#937,#848,#939,.T.);
#937 = VERTEX_POINT('',#938);
#938 = CARTESIAN_POINT('',(40.,31.494448724536,18.));
#939 = SURFACE_CURVE('',#940,(#944,#950),.PCURVE_S1.);
#940 = LINE('',#941,#942);
#941 = CARTESIAN_POINT('',(40.,31.494448724536,18.));
#942 = VECTOR('',#943,1.);
#943 = DIRECTION('',(1.,0.,2.22044604925E-16));
#944 = PCURVE('',#315,#945);
#945 = DEFINITIONAL_REPRESENTATION('',(#946),#949);
#946 = B_SPLINE_CURVE_WITH_KNOTS('',1,(#947,#948),.UNSPECIFIED.,.F.,.F.,
  (2,2),(-5.522026336547E-30,4.),.PIECEWISE_BEZIER_KNOTS.);
#947 = CARTESIAN_POINT('',(5.742085781222,-1.33226762955E-15));
#948 = CARTESIAN_POINT('',(5.742085781222,4.));
#949 = ( GEOMETRIC_REPRESENTATION_CONTEXT(2) 
PARAMETRIC_REPRESENTATION_CONTEXT() REPRESENTATION_CONTEXT('2D SPACE',''
  ) );
#950 = PCURVE('',#863,#951);
#951 = DEFINITIONAL_REPRESENTATION('',(#952),#956);
#952 = LINE('',#953,#954);
#953 = CARTESIAN_POINT('',(0.,66.594448724536));
#954 = VECTOR('',#955,1.);
#955 = DIRECTION('',(1.,0.));
#956 = ( GEOMETRIC_REPRESENTATION_CONTEXT(2) 
PARAMETRIC_REPRESENTATION_CONTEXT() REPRESENTATION_CONTEXT('2D SPACE',''
  ) );
#957 = ORIENTED_EDGE('',*,*,#958,.F.);
#958 = EDGE_CURVE('',#300,#937,#959,.T.);
#959 = SURFACE_CURVE('',#960,(#965,#972),.PCURVE_S1.);
#960 = CIRCLE('',#961,7.);
#961 = AXIS2_PLACEMENT_3D('',#962,#963,#964);
#962 = CARTESIAN_POINT('',(40.,35.1,24.));
#963 = DIRECTION('',(-1.,0.,0.));
#964 = DIRECTION('',(0.,-0.515078753638,0.857142857143));
#965 = PCURVE('',#315,#966);
#966 = DEFINITIONAL_REPRESENTATION('',(#967),#971);
#967 = LINE('',#968,#969);
#968 = CARTESIAN_POINT('',(9.965877486726,0.));
#969 = VECTOR('',#970,1.);
#970 = DIRECTION('',(-1.,0.));
#971 = ( GEOMETRIC_REPRESENTATION_CONTEXT(2) 
PARAMETRIC_REPRESENTATION_CONTEXT() REPRESENTATION_CONTEXT('2D SPACE',''
  ) );
#972 = PCURVE('',#342,#973);
#973 = DEFINITIONAL_REPRESENTATION('',(#974),#982);
#974 = ( BOUNDED_CURVE() B_SPLINE_CURVE(2,(#975,#976,#977,#978,#979,#980
,#981),.UNSPECIFIED.,.T.,.F.) B_SPLINE_CURVE_WITH_KNOTS((1,2,2,2,2,1),(
    -2.094395102393,0.,2.094395102393,4.188790204786,6.28318530718,
8.377580409573),.UNSPECIFIED.) CURVE() GEOMETRIC_REPRESENTATION_ITEM() 
RATIONAL_B_SPLINE_CURVE((1.,0.5,1.,0.5,1.,0.5,1.)) REPRESENTATION_ITEM(
  '') );
#975 = CARTESIAN_POINT('',(12.,-66.59444872453));
#976 = CARTESIAN_POINT('',(18.244997998398,-76.98675356995));
#977 = CARTESIAN_POINT('',(6.122498999199,-77.19892806043));
#978 = CARTESIAN_POINT('',(-6.,-77.41110255092));
#979 = CARTESIAN_POINT('',(-0.122498999199,-66.80662321502));
#980 = CARTESIAN_POINT('',(5.755002001603,-56.20214387912));
#981 = CARTESIAN_POINT('',(12.,-66.59444872453));
#982 = ( GEOMETRIC_REPRESENTATION_CONTEXT(2) 
PARAMETRIC_REPRESENTATION_CONTEXT() REPRESENTATION_CONTEXT('2D SPACE',''
  ) );
#983 = ORIENTED_EDGE('',*,*,#299,.T.);
#984 = ADVANCED_FACE('',(#985,#1033),#342,.F.);
#985 = FACE_BOUND('',#986,.F.);
#986 = EDGE_LOOP('',(#987,#988,#1011,#1032));
#987 = ORIENTED_EDGE('',*,*,#326,.F.);
#988 = ORIENTED_EDGE('',*,*,#989,.F.);
#989 = EDGE_CURVE('',#990,#327,#992,.T.);
#990 = VERTEX_POINT('',#991);
#991 = CARTESIAN_POINT('',(40.,22.,18.));
#992 = SURFACE_CURVE('',#993,(#997,#1004),.PCURVE_S1.);
#993 = LINE('',#994,#995);
#994 = CARTESIAN_POINT('',(40.,22.,18.));
#995 = VECTOR('',#996,1.);
#996 = DIRECTION('',(0.,0.,1.));
#997 = PCURVE('',#342,#998);
#998 = DEFINITIONAL_REPRESENTATION('',(#999),#1003);
#999 = LINE('',#1000,#1001);
#1000 = CARTESIAN_POINT('',(0.,-57.1));
#1001 = VECTOR('',#1002,1.);
#1002 = DIRECTION('',(1.,0.));
#1003 = ( GEOMETRIC_REPRESENTATION_CONTEXT(2) 
PARAMETRIC_REPRESENTATION_CONTEXT() REPRESENTATION_CONTEXT('2D SPACE',''
  ) );
#1004 = PCURVE('',#370,#1005);
#1005 = DEFINITIONAL_REPRESENTATION('',(#1006),#1010);
#1006 = LINE('',#1007,#1008);
#1007 = CARTESIAN_POINT('',(0.,3.5));
#1008 = VECTOR('',#1009,1.);
#1009 = DIRECTION('',(1.,0.));
#1010 = ( GEOMETRIC_REPRESENTATION_CONTEXT(2) 
PARAMETRIC_REPRESENTATION_CONTEXT() REPRESENTATION_CONTEXT('2D SPACE',''
  ) );
#1011 = ORIENTED_EDGE('',*,*,#1012,.T.);
#1012 = EDGE_CURVE('',#990,#937,#1013,.T.);
#1013 = SURFACE_CURVE('',#1014,(#1018,#1025),.PCURVE_S1.);
#1014 = LINE('',#1015,#1016);
#1015 = CARTESIAN_POINT('',(40.,-35.1,18.));
#1016 = VECTOR('',#1017,1.);
#1017 = DIRECTION('',(0.,1.,0.));
#1018 = PCURVE('',#342,#1019);
#1019 = DEFINITIONAL_REPRESENTATION('',(#1020),#1024);
#1020 = LINE('',#1021,#1022);
#1021 = CARTESIAN_POINT('',(0.,0.));
#1022 = VECTOR('',#1023,1.);
#1023 = DIRECTION('',(0.,-1.));
#1024 = ( GEOMETRIC_REPRESENTATION_CONTEXT(2) 
PARAMETRIC_REPRESENTATION_CONTEXT() REPRESENTATION_CONTEXT('2D SPACE',''
  ) );
#1025 = PCURVE('',#863,#1026);
#1026 = DEFINITIONAL_REPRESENTATION('',(#1027),#1031);
#1027 = LINE('',#1028,#1029);
#1028 = CARTESIAN_POINT('',(0.,0.));
#1029 = VECTOR('',#1030,1.);
#1030 = DIRECTION('',(0.,1.));
#1031 = ( GEOMETRIC_REPRESENTATION_CONTEXT(2) 
PARAMETRIC_REPRESENTATION_CONTEXT() REPRESENTATION_CONTEXT('2D SPACE',''
  ) );
#1032 = ORIENTED_EDGE('',*,*,#958,.F.);
#1033 = FACE_BOUND('',#1034,.F.);
#1034 = EDGE_LOOP('',(#1035));
#1035 = ORIENTED_EDGE('',*,*,#1036,.F.);
#1036 = EDGE_CURVE('',#1037,#1037,#1039,.T.);
#1037 = VERTEX_POINT('',#1038);
#1038 = CARTESIAN_POINT('',(40.,35.1,21.75));
#1039 = SURFACE_CURVE('',#1040,(#1045,#1052),.PCURVE_S1.);
#1040 = CIRCLE('',#1041,2.25);
#1041 = AXIS2_PLACEMENT_3D('',#1042,#1043,#1044);
#1042 = CARTESIAN_POINT('',(40.,35.1,24.));
#1043 = DIRECTION('',(1.,0.,2.22044604925E-16));
#1044 = DIRECTION('',(2.22044604925E-16,0.,-1.));
#1045 = PCURVE('',#342,#1046);
#1046 = DEFINITIONAL_REPRESENTATION('',(#1047),#1051);
#1047 = CIRCLE('',#1048,2.25);
#1048 = AXIS2_PLACEMENT_2D('',#1049,#1050);
#1049 = CARTESIAN_POINT('',(6.,-70.2));
#1050 = DIRECTION('',(-1.,0.));
#1051 = ( GEOMETRIC_REPRESENTATION_CONTEXT(2) 
PARAMETRIC_REPRESENTATION_CONTEXT() REPRESENTATION_CONTEXT('2D SPACE',''
  ) );
#1052 = PCURVE('',#920,#1053);
#1053 = DEFINITIONAL_REPRESENTATION('',(#1054),#1058);
#1054 = LINE('',#1055,#1056);
#1055 = CARTESIAN_POINT('',(0.,1.));
#1056 = VECTOR('',#1057,1.);
#1057 = DIRECTION('',(1.,0.));
#1058 = ( GEOMETRIC_REPRESENTATION_CONTEXT(2) 
PARAMETRIC_REPRESENTATION_CONTEXT() REPRESENTATION_CONTEXT('2D SPACE',''
  ) );
#1059 = ADVANCED_FACE('',(#1060),#370,.T.);
#1060 = FACE_BOUND('',#1061,.T.);
#1061 = EDGE_LOOP('',(#1062,#1085,#1106,#1107));
#1062 = ORIENTED_EDGE('',*,*,#1063,.F.);
#1063 = EDGE_CURVE('',#1064,#990,#1066,.T.);
#1064 = VERTEX_POINT('',#1065);
#1065 = CARTESIAN_POINT('',(36.5,22.,18.));
#1066 = SURFACE_CURVE('',#1067,(#1071,#1078),.PCURVE_S1.);
#1067 = LINE('',#1068,#1069);
#1068 = CARTESIAN_POINT('',(36.5,22.,18.));
#1069 = VECTOR('',#1070,1.);
#1070 = DIRECTION('',(1.,0.,0.));
#1071 = PCURVE('',#370,#1072);
#1072 = DEFINITIONAL_REPRESENTATION('',(#1073),#1077);
#1073 = LINE('',#1074,#1075);
#1074 = CARTESIAN_POINT('',(0.,0.));
#1075 = VECTOR('',#1076,1.);
#1076 = DIRECTION('',(0.,1.));
#1077 = ( GEOMETRIC_REPRESENTATION_CONTEXT(2) 
PARAMETRIC_REPRESENTATION_CONTEXT() REPRESENTATION_CONTEXT('2D SPACE',''
  ) );
#1078 = PCURVE('',#863,#1079);
#1079 = DEFINITIONAL_REPRESENTATION('',(#1080),#1084);
#1080 = LINE('',#1081,#1082);
#1081 = CARTESIAN_POINT('',(-3.5,57.1));
#1082 = VECTOR('',#1083,1.);
#1083 = DIRECTION('',(1.,0.));
#1084 = ( GEOMETRIC_REPRESENTATION_CONTEXT(2) 
PARAMETRIC_REPRESENTATION_CONTEXT() REPRESENTATION_CONTEXT('2D SPACE',''
  ) );
#1085 = ORIENTED_EDGE('',*,*,#1086,.T.);
#1086 = EDGE_CURVE('',#1064,#355,#1087,.T.);
#1087 = SURFACE_CURVE('',#1088,(#1092,#1099),.PCURVE_S1.);
#1088 = LINE('',#1089,#1090);
#1089 = CARTESIAN_POINT('',(36.5,22.,18.));
#1090 = VECTOR('',#1091,1.);
#1091 = DIRECTION('',(0.,0.,1.));
#1092 = PCURVE('',#370,#1093);
#1093 = DEFINITIONAL_REPRESENTATION('',(#1094),#1098);
#1094 = LINE('',#1095,#1096);
#1095 = CARTESIAN_POINT('',(0.,0.));
#1096 = VECTOR('',#1097,1.);
#1097 = DIRECTION('',(1.,0.));
#1098 = ( GEOMETRIC_REPRESENTATION_CONTEXT(2) 
PARAMETRIC_REPRESENTATION_CONTEXT() REPRESENTATION_CONTEXT('2D SPACE',''
  ) );
#1099 = PCURVE('',#398,#1100);
#1100 = DEFINITIONAL_REPRESENTATION('',(#1101),#1105);
#1101 = LINE('',#1102,#1103);
#1102 = CARTESIAN_POINT('',(0.,-14.));
#1103 = VECTOR('',#1104,1.);
#1104 = DIRECTION('',(1.,0.));
#1105 = ( GEOMETRIC_REPRESENTATION_CONTEXT(2) 
PARAMETRIC_REPRESENTATION_CONTEXT() REPRESENTATION_CONTEXT('2D SPACE',''
  ) );
#1106 = ORIENTED_EDGE('',*,*,#354,.T.);
#1107 = ORIENTED_EDGE('',*,*,#989,.F.);
#1108 = ADVANCED_FACE('',(#1109),#398,.F.);
#1109 = FACE_BOUND('',#1110,.F.);
#1110 = EDGE_LOOP('',(#1111,#1134,#1155,#1156));
#1111 = ORIENTED_EDGE('',*,*,#1112,.F.);
#1112 = EDGE_CURVE('',#1113,#383,#1115,.T.);
#1113 = VERTEX_POINT('',#1114);
#1114 = CARTESIAN_POINT('',(36.5,8.,18.));
#1115 = SURFACE_CURVE('',#1116,(#1120,#1127),.PCURVE_S1.);
#1116 = LINE('',#1117,#1118);
#1117 = CARTESIAN_POINT('',(36.5,8.,18.));
#1118 = VECTOR('',#1119,1.);
#1119 = DIRECTION('',(0.,0.,1.));
#1120 = PCURVE('',#398,#1121);
#1121 = DEFINITIONAL_REPRESENTATION('',(#1122),#1126);
#1122 = LINE('',#1123,#1124);
#1123 = CARTESIAN_POINT('',(0.,0.));
#1124 = VECTOR('',#1125,1.);
#1125 = DIRECTION('',(1.,0.));
#1126 = ( GEOMETRIC_REPRESENTATION_CONTEXT(2) 
PARAMETRIC_REPRESENTATION_CONTEXT() REPRESENTATION_CONTEXT('2D SPACE',''
  ) );
#1127 = PCURVE('',#426,#1128);
#1128 = DEFINITIONAL_REPRESENTATION('',(#1129),#1133);
#1129 = LINE('',#1130,#1131);
#1130 = CARTESIAN_POINT('',(0.,0.));
#1131 = VECTOR('',#1132,1.);
#1132 = DIRECTION('',(1.,0.));
#1133 = ( GEOMETRIC_REPRESENTATION_CONTEXT(2) 
PARAMETRIC_REPRESENTATION_CONTEXT() REPRESENTATION_CONTEXT('2D SPACE',''
  ) );
#1134 = ORIENTED_EDGE('',*,*,#1135,.T.);
#1135 = EDGE_CURVE('',#1113,#1064,#1136,.T.);
#1136 = SURFACE_CURVE('',#1137,(#1141,#1148),.PCURVE_S1.);
#1137 = LINE('',#1138,#1139);
#1138 = CARTESIAN_POINT('',(36.5,8.,18.));
#1139 = VECTOR('',#1140,1.);
#1140 = DIRECTION('',(0.,1.,0.));
#1141 = PCURVE('',#398,#1142);
#1142 = DEFINITIONAL_REPRESENTATION('',(#1143),#1147);
#1143 = LINE('',#1144,#1145);
#1144 = CARTESIAN_POINT('',(0.,0.));
#1145 = VECTOR('',#1146,1.);
#1146 = DIRECTION('',(0.,-1.));
#1147 = ( GEOMETRIC_REPRESENTATION_CONTEXT(2) 
PARAMETRIC_REPRESENTATION_CONTEXT() REPRESENTATION_CONTEXT('2D SPACE',''
  ) );
#1148 = PCURVE('',#863,#1149);
#1149 = DEFINITIONAL_REPRESENTATION('',(#1150),#1154);
#1150 = LINE('',#1151,#1152);
#1151 = CARTESIAN_POINT('',(-3.5,43.1));
#1152 = VECTOR('',#1153,1.);
#1153 = DIRECTION('',(0.,1.));
#1154 = ( GEOMETRIC_REPRESENTATION_CONTEXT(2) 
PARAMETRIC_REPRESENTATION_CONTEXT() REPRESENTATION_CONTEXT('2D SPACE',''
  ) );
#1155 = ORIENTED_EDGE('',*,*,#1086,.T.);
#1156 = ORIENTED_EDGE('',*,*,#382,.F.);
#1157 = ADVANCED_FACE('',(#1158),#426,.F.);
#1158 = FACE_BOUND('',#1159,.F.);
#1159 = EDGE_LOOP('',(#1160,#1183,#1184,#1185));
#1160 = ORIENTED_EDGE('',*,*,#1161,.F.);
#1161 = EDGE_CURVE('',#1113,#1162,#1164,.T.);
#1162 = VERTEX_POINT('',#1163);
#1163 = CARTESIAN_POINT('',(40.,8.,18.));
#1164 = SURFACE_CURVE('',#1165,(#1169,#1176),.PCURVE_S1.);
#1165 = LINE('',#1166,#1167);
#1166 = CARTESIAN_POINT('',(36.5,8.,18.));
#1167 = VECTOR('',#1168,1.);
#1168 = DIRECTION('',(1.,0.,0.));
#1169 = PCURVE('',#426,#1170);
#1170 = DEFINITIONAL_REPRESENTATION('',(#1171),#1175);
#1171 = LINE('',#1172,#1173);
#1172 = CARTESIAN_POINT('',(0.,0.));
#1173 = VECTOR('',#1174,1.);
#1174 = DIRECTION('',(0.,1.));
#1175 = ( GEOMETRIC_REPRESENTATION_CONTEXT(2) 
PARAMETRIC_REPRESENTATION_CONTEXT() REPRESENTATION_CONTEXT('2D SPACE',''
  ) );
#1176 = PCURVE('',#863,#1177);
#1177 = DEFINITIONAL_REPRESENTATION('',(#1178),#1182);
#1178 = LINE('',#1179,#1180);
#1179 = CARTESIAN_POINT('',(-3.5,43.1));
#1180 = VECTOR('',#1181,1.);
#1181 = DIRECTION('',(1.,0.));
#1182 = ( GEOMETRIC_REPRESENTATION_CONTEXT(2) 
PARAMETRIC_REPRESENTATION_CONTEXT() REPRESENTATION_CONTEXT('2D SPACE',''
  ) );
#1183 = ORIENTED_EDGE('',*,*,#1112,.T.);
#1184 = ORIENTED_EDGE('',*,*,#410,.T.);
#1185 = ORIENTED_EDGE('',*,*,#1186,.F.);
#1186 = EDGE_CURVE('',#1162,#411,#1187,.T.);
#1187 = SURFACE_CURVE('',#1188,(#1192,#1199),.PCURVE_S1.);
#1188 = LINE('',#1189,#1190);
#1189 = CARTESIAN_POINT('',(40.,8.,18.));
#1190 = VECTOR('',#1191,1.);
#1191 = DIRECTION('',(0.,0.,1.));
#1192 = PCURVE('',#426,#1193);
#1193 = DEFINITIONAL_REPRESENTATION('',(#1194),#1198);
#1194 = LINE('',#1195,#1196);
#1195 = CARTESIAN_POINT('',(0.,3.5));
#1196 = VECTOR('',#1197,1.);
#1197 = DIRECTION('',(1.,0.));
#1198 = ( GEOMETRIC_REPRESENTATION_CONTEXT(2) 
PARAMETRIC_REPRESENTATION_CONTEXT() REPRESENTATION_CONTEXT('2D SPACE',''
  ) );
#1199 = PCURVE('',#454,#1200);
#1200 = DEFINITIONAL_REPRESENTATION('',(#1201),#1205);
#1201 = LINE('',#1202,#1203);
#1202 = CARTESIAN_POINT('',(40.,-28.));
#1203 = VECTOR('',#1204,1.);
#1204 = DIRECTION('',(1.,0.));
#1205 = ( GEOMETRIC_REPRESENTATION_CONTEXT(2) 
PARAMETRIC_REPRESENTATION_CONTEXT() REPRESENTATION_CONTEXT('2D SPACE',''
  ) );
#1206 = ADVANCED_FACE('',(#1207,#1439,#1545),#454,.F.);
#1207 = FACE_BOUND('',#1208,.F.);
#1208 = EDGE_LOOP('',(#1209,#1239,#1267,#1290,#1310,#1311,#1312,#1333,
    #1334,#1357,#1385,#1413));
#1209 = ORIENTED_EDGE('',*,*,#1210,.F.);
#1210 = EDGE_CURVE('',#1211,#1213,#1215,.T.);
#1211 = VERTEX_POINT('',#1212);
#1212 = CARTESIAN_POINT('',(40.,-20.,-22.));
#1213 = VERTEX_POINT('',#1214);
#1214 = CARTESIAN_POINT('',(40.,-20.,-20.));
#1215 = SURFACE_CURVE('',#1216,(#1220,#1227),.PCURVE_S1.);
#1216 = LINE('',#1217,#1218);
#1217 = CARTESIAN_POINT('',(40.,-20.,-22.));
#1218 = VECTOR('',#1219,1.);
#1219 = DIRECTION('',(0.,0.,1.));
#1220 = PCURVE('',#454,#1221);
#1221 = DEFINITIONAL_REPRESENTATION('',(#1222),#1226);
#1222 = LINE('',#1223,#1224);
#1223 = CARTESIAN_POINT('',(0.,0.));
#1224 = VECTOR('',#1225,1.);
#1225 = DIRECTION('',(1.,0.));
#1226 = ( GEOMETRIC_REPRESENTATION_CONTEXT(2) 
PARAMETRIC_REPRESENTATION_CONTEXT() REPRESENTATION_CONTEXT('2D SPACE',''
  ) );
#1227 = PCURVE('',#1228,#1233);
#1228 = PLANE('',#1229);
#1229 = AXIS2_PLACEMENT_3D('',#1230,#1231,#1232);
#1230 = CARTESIAN_POINT('',(40.,-20.,-22.));
#1231 = DIRECTION('',(0.,1.,0.));
#1232 = DIRECTION('',(0.,0.,1.));
#1233 = DEFINITIONAL_REPRESENTATION('',(#1234),#1238);
#1234 = LINE('',#1235,#1236);
#1235 = CARTESIAN_POINT('',(0.,0.));
#1236 = VECTOR('',#1237,1.);
#1237 = DIRECTION('',(1.,0.));
#1238 = ( GEOMETRIC_REPRESENTATION_CONTEXT(2) 
PARAMETRIC_REPRESENTATION_CONTEXT() REPRESENTATION_CONTEXT('2D SPACE',''
  ) );
#1239 = ORIENTED_EDGE('',*,*,#1240,.T.);
#1240 = EDGE_CURVE('',#1211,#1241,#1243,.T.);
#1241 = VERTEX_POINT('',#1242);
#1242 = CARTESIAN_POINT('',(40.,20.,-22.));
#1243 = SURFACE_CURVE('',#1244,(#1248,#1255),.PCURVE_S1.);
#1244 = LINE('',#1245,#1246);
#1245 = CARTESIAN_POINT('',(40.,-20.,-22.));
#1246 = VECTOR('',#1247,1.);
#1247 = DIRECTION('',(0.,1.,0.));
#1248 = PCURVE('',#454,#1249);
#1249 = DEFINITIONAL_REPRESENTATION('',(#1250),#1254);
#1250 = LINE('',#1251,#1252);
#1251 = CARTESIAN_POINT('',(0.,0.));
#1252 = VECTOR('',#1253,1.);
#1253 = DIRECTION('',(0.,-1.));
#1254 = ( GEOMETRIC_REPRESENTATION_CONTEXT(2) 
PARAMETRIC_REPRESENTATION_CONTEXT() REPRESENTATION_CONTEXT('2D SPACE',''
  ) );
#1255 = PCURVE('',#1256,#1261);
#1256 = PLANE('',#1257);
#1257 = AXIS2_PLACEMENT_3D('',#1258,#1259,#1260);
#1258 = CARTESIAN_POINT('',(40.,-20.,-22.));
#1259 = DIRECTION('',(0.,0.,1.));
#1260 = DIRECTION('',(1.,0.,0.));
#1261 = DEFINITIONAL_REPRESENTATION('',(#1262),#1266);
#1262 = LINE('',#1263,#1264);
#1263 = CARTESIAN_POINT('',(0.,0.));
#1264 = VECTOR('',#1265,1.);
#1265 = DIRECTION('',(0.,1.));
#1266 = ( GEOMETRIC_REPRESENTATION_CONTEXT(2) 
PARAMETRIC_REPRESENTATION_CONTEXT() REPRESENTATION_CONTEXT('2D SPACE',''
  ) );
#1267 = ORIENTED_EDGE('',*,*,#1268,.T.);
#1268 = EDGE_CURVE('',#1241,#1269,#1271,.T.);
#1269 = VERTEX_POINT('',#1270);
#1270 = CARTESIAN_POINT('',(40.,20.,18.));
#1271 = SURFACE_CURVE('',#1272,(#1276,#1283),.PCURVE_S1.);
#1272 = LINE('',#1273,#1274);
#1273 = CARTESIAN_POINT('',(40.,20.,-22.));
#1274 = VECTOR('',#1275,1.);
#1275 = DIRECTION('',(0.,0.,1.));
#1276 = PCURVE('',#454,#1277);
#1277 = DEFINITIONAL_REPRESENTATION('',(#1278),#1282);
#1278 = LINE('',#1279,#1280);
#1279 = CARTESIAN_POINT('',(0.,-40.));
#1280 = VECTOR('',#1281,1.);
#1281 = DIRECTION('',(1.,0.));
#1282 = ( GEOMETRIC_REPRESENTATION_CONTEXT(2) 
PARAMETRIC_REPRESENTATION_CONTEXT() REPRESENTATION_CONTEXT('2D SPACE',''
  ) );
#1283 = PCURVE('',#835,#1284);
#1284 = DEFINITIONAL_REPRESENTATION('',(#1285),#1289);
#1285 = LINE('',#1286,#1287);
#1286 = CARTESIAN_POINT('',(0.,0.));
#1287 = VECTOR('',#1288,1.);
#1288 = DIRECTION('',(1.,0.));
#1289 = ( GEOMETRIC_REPRESENTATION_CONTEXT(2) 
PARAMETRIC_REPRESENTATION_CONTEXT() REPRESENTATION_CONTEXT('2D SPACE',''
  ) );
#1290 = ORIENTED_EDGE('',*,*,#1291,.F.);
#1291 = EDGE_CURVE('',#1162,#1269,#1292,.T.);
#1292 = SURFACE_CURVE('',#1293,(#1297,#1304),.PCURVE_S1.);
#1293 = LINE('',#1294,#1295);
#1294 = CARTESIAN_POINT('',(40.,-27.55,18.));
#1295 = VECTOR('',#1296,1.);
#1296 = DIRECTION('',(0.,1.,0.));
#1297 = PCURVE('',#454,#1298);
#1298 = DEFINITIONAL_REPRESENTATION('',(#1299),#1303);
#1299 = LINE('',#1300,#1301);
#1300 = CARTESIAN_POINT('',(40.,7.55));
#1301 = VECTOR('',#1302,1.);
#1302 = DIRECTION('',(0.,-1.));
#1303 = ( GEOMETRIC_REPRESENTATION_CONTEXT(2) 
PARAMETRIC_REPRESENTATION_CONTEXT() REPRESENTATION_CONTEXT('2D SPACE',''
  ) );
#1304 = PCURVE('',#863,#1305);
#1305 = DEFINITIONAL_REPRESENTATION('',(#1306),#1309);
#1306 = B_SPLINE_CURVE_WITH_KNOTS('',1,(#1307,#1308),.UNSPECIFIED.,.F.,
  .F.,(2,2),(7.55,47.55),.PIECEWISE_BEZIER_KNOTS.);
#1307 = CARTESIAN_POINT('',(0.,15.1));
#1308 = CARTESIAN_POINT('',(0.,55.1));
#1309 = ( GEOMETRIC_REPRESENTATION_CONTEXT(2) 
PARAMETRIC_REPRESENTATION_CONTEXT() REPRESENTATION_CONTEXT('2D SPACE',''
  ) );
#1310 = ORIENTED_EDGE('',*,*,#1186,.T.);
#1311 = ORIENTED_EDGE('',*,*,#438,.F.);
#1312 = ORIENTED_EDGE('',*,*,#1313,.F.);
#1313 = EDGE_CURVE('',#647,#439,#1314,.T.);
#1314 = SURFACE_CURVE('',#1315,(#1319,#1326),.PCURVE_S1.);
#1315 = LINE('',#1316,#1317);
#1316 = CARTESIAN_POINT('',(40.,-8.,18.));
#1317 = VECTOR('',#1318,1.);
#1318 = DIRECTION('',(0.,0.,1.));
#1319 = PCURVE('',#454,#1320);
#1320 = DEFINITIONAL_REPRESENTATION('',(#1321),#1325);
#1321 = LINE('',#1322,#1323);
#1322 = CARTESIAN_POINT('',(40.,-12.));
#1323 = VECTOR('',#1324,1.);
#1324 = DIRECTION('',(1.,0.));
#1325 = ( GEOMETRIC_REPRESENTATION_CONTEXT(2) 
PARAMETRIC_REPRESENTATION_CONTEXT() REPRESENTATION_CONTEXT('2D SPACE',''
  ) );
#1326 = PCURVE('',#482,#1327);
#1327 = DEFINITIONAL_REPRESENTATION('',(#1328),#1332);
#1328 = LINE('',#1329,#1330);
#1329 = CARTESIAN_POINT('',(0.,3.5));
#1330 = VECTOR('',#1331,1.);
#1331 = DIRECTION('',(1.,0.));
#1332 = ( GEOMETRIC_REPRESENTATION_CONTEXT(2) 
PARAMETRIC_REPRESENTATION_CONTEXT() REPRESENTATION_CONTEXT('2D SPACE',''
  ) );
#1333 = ORIENTED_EDGE('',*,*,#646,.F.);
#1334 = ORIENTED_EDGE('',*,*,#1335,.F.);
#1335 = EDGE_CURVE('',#1336,#621,#1338,.T.);
#1336 = VERTEX_POINT('',#1337);
#1337 = CARTESIAN_POINT('',(40.,-20.,0.));
#1338 = SURFACE_CURVE('',#1339,(#1343,#1350),.PCURVE_S1.);
#1339 = LINE('',#1340,#1341);
#1340 = CARTESIAN_POINT('',(40.,-20.,-22.));
#1341 = VECTOR('',#1342,1.);
#1342 = DIRECTION('',(0.,0.,1.));
#1343 = PCURVE('',#454,#1344);
#1344 = DEFINITIONAL_REPRESENTATION('',(#1345),#1349);
#1345 = LINE('',#1346,#1347);
#1346 = CARTESIAN_POINT('',(0.,0.));
#1347 = VECTOR('',#1348,1.);
#1348 = DIRECTION('',(1.,0.));
#1349 = ( GEOMETRIC_REPRESENTATION_CONTEXT(2) 
PARAMETRIC_REPRESENTATION_CONTEXT() REPRESENTATION_CONTEXT('2D SPACE',''
  ) );
#1350 = PCURVE('',#635,#1351);
#1351 = DEFINITIONAL_REPRESENTATION('',(#1352),#1356);
#1352 = LINE('',#1353,#1354);
#1353 = CARTESIAN_POINT('',(0.,0.));
#1354 = VECTOR('',#1355,1.);
#1355 = DIRECTION('',(1.,0.));
#1356 = ( GEOMETRIC_REPRESENTATION_CONTEXT(2) 
PARAMETRIC_REPRESENTATION_CONTEXT() REPRESENTATION_CONTEXT('2D SPACE',''
  ) );
#1357 = ORIENTED_EDGE('',*,*,#1358,.F.);
#1358 = EDGE_CURVE('',#1359,#1336,#1361,.T.);
#1359 = VERTEX_POINT('',#1360);
#1360 = CARTESIAN_POINT('',(40.,-74.,0.));
#1361 = SURFACE_CURVE('',#1362,(#1366,#1373),.PCURVE_S1.);
#1362 = LINE('',#1363,#1364);
#1363 = CARTESIAN_POINT('',(40.,-74.,0.));
#1364 = VECTOR('',#1365,1.);
#1365 = DIRECTION('',(0.,1.,0.));
#1366 = PCURVE('',#454,#1367);
#1367 = DEFINITIONAL_REPRESENTATION('',(#1368),#1372);
#1368 = LINE('',#1369,#1370);
#1369 = CARTESIAN_POINT('',(22.,54.));
#1370 = VECTOR('',#1371,1.);
#1371 = DIRECTION('',(0.,-1.));
#1372 = ( GEOMETRIC_REPRESENTATION_CONTEXT(2) 
PARAMETRIC_REPRESENTATION_CONTEXT() REPRESENTATION_CONTEXT('2D SPACE',''
  ) );
#1373 = PCURVE('',#1374,#1379);
#1374 = PLANE('',#1375);
#1375 = AXIS2_PLACEMENT_3D('',#1376,#1377,#1378);
#1376 = CARTESIAN_POINT('',(40.,-74.,0.));
#1377 = DIRECTION('',(0.,0.,1.));
#1378 = DIRECTION('',(1.,0.,0.));
#1379 = DEFINITIONAL_REPRESENTATION('',(#1380),#1384);
#1380 = LINE('',#1381,#1382);
#1381 = CARTESIAN_POINT('',(0.,0.));
#1382 = VECTOR('',#1383,1.);
#1383 = DIRECTION('',(0.,1.));
#1384 = ( GEOMETRIC_REPRESENTATION_CONTEXT(2) 
PARAMETRIC_REPRESENTATION_CONTEXT() REPRESENTATION_CONTEXT('2D SPACE',''
  ) );
#1385 = ORIENTED_EDGE('',*,*,#1386,.F.);
#1386 = EDGE_CURVE('',#1387,#1359,#1389,.T.);
#1387 = VERTEX_POINT('',#1388);
#1388 = CARTESIAN_POINT('',(40.,-74.,-20.));
#1389 = SURFACE_CURVE('',#1390,(#1394,#1401),.PCURVE_S1.);
#1390 = LINE('',#1391,#1392);
#1391 = CARTESIAN_POINT('',(40.,-74.,-20.));
#1392 = VECTOR('',#1393,1.);
#1393 = DIRECTION('',(0.,0.,1.));
#1394 = PCURVE('',#454,#1395);
#1395 = DEFINITIONAL_REPRESENTATION('',(#1396),#1400);
#1396 = LINE('',#1397,#1398);
#1397 = CARTESIAN_POINT('',(2.,54.));
#1398 = VECTOR('',#1399,1.);
#1399 = DIRECTION('',(1.,0.));
#1400 = ( GEOMETRIC_REPRESENTATION_CONTEXT(2) 
PARAMETRIC_REPRESENTATION_CONTEXT() REPRESENTATION_CONTEXT('2D SPACE',''
  ) );
#1401 = PCURVE('',#1402,#1407);
#1402 = PLANE('',#1403);
#1403 = AXIS2_PLACEMENT_3D('',#1404,#1405,#1406);
#1404 = CARTESIAN_POINT('',(40.,-74.,-20.));
#1405 = DIRECTION('',(0.,1.,0.));
#1406 = DIRECTION('',(0.,0.,1.));
#1407 = DEFINITIONAL_REPRESENTATION('',(#1408),#1412);
#1408 = LINE('',#1409,#1410);
#1409 = CARTESIAN_POINT('',(0.,0.));
#1410 = VECTOR('',#1411,1.);
#1411 = DIRECTION('',(1.,0.));
#1412 = ( GEOMETRIC_REPRESENTATION_CONTEXT(2) 
PARAMETRIC_REPRESENTATION_CONTEXT() REPRESENTATION_CONTEXT('2D SPACE',''
  ) );
#1413 = ORIENTED_EDGE('',*,*,#1414,.T.);
#1414 = EDGE_CURVE('',#1387,#1213,#1415,.T.);
#1415 = SURFACE_CURVE('',#1416,(#1420,#1427),.PCURVE_S1.);
#1416 = LINE('',#1417,#1418);
#1417 = CARTESIAN_POINT('',(40.,-74.,-20.));
#1418 = VECTOR('',#1419,1.);
#1419 = DIRECTION('',(0.,1.,0.));
#1420 = PCURVE('',#454,#1421);
#1421 = DEFINITIONAL_REPRESENTATION('',(#1422),#1426);
#1422 = LINE('',#1423,#1424);
#1423 = CARTESIAN_POINT('',(2.,54.));
#1424 = VECTOR('',#1425,1.);
#1425 = DIRECTION('',(0.,-1.));
#1426 = ( GEOMETRIC_REPRESENTATION_CONTEXT(2) 
PARAMETRIC_REPRESENTATION_CONTEXT() REPRESENTATION_CONTEXT('2D SPACE',''
  ) );
#1427 = PCURVE('',#1428,#1433);
#1428 = PLANE('',#1429);
#1429 = AXIS2_PLACEMENT_3D('',#1430,#1431,#1432);
#1430 = CARTESIAN_POINT('',(40.,-74.,-20.));
#1431 = DIRECTION('',(0.,0.,1.));
#1432 = DIRECTION('',(1.,0.,0.));
#1433 = DEFINITIONAL_REPRESENTATION('',(#1434),#1438);
#1434 = LINE('',#1435,#1436);
#1435 = CARTESIAN_POINT('',(0.,0.));
#1436 = VECTOR('',#1437,1.);
#1437 = DIRECTION('',(0.,1.));
#1438 = ( GEOMETRIC_REPRESENTATION_CONTEXT(2) 
PARAMETRIC_REPRESENTATION_CONTEXT() REPRESENTATION_CONTEXT('2D SPACE',''
  ) );
#1439 = FACE_BOUND('',#1440,.F.);
#1440 = EDGE_LOOP('',(#1441,#1469,#1495,#1521));
#1441 = ORIENTED_EDGE('',*,*,#1442,.T.);
#1442 = EDGE_CURVE('',#1443,#1445,#1447,.T.);
#1443 = VERTEX_POINT('',#1444);
#1444 = CARTESIAN_POINT('',(40.,-38.5,-15.));
#1445 = VERTEX_POINT('',#1446);
#1446 = CARTESIAN_POINT('',(40.,-41.5,-15.));
#1447 = SURFACE_CURVE('',#1448,(#1452,#1458),.PCURVE_S1.);
#1448 = LINE('',#1449,#1450);
#1449 = CARTESIAN_POINT('',(40.,-30.75,-15.));
#1450 = VECTOR('',#1451,1.);
#1451 = DIRECTION('',(0.,-1.,0.));
#1452 = PCURVE('',#454,#1453);
#1453 = DEFINITIONAL_REPRESENTATION('',(#1454),#1457);
#1454 = B_SPLINE_CURVE_WITH_KNOTS('',1,(#1455,#1456),.UNSPECIFIED.,.F.,
  .F.,(2,2),(7.75,10.75),.PIECEWISE_BEZIER_KNOTS.);
#1455 = CARTESIAN_POINT('',(7.,18.5));
#1456 = CARTESIAN_POINT('',(7.,21.5));
#1457 = ( GEOMETRIC_REPRESENTATION_CONTEXT(2) 
PARAMETRIC_REPRESENTATION_CONTEXT() REPRESENTATION_CONTEXT('2D SPACE',''
  ) );
#1458 = PCURVE('',#1459,#1464);
#1459 = PLANE('',#1460);
#1460 = AXIS2_PLACEMENT_3D('',#1461,#1462,#1463);
#1461 = CARTESIAN_POINT('',(39.,-41.5,-15.));
#1462 = DIRECTION('',(0.,0.,1.));
#1463 = DIRECTION('',(1.,0.,0.));
#1464 = DEFINITIONAL_REPRESENTATION('',(#1465),#1468);
#1465 = B_SPLINE_CURVE_WITH_KNOTS('',1,(#1466,#1467),.UNSPECIFIED.,.F.,
  .F.,(2,2),(7.75,10.75),.PIECEWISE_BEZIER_KNOTS.);
#1466 = CARTESIAN_POINT('',(1.,3.));
#1467 = CARTESIAN_POINT('',(1.,0.));
#1468 = ( GEOMETRIC_REPRESENTATION_CONTEXT(2) 
PARAMETRIC_REPRESENTATION_CONTEXT() REPRESENTATION_CONTEXT('2D SPACE',''
  ) );
#1469 = ORIENTED_EDGE('',*,*,#1470,.T.);
#1470 = EDGE_CURVE('',#1445,#1471,#1473,.T.);
#1471 = VERTEX_POINT('',#1472);
#1472 = CARTESIAN_POINT('',(40.,-41.5,-5.));
#1473 = SURFACE_CURVE('',#1474,(#1478,#1484),.PCURVE_S1.);
#1474 = LINE('',#1475,#1476);
#1475 = CARTESIAN_POINT('',(40.,-41.5,-18.5));
#1476 = VECTOR('',#1477,1.);
#1477 = DIRECTION('',(0.,0.,1.));
#1478 = PCURVE('',#454,#1479);
#1479 = DEFINITIONAL_REPRESENTATION('',(#1480),#1483);
#1480 = B_SPLINE_CURVE_WITH_KNOTS('',1,(#1481,#1482),.UNSPECIFIED.,.F.,
  .F.,(2,2),(3.5,13.5),.PIECEWISE_BEZIER_KNOTS.);
#1481 = CARTESIAN_POINT('',(7.,21.5));
#1482 = CARTESIAN_POINT('',(17.,21.5));
#1483 = ( GEOMETRIC_REPRESENTATION_CONTEXT(2) 
PARAMETRIC_REPRESENTATION_CONTEXT() REPRESENTATION_CONTEXT('2D SPACE',''
  ) );
#1484 = PCURVE('',#1485,#1490);
#1485 = PLANE('',#1486);
#1486 = AXIS2_PLACEMENT_3D('',#1487,#1488,#1489);
#1487 = CARTESIAN_POINT('',(39.,-41.5,-15.));
#1488 = DIRECTION('',(0.,1.,0.));
#1489 = DIRECTION('',(0.,0.,1.));
#1490 = DEFINITIONAL_REPRESENTATION('',(#1491),#1494);
#1491 = B_SPLINE_CURVE_WITH_KNOTS('',1,(#1492,#1493),.UNSPECIFIED.,.F.,
  .F.,(2,2),(3.5,13.5),.PIECEWISE_BEZIER_KNOTS.);
#1492 = CARTESIAN_POINT('',(0.,1.));
#1493 = CARTESIAN_POINT('',(10.,1.));
#1494 = ( GEOMETRIC_REPRESENTATION_CONTEXT(2) 
PARAMETRIC_REPRESENTATION_CONTEXT() REPRESENTATION_CONTEXT('2D SPACE',''
  ) );
#1495 = ORIENTED_EDGE('',*,*,#1496,.F.);
#1496 = EDGE_CURVE('',#1497,#1471,#1499,.T.);
#1497 = VERTEX_POINT('',#1498);
#1498 = CARTESIAN_POINT('',(40.,-38.5,-5.));
#1499 = SURFACE_CURVE('',#1500,(#1504,#1510),.PCURVE_S1.);
#1500 = LINE('',#1501,#1502);
#1501 = CARTESIAN_POINT('',(40.,-30.75,-5.));
#1502 = VECTOR('',#1503,1.);
#1503 = DIRECTION('',(0.,-1.,0.));
#1504 = PCURVE('',#454,#1505);
#1505 = DEFINITIONAL_REPRESENTATION('',(#1506),#1509);
#1506 = B_SPLINE_CURVE_WITH_KNOTS('',1,(#1507,#1508),.UNSPECIFIED.,.F.,
  .F.,(2,2),(7.75,10.75),.PIECEWISE_BEZIER_KNOTS.);
#1507 = CARTESIAN_POINT('',(17.,18.5));
#1508 = CARTESIAN_POINT('',(17.,21.5));
#1509 = ( GEOMETRIC_REPRESENTATION_CONTEXT(2) 
PARAMETRIC_REPRESENTATION_CONTEXT() REPRESENTATION_CONTEXT('2D SPACE',''
  ) );
#1510 = PCURVE('',#1511,#1516);
#1511 = PLANE('',#1512);
#1512 = AXIS2_PLACEMENT_3D('',#1513,#1514,#1515);
#1513 = CARTESIAN_POINT('',(39.,-41.5,-5.));
#1514 = DIRECTION('',(0.,0.,1.));
#1515 = DIRECTION('',(1.,0.,0.));
#1516 = DEFINITIONAL_REPRESENTATION('',(#1517),#1520);
#1517 = B_SPLINE_CURVE_WITH_KNOTS('',1,(#1518,#1519),.UNSPECIFIED.,.F.,
  .F.,(2,2),(7.75,10.75),.PIECEWISE_BEZIER_KNOTS.);
#1518 = CARTESIAN_POINT('',(1.,3.));
#1519 = CARTESIAN_POINT('',(1.,0.));
#1520 = ( GEOMETRIC_REPRESENTATION_CONTEXT(2) 
PARAMETRIC_REPRESENTATION_CONTEXT() REPRESENTATION_CONTEXT('2D SPACE',''
  ) );
#1521 = ORIENTED_EDGE('',*,*,#1522,.F.);
#1522 = EDGE_CURVE('',#1443,#1497,#1523,.T.);
#1523 = SURFACE_CURVE('',#1524,(#1528,#1534),.PCURVE_S1.);
#1524 = LINE('',#1525,#1526);
#1525 = CARTESIAN_POINT('',(40.,-38.5,-18.5));
#1526 = VECTOR('',#1527,1.);
#1527 = DIRECTION('',(0.,0.,1.));
#1528 = PCURVE('',#454,#1529);
#1529 = DEFINITIONAL_REPRESENTATION('',(#1530),#1533);
#1530 = B_SPLINE_CURVE_WITH_KNOTS('',1,(#1531,#1532),.UNSPECIFIED.,.F.,
  .F.,(2,2),(3.5,13.5),.PIECEWISE_BEZIER_KNOTS.);
#1531 = CARTESIAN_POINT('',(7.,18.5));
#1532 = CARTESIAN_POINT('',(17.,18.5));
#1533 = ( GEOMETRIC_REPRESENTATION_CONTEXT(2) 
PARAMETRIC_REPRESENTATION_CONTEXT() REPRESENTATION_CONTEXT('2D SPACE',''
  ) );
#1534 = PCURVE('',#1535,#1540);
#1535 = PLANE('',#1536);
#1536 = AXIS2_PLACEMENT_3D('',#1537,#1538,#1539);
#1537 = CARTESIAN_POINT('',(39.,-38.5,-15.));
#1538 = DIRECTION('',(0.,1.,0.));
#1539 = DIRECTION('',(0.,0.,1.));
#1540 = DEFINITIONAL_REPRESENTATION('',(#1541),#1544);
#1541 = B_SPLINE_CURVE_WITH_KNOTS('',1,(#1542,#1543),.UNSPECIFIED.,.F.,
  .F.,(2,2),(3.5,13.5),.PIECEWISE_BEZIER_KNOTS.);
#1542 = CARTESIAN_POINT('',(0.,1.));
#1543 = CARTESIAN_POINT('',(10.,1.));
#1544 = ( GEOMETRIC_REPRESENTATION_CONTEXT(2) 
PARAMETRIC_REPRESENTATION_CONTEXT() REPRESENTATION_CONTEXT('2D SPACE',''
  ) );
#1545 = FACE_BOUND('',#1546,.F.);
#1546 = EDGE_LOOP('',(#1547,#1575,#1601,#1627));
#1547 = ORIENTED_EDGE('',*,*,#1548,.T.);
#1548 = EDGE_CURVE('',#1549,#1551,#1553,.T.);
#1549 = VERTEX_POINT('',#1550);
#1550 = CARTESIAN_POINT('',(40.,-67.5,-15.));
#1551 = VERTEX_POINT('',#1552);
#1552 = CARTESIAN_POINT('',(40.,-70.5,-15.));
#1553 = SURFACE_CURVE('',#1554,(#1558,#1564),.PCURVE_S1.);
#1554 = LINE('',#1555,#1556);
#1555 = CARTESIAN_POINT('',(40.,-45.25,-15.));
#1556 = VECTOR('',#1557,1.);
#1557 = DIRECTION('',(0.,-1.,0.));
#1558 = PCURVE('',#454,#1559);
#1559 = DEFINITIONAL_REPRESENTATION('',(#1560),#1563);
#1560 = B_SPLINE_CURVE_WITH_KNOTS('',1,(#1561,#1562),.UNSPECIFIED.,.F.,
  .F.,(2,2),(22.25,25.25),.PIECEWISE_BEZIER_KNOTS.);
#1561 = CARTESIAN_POINT('',(7.,47.5));
#1562 = CARTESIAN_POINT('',(7.,50.5));
#1563 = ( GEOMETRIC_REPRESENTATION_CONTEXT(2) 
PARAMETRIC_REPRESENTATION_CONTEXT() REPRESENTATION_CONTEXT('2D SPACE',''
  ) );
#1564 = PCURVE('',#1565,#1570);
#1565 = PLANE('',#1566);
#1566 = AXIS2_PLACEMENT_3D('',#1567,#1568,#1569);
#1567 = CARTESIAN_POINT('',(39.,-70.5,-15.));
#1568 = DIRECTION('',(0.,0.,1.));
#1569 = DIRECTION('',(1.,0.,0.));
#1570 = DEFINITIONAL_REPRESENTATION('',(#1571),#1574);
#1571 = B_SPLINE_CURVE_WITH_KNOTS('',1,(#1572,#1573),.UNSPECIFIED.,.F.,
  .F.,(2,2),(22.25,25.25),.PIECEWISE_BEZIER_KNOTS.);
#1572 = CARTESIAN_POINT('',(1.,3.));
#1573 = CARTESIAN_POINT('',(1.,0.));
#1574 = ( GEOMETRIC_REPRESENTATION_CONTEXT(2) 
PARAMETRIC_REPRESENTATION_CONTEXT() REPRESENTATION_CONTEXT('2D SPACE',''
  ) );
#1575 = ORIENTED_EDGE('',*,*,#1576,.T.);
#1576 = EDGE_CURVE('',#1551,#1577,#1579,.T.);
#1577 = VERTEX_POINT('',#1578);
#1578 = CARTESIAN_POINT('',(40.,-70.5,-5.));
#1579 = SURFACE_CURVE('',#1580,(#1584,#1590),.PCURVE_S1.);
#1580 = LINE('',#1581,#1582);
#1581 = CARTESIAN_POINT('',(40.,-70.5,-18.5));
#1582 = VECTOR('',#1583,1.);
#1583 = DIRECTION('',(0.,0.,1.));
#1584 = PCURVE('',#454,#1585);
#1585 = DEFINITIONAL_REPRESENTATION('',(#1586),#1589);
#1586 = B_SPLINE_CURVE_WITH_KNOTS('',1,(#1587,#1588),.UNSPECIFIED.,.F.,
  .F.,(2,2),(3.5,13.5),.PIECEWISE_BEZIER_KNOTS.);
#1587 = CARTESIAN_POINT('',(7.,50.5));
#1588 = CARTESIAN_POINT('',(17.,50.5));
#1589 = ( GEOMETRIC_REPRESENTATION_CONTEXT(2) 
PARAMETRIC_REPRESENTATION_CONTEXT() REPRESENTATION_CONTEXT('2D SPACE',''
  ) );
#1590 = PCURVE('',#1591,#1596);
#1591 = PLANE('',#1592);
#1592 = AXIS2_PLACEMENT_3D('',#1593,#1594,#1595);
#1593 = CARTESIAN_POINT('',(39.,-70.5,-15.));
#1594 = DIRECTION('',(0.,1.,0.));
#1595 = DIRECTION('',(0.,0.,1.));
#1596 = DEFINITIONAL_REPRESENTATION('',(#1597),#1600);
#1597 = B_SPLINE_CURVE_WITH_KNOTS('',1,(#1598,#1599),.UNSPECIFIED.,.F.,
  .F.,(2,2),(3.5,13.5),.PIECEWISE_BEZIER_KNOTS.);
#1598 = CARTESIAN_POINT('',(0.,1.));
#1599 = CARTESIAN_POINT('',(10.,1.));
#1600 = ( GEOMETRIC_REPRESENTATION_CONTEXT(2) 
PARAMETRIC_REPRESENTATION_CONTEXT() REPRESENTATION_CONTEXT('2D SPACE',''
  ) );
#1601 = ORIENTED_EDGE('',*,*,#1602,.F.);
#1602 = EDGE_CURVE('',#1603,#1577,#1605,.T.);
#1603 = VERTEX_POINT('',#1604);
#1604 = CARTESIAN_POINT('',(40.,-67.5,-5.));
#1605 = SURFACE_CURVE('',#1606,(#1610,#1616),.PCURVE_S1.);
#1606 = LINE('',#1607,#1608);
#1607 = CARTESIAN_POINT('',(40.,-45.25,-5.));
#1608 = VECTOR('',#1609,1.);
#1609 = DIRECTION('',(0.,-1.,0.));
#1610 = PCURVE('',#454,#1611);
#1611 = DEFINITIONAL_REPRESENTATION('',(#1612),#1615);
#1612 = B_SPLINE_CURVE_WITH_KNOTS('',1,(#1613,#1614),.UNSPECIFIED.,.F.,
  .F.,(2,2),(22.25,25.25),.PIECEWISE_BEZIER_KNOTS.);
#1613 = CARTESIAN_POINT('',(17.,47.5));
#1614 = CARTESIAN_POINT('',(17.,50.5));
#1615 = ( GEOMETRIC_REPRESENTATION_CONTEXT(2) 
PARAMETRIC_REPRESENTATION_CONTEXT() REPRESENTATION_CONTEXT('2D SPACE',''
  ) );
#1616 = PCURVE('',#1617,#1622);
#1617 = PLANE('',#1618);
#1618 = AXIS2_PLACEMENT_3D('',#1619,#1620,#1621);
#1619 = CARTESIAN_POINT('',(39.,-70.5,-5.));
#1620 = DIRECTION('',(0.,0.,1.));
#1621 = DIRECTION('',(1.,0.,0.));
#1622 = DEFINITIONAL_REPRESENTATION('',(#1623),#1626);
#1623 = B_SPLINE_CURVE_WITH_KNOTS('',1,(#1624,#1625),.UNSPECIFIED.,.F.,
  .F.,(2,2),(22.25,25.25),.PIECEWISE_BEZIER_KNOTS.);
#1624 = CARTESIAN_POINT('',(1.,3.));
#1625 = CARTESIAN_POINT('',(1.,0.));
#1626 = ( GEOMETRIC_REPRESENTATION_CONTEXT(2) 
PARAMETRIC_REPRESENTATION_CONTEXT() REPRESENTATION_CONTEXT('2D SPACE',''
  ) );
#1627 = ORIENTED_EDGE('',*,*,#1628,.F.);
#1628 = EDGE_CURVE('',#1549,#1603,#1629,.T.);
#1629 = SURFACE_CURVE('',#1630,(#1634,#1640),.PCURVE_S1.);
#1630 = LINE('',#1631,#1632);
#1631 = CARTESIAN_POINT('',(40.,-67.5,-18.5));
#1632 = VECTOR('',#1633,1.);
#1633 = DIRECTION('',(0.,0.,1.));
#1634 = PCURVE('',#454,#1635);
#1635 = DEFINITIONAL_REPRESENTATION('',(#1636),#1639);
#1636 = B_SPLINE_CURVE_WITH_KNOTS('',1,(#1637,#1638),.UNSPECIFIED.,.F.,
  .F.,(2,2),(3.5,13.5),.PIECEWISE_BEZIER_KNOTS.);
#1637 = CARTESIAN_POINT('',(7.,47.5));
#1638 = CARTESIAN_POINT('',(17.,47.5));
#1639 = ( GEOMETRIC_REPRESENTATION_CONTEXT(2) 
PARAMETRIC_REPRESENTATION_CONTEXT() REPRESENTATION_CONTEXT('2D SPACE',''
  ) );
#1640 = PCURVE('',#1641,#1646);
#1641 = PLANE('',#1642);
#1642 = AXIS2_PLACEMENT_3D('',#1643,#1644,#1645);
#1643 = CARTESIAN_POINT('',(39.,-67.5,-15.));
#1644 = DIRECTION('',(0.,1.,0.));
#1645 = DIRECTION('',(0.,0.,1.));
#1646 = DEFINITIONAL_REPRESENTATION('',(#1647),#1650);
#1647 = B_SPLINE_CURVE_WITH_KNOTS('',1,(#1648,#1649),.UNSPECIFIED.,.F.,
  .F.,(2,2),(3.5,13.5),.PIECEWISE_BEZIER_KNOTS.);
#1648 = CARTESIAN_POINT('',(0.,1.));
#1649 = CARTESIAN_POINT('',(10.,1.));
#1650 = ( GEOMETRIC_REPRESENTATION_CONTEXT(2) 
PARAMETRIC_REPRESENTATION_CONTEXT() REPRESENTATION_CONTEXT('2D SPACE',''
  ) );
#1651 = ADVANCED_FACE('',(#1652),#482,.T.);
#1652 = FACE_BOUND('',#1653,.T.);
#1653 = EDGE_LOOP('',(#1654,#1655,#1676,#1677));
#1654 = ORIENTED_EDGE('',*,*,#668,.F.);
#1655 = ORIENTED_EDGE('',*,*,#1656,.T.);
#1656 = EDGE_CURVE('',#669,#467,#1657,.T.);
#1657 = SURFACE_CURVE('',#1658,(#1662,#1669),.PCURVE_S1.);
#1658 = LINE('',#1659,#1660);
#1659 = CARTESIAN_POINT('',(36.5,-8.,18.));
#1660 = VECTOR('',#1661,1.);
#1661 = DIRECTION('',(0.,0.,1.));
#1662 = PCURVE('',#482,#1663);
#1663 = DEFINITIONAL_REPRESENTATION('',(#1664),#1668);
#1664 = LINE('',#1665,#1666);
#1665 = CARTESIAN_POINT('',(0.,0.));
#1666 = VECTOR('',#1667,1.);
#1667 = DIRECTION('',(1.,0.));
#1668 = ( GEOMETRIC_REPRESENTATION_CONTEXT(2) 
PARAMETRIC_REPRESENTATION_CONTEXT() REPRESENTATION_CONTEXT('2D SPACE',''
  ) );
#1669 = PCURVE('',#510,#1670);
#1670 = DEFINITIONAL_REPRESENTATION('',(#1671),#1675);
#1671 = LINE('',#1672,#1673);
#1672 = CARTESIAN_POINT('',(0.,-14.));
#1673 = VECTOR('',#1674,1.);
#1674 = DIRECTION('',(1.,0.));
#1675 = ( GEOMETRIC_REPRESENTATION_CONTEXT(2) 
PARAMETRIC_REPRESENTATION_CONTEXT() REPRESENTATION_CONTEXT('2D SPACE',''
  ) );
#1676 = ORIENTED_EDGE('',*,*,#466,.T.);
#1677 = ORIENTED_EDGE('',*,*,#1313,.F.);
#1678 = ADVANCED_FACE('',(#1679),#510,.F.);
#1679 = FACE_BOUND('',#1680,.F.);
#1680 = EDGE_LOOP('',(#1681,#1682,#1683,#1684));
#1681 = ORIENTED_EDGE('',*,*,#569,.F.);
#1682 = ORIENTED_EDGE('',*,*,#691,.T.);
#1683 = ORIENTED_EDGE('',*,*,#1656,.T.);
#1684 = ORIENTED_EDGE('',*,*,#494,.F.);
#1685 = ADVANCED_FACE('',(#1686),#635,.F.);
#1686 = FACE_BOUND('',#1687,.F.);
#1687 = EDGE_LOOP('',(#1688,#1716,#1737,#1738,#1739));
#1688 = ORIENTED_EDGE('',*,*,#1689,.F.);
#1689 = EDGE_CURVE('',#1690,#769,#1692,.T.);
#1690 = VERTEX_POINT('',#1691);
#1691 = CARTESIAN_POINT('',(44.,-20.,0.));
#1692 = SURFACE_CURVE('',#1693,(#1697,#1704),.PCURVE_S1.);
#1693 = LINE('',#1694,#1695);
#1694 = CARTESIAN_POINT('',(44.,-20.,-22.));
#1695 = VECTOR('',#1696,1.);
#1696 = DIRECTION('',(0.,0.,1.));
#1697 = PCURVE('',#635,#1698);
#1698 = DEFINITIONAL_REPRESENTATION('',(#1699),#1703);
#1699 = LINE('',#1700,#1701);
#1700 = CARTESIAN_POINT('',(0.,4.));
#1701 = VECTOR('',#1702,1.);
#1702 = DIRECTION('',(1.,0.));
#1703 = ( GEOMETRIC_REPRESENTATION_CONTEXT(2) 
PARAMETRIC_REPRESENTATION_CONTEXT() REPRESENTATION_CONTEXT('2D SPACE',''
  ) );
#1704 = PCURVE('',#1705,#1710);
#1705 = PLANE('',#1706);
#1706 = AXIS2_PLACEMENT_3D('',#1707,#1708,#1709);
#1707 = CARTESIAN_POINT('',(44.,-7.082940041311E-16,-10.00000000014));
#1708 = DIRECTION('',(1.,-2.22044604925E-16,2.22044604925E-16));
#1709 = DIRECTION('',(2.22044604925E-16,1.,0.));
#1710 = DEFINITIONAL_REPRESENTATION('',(#1711),#1715);
#1711 = LINE('',#1712,#1713);
#1712 = CARTESIAN_POINT('',(-20.,-11.99999999985));
#1713 = VECTOR('',#1714,1.);
#1714 = DIRECTION('',(0.,1.));
#1715 = ( GEOMETRIC_REPRESENTATION_CONTEXT(2) 
PARAMETRIC_REPRESENTATION_CONTEXT() REPRESENTATION_CONTEXT('2D SPACE',''
  ) );
#1716 = ORIENTED_EDGE('',*,*,#1717,.F.);
#1717 = EDGE_CURVE('',#1336,#1690,#1718,.T.);
#1718 = SURFACE_CURVE('',#1719,(#1723,#1730),.PCURVE_S1.);
#1719 = LINE('',#1720,#1721);
#1720 = CARTESIAN_POINT('',(40.,-20.,0.));
#1721 = VECTOR('',#1722,1.);
#1722 = DIRECTION('',(1.,0.,0.));
#1723 = PCURVE('',#635,#1724);
#1724 = DEFINITIONAL_REPRESENTATION('',(#1725),#1729);
#1725 = LINE('',#1726,#1727);
#1726 = CARTESIAN_POINT('',(22.,0.));
#1727 = VECTOR('',#1728,1.);
#1728 = DIRECTION('',(0.,1.));
#1729 = ( GEOMETRIC_REPRESENTATION_CONTEXT(2) 
PARAMETRIC_REPRESENTATION_CONTEXT() REPRESENTATION_CONTEXT('2D SPACE',''
  ) );
#1730 = PCURVE('',#1374,#1731);
#1731 = DEFINITIONAL_REPRESENTATION('',(#1732),#1736);
#1732 = LINE('',#1733,#1734);
#1733 = CARTESIAN_POINT('',(0.,54.));
#1734 = VECTOR('',#1735,1.);
#1735 = DIRECTION('',(1.,0.));
#1736 = ( GEOMETRIC_REPRESENTATION_CONTEXT(2) 
PARAMETRIC_REPRESENTATION_CONTEXT() REPRESENTATION_CONTEXT('2D SPACE',''
  ) );
#1737 = ORIENTED_EDGE('',*,*,#1335,.T.);
#1738 = ORIENTED_EDGE('',*,*,#620,.F.);
#1739 = ORIENTED_EDGE('',*,*,#768,.F.);
#1740 = ADVANCED_FACE('',(#1741),#863,.F.);
#1741 = FACE_BOUND('',#1742,.F.);
#1742 = EDGE_LOOP('',(#1743,#1762,#1763,#1764,#1765,#1766,#1767,#1768));
#1743 = ORIENTED_EDGE('',*,*,#1744,.F.);
#1744 = EDGE_CURVE('',#820,#1269,#1745,.T.);
#1745 = SURFACE_CURVE('',#1746,(#1750,#1756),.PCURVE_S1.);
#1746 = LINE('',#1747,#1748);
#1747 = CARTESIAN_POINT('',(40.,20.,18.));
#1748 = VECTOR('',#1749,1.);
#1749 = DIRECTION('',(-1.,0.,0.));
#1750 = PCURVE('',#863,#1751);
#1751 = DEFINITIONAL_REPRESENTATION('',(#1752),#1755);
#1752 = B_SPLINE_CURVE_WITH_KNOTS('',1,(#1753,#1754),.UNSPECIFIED.,.F.,
  .F.,(2,2),(-4.,0.),.PIECEWISE_BEZIER_KNOTS.);
#1753 = CARTESIAN_POINT('',(4.,55.1));
#1754 = CARTESIAN_POINT('',(0.,55.1));
#1755 = ( GEOMETRIC_REPRESENTATION_CONTEXT(2) 
PARAMETRIC_REPRESENTATION_CONTEXT() REPRESENTATION_CONTEXT('2D SPACE',''
  ) );
#1756 = PCURVE('',#835,#1757);
#1757 = DEFINITIONAL_REPRESENTATION('',(#1758),#1761);
#1758 = B_SPLINE_CURVE_WITH_KNOTS('',1,(#1759,#1760),.UNSPECIFIED.,.F.,
  .F.,(2,2),(-4.,0.),.PIECEWISE_BEZIER_KNOTS.);
#1759 = CARTESIAN_POINT('',(40.,4.));
#1760 = CARTESIAN_POINT('',(40.,0.));
#1761 = ( GEOMETRIC_REPRESENTATION_CONTEXT(2) 
PARAMETRIC_REPRESENTATION_CONTEXT() REPRESENTATION_CONTEXT('2D SPACE',''
  ) );
#1762 = ORIENTED_EDGE('',*,*,#847,.T.);
#1763 = ORIENTED_EDGE('',*,*,#936,.F.);
#1764 = ORIENTED_EDGE('',*,*,#1012,.F.);
#1765 = ORIENTED_EDGE('',*,*,#1063,.F.);
#1766 = ORIENTED_EDGE('',*,*,#1135,.F.);
#1767 = ORIENTED_EDGE('',*,*,#1161,.T.);
#1768 = ORIENTED_EDGE('',*,*,#1291,.T.);
#1769 = ADVANCED_FACE('',(#1770),#835,.T.);
#1770 = FACE_BOUND('',#1771,.T.);
#1771 = EDGE_LOOP('',(#1772,#1800,#1821,#1822,#1823));
#1772 = ORIENTED_EDGE('',*,*,#1773,.F.);
#1773 = EDGE_CURVE('',#1774,#792,#1776,.T.);
#1774 = VERTEX_POINT('',#1775);
#1775 = CARTESIAN_POINT('',(44.,20.,-22.));
#1776 = SURFACE_CURVE('',#1777,(#1781,#1788),.PCURVE_S1.);
#1777 = LINE('',#1778,#1779);
#1778 = CARTESIAN_POINT('',(44.,20.,-22.));
#1779 = VECTOR('',#1780,1.);
#1780 = DIRECTION('',(0.,0.,1.));
#1781 = PCURVE('',#835,#1782);
#1782 = DEFINITIONAL_REPRESENTATION('',(#1783),#1787);
#1783 = LINE('',#1784,#1785);
#1784 = CARTESIAN_POINT('',(0.,4.));
#1785 = VECTOR('',#1786,1.);
#1786 = DIRECTION('',(1.,0.));
#1787 = ( GEOMETRIC_REPRESENTATION_CONTEXT(2) 
PARAMETRIC_REPRESENTATION_CONTEXT() REPRESENTATION_CONTEXT('2D SPACE',''
  ) );
#1788 = PCURVE('',#1789,#1794);
#1789 = PLANE('',#1790);
#1790 = AXIS2_PLACEMENT_3D('',#1791,#1792,#1793);
#1791 = CARTESIAN_POINT('',(44.,-7.082940041311E-16,-10.00000000014));
#1792 = DIRECTION('',(1.,-2.22044604925E-16,2.22044604925E-16));
#1793 = DIRECTION('',(2.22044604925E-16,1.,0.));
#1794 = DEFINITIONAL_REPRESENTATION('',(#1795),#1799);
#1795 = LINE('',#1796,#1797);
#1796 = CARTESIAN_POINT('',(20.,-11.99999999985));
#1797 = VECTOR('',#1798,1.);
#1798 = DIRECTION('',(0.,1.));
#1799 = ( GEOMETRIC_REPRESENTATION_CONTEXT(2) 
PARAMETRIC_REPRESENTATION_CONTEXT() REPRESENTATION_CONTEXT('2D SPACE',''
  ) );
#1800 = ORIENTED_EDGE('',*,*,#1801,.F.);
#1801 = EDGE_CURVE('',#1241,#1774,#1802,.T.);
#1802 = SURFACE_CURVE('',#1803,(#1807,#1814),.PCURVE_S1.);
#1803 = LINE('',#1804,#1805);
#1804 = CARTESIAN_POINT('',(40.,20.,-22.));
#1805 = VECTOR('',#1806,1.);
#1806 = DIRECTION('',(1.,0.,0.));
#1807 = PCURVE('',#835,#1808);
#1808 = DEFINITIONAL_REPRESENTATION('',(#1809),#1813);
#1809 = LINE('',#1810,#1811);
#1810 = CARTESIAN_POINT('',(0.,0.));
#1811 = VECTOR('',#1812,1.);
#1812 = DIRECTION('',(0.,1.));
#1813 = ( GEOMETRIC_REPRESENTATION_CONTEXT(2) 
PARAMETRIC_REPRESENTATION_CONTEXT() REPRESENTATION_CONTEXT('2D SPACE',''
  ) );
#1814 = PCURVE('',#1256,#1815);
#1815 = DEFINITIONAL_REPRESENTATION('',(#1816),#1820);
#1816 = LINE('',#1817,#1818);
#1817 = CARTESIAN_POINT('',(0.,40.));
#1818 = VECTOR('',#1819,1.);
#1819 = DIRECTION('',(1.,0.));
#1820 = ( GEOMETRIC_REPRESENTATION_CONTEXT(2) 
PARAMETRIC_REPRESENTATION_CONTEXT() REPRESENTATION_CONTEXT('2D SPACE',''
  ) );
#1821 = ORIENTED_EDGE('',*,*,#1268,.T.);
#1822 = ORIENTED_EDGE('',*,*,#1744,.F.);
#1823 = ORIENTED_EDGE('',*,*,#819,.F.);
#1824 = ADVANCED_FACE('',(#1825),#807,.T.);
#1825 = FACE_BOUND('',#1826,.T.);
#1826 = EDGE_LOOP('',(#1827,#1850,#1878,#1906,#1932,#1958,#1984,#2012,
    #2040,#2061));
#1827 = ORIENTED_EDGE('',*,*,#1828,.F.);
#1828 = EDGE_CURVE('',#1829,#769,#1831,.T.);
#1829 = VERTEX_POINT('',#1830);
#1830 = CARTESIAN_POINT('',(44.,-36.5,1.999999999468));
#1831 = SURFACE_CURVE('',#1832,(#1836,#1843),.PCURVE_S1.);
#1832 = LINE('',#1833,#1834);
#1833 = CARTESIAN_POINT('',(44.,5.916456789158E-31,2.));
#1834 = VECTOR('',#1835,1.);
#1835 = DIRECTION('',(2.22044604925E-16,1.,0.));
#1836 = PCURVE('',#807,#1837);
#1837 = DEFINITIONAL_REPRESENTATION('',(#1838),#1842);
#1838 = LINE('',#1839,#1840);
#1839 = CARTESIAN_POINT('',(36.5,0.));
#1840 = VECTOR('',#1841,1.);
#1841 = DIRECTION('',(1.,0.));
#1842 = ( GEOMETRIC_REPRESENTATION_CONTEXT(2) 
PARAMETRIC_REPRESENTATION_CONTEXT() REPRESENTATION_CONTEXT('2D SPACE',''
  ) );
#1843 = PCURVE('',#1705,#1844);
#1844 = DEFINITIONAL_REPRESENTATION('',(#1845),#1849);
#1845 = LINE('',#1846,#1847);
#1846 = CARTESIAN_POINT('',(7.082940041311E-16,12.000000000145));
#1847 = VECTOR('',#1848,1.);
#1848 = DIRECTION('',(1.,0.));
#1849 = ( GEOMETRIC_REPRESENTATION_CONTEXT(2) 
PARAMETRIC_REPRESENTATION_CONTEXT() REPRESENTATION_CONTEXT('2D SPACE',''
  ) );
#1850 = ORIENTED_EDGE('',*,*,#1851,.T.);
#1851 = EDGE_CURVE('',#1829,#1852,#1854,.T.);
#1852 = VERTEX_POINT('',#1853);
#1853 = CARTESIAN_POINT('',(80.,-36.5,1.999999999468));
#1854 = SURFACE_CURVE('',#1855,(#1859,#1866),.PCURVE_S1.);
#1855 = LINE('',#1856,#1857);
#1856 = CARTESIAN_POINT('',(44.,-36.5,1.999999999468));
#1857 = VECTOR('',#1858,1.);
#1858 = DIRECTION('',(1.,-2.22044604925E-16,2.22044604925E-16));
#1859 = PCURVE('',#807,#1860);
#1860 = DEFINITIONAL_REPRESENTATION('',(#1861),#1865);
#1861 = LINE('',#1862,#1863);
#1862 = CARTESIAN_POINT('',(0.,0.));
#1863 = VECTOR('',#1864,1.);
#1864 = DIRECTION('',(0.,-1.));
#1865 = ( GEOMETRIC_REPRESENTATION_CONTEXT(2) 
PARAMETRIC_REPRESENTATION_CONTEXT() REPRESENTATION_CONTEXT('2D SPACE',''
  ) );
#1866 = PCURVE('',#1867,#1872);
#1867 = CYLINDRICAL_SURFACE('',#1868,3.);
#1868 = AXIS2_PLACEMENT_3D('',#1869,#1870,#1871);
#1869 = CARTESIAN_POINT('',(44.,-36.5,-1.000000001064));
#1870 = DIRECTION('',(-1.,2.22044604925E-16,-2.22044604925E-16));
#1871 = DIRECTION('',(2.22044604925E-16,1.,0.));
#1872 = DEFINITIONAL_REPRESENTATION('',(#1873),#1877);
#1873 = LINE('',#1874,#1875);
#1874 = CARTESIAN_POINT('',(-1.570796326795,0.));
#1875 = VECTOR('',#1876,1.);
#1876 = DIRECTION('',(0.,-1.));
#1877 = ( GEOMETRIC_REPRESENTATION_CONTEXT(2) 
PARAMETRIC_REPRESENTATION_CONTEXT() REPRESENTATION_CONTEXT('2D SPACE',''
  ) );
#1878 = ORIENTED_EDGE('',*,*,#1879,.T.);
#1879 = EDGE_CURVE('',#1852,#1880,#1882,.T.);
#1880 = VERTEX_POINT('',#1881);
#1881 = CARTESIAN_POINT('',(80.,-5.,2.));
#1882 = SURFACE_CURVE('',#1883,(#1887,#1894),.PCURVE_S1.);
#1883 = LINE('',#1884,#1885);
#1884 = CARTESIAN_POINT('',(80.,-7.993605777301E-15,2.));
#1885 = VECTOR('',#1886,1.);
#1886 = DIRECTION('',(2.22044604925E-16,1.,0.));
#1887 = PCURVE('',#807,#1888);
#1888 = DEFINITIONAL_REPRESENTATION('',(#1889),#1893);
#1889 = LINE('',#1890,#1891);
#1890 = CARTESIAN_POINT('',(36.5,-36.));
#1891 = VECTOR('',#1892,1.);
#1892 = DIRECTION('',(1.,0.));
#1893 = ( GEOMETRIC_REPRESENTATION_CONTEXT(2) 
PARAMETRIC_REPRESENTATION_CONTEXT() REPRESENTATION_CONTEXT('2D SPACE',''
  ) );
#1894 = PCURVE('',#1895,#1900);
#1895 = PLANE('',#1896);
#1896 = AXIS2_PLACEMENT_3D('',#1897,#1898,#1899);
#1897 = CARTESIAN_POINT('',(80.,-8.701899781432E-15,-10.00000000014));
#1898 = DIRECTION('',(1.,-2.22044604925E-16,2.22044604925E-16));
#1899 = DIRECTION('',(2.22044604925E-16,1.,0.));
#1900 = DEFINITIONAL_REPRESENTATION('',(#1901),#1905);
#1901 = LINE('',#1902,#1903);
#1902 = CARTESIAN_POINT('',(7.082940041311E-16,12.000000000145));
#1903 = VECTOR('',#1904,1.);
#1904 = DIRECTION('',(1.,0.));
#1905 = ( GEOMETRIC_REPRESENTATION_CONTEXT(2) 
PARAMETRIC_REPRESENTATION_CONTEXT() REPRESENTATION_CONTEXT('2D SPACE',''
  ) );
#1906 = ORIENTED_EDGE('',*,*,#1907,.T.);
#1907 = EDGE_CURVE('',#1880,#1908,#1910,.T.);
#1908 = VERTEX_POINT('',#1909);
#1909 = CARTESIAN_POINT('',(72.,-5.,2.));
#1910 = SURFACE_CURVE('',#1911,(#1915,#1921),.PCURVE_S1.);
#1911 = LINE('',#1912,#1913);
#1912 = CARTESIAN_POINT('',(58.,-5.,2.));
#1913 = VECTOR('',#1914,1.);
#1914 = DIRECTION('',(-1.,2.22044604925E-16,-2.22044604925E-16));
#1915 = PCURVE('',#807,#1916);
#1916 = DEFINITIONAL_REPRESENTATION('',(#1917),#1920);
#1917 = B_SPLINE_CURVE_WITH_KNOTS('',1,(#1918,#1919),.UNSPECIFIED.,.F.,
  .F.,(2,2),(-22.,-14.),.PIECEWISE_BEZIER_KNOTS.);
#1918 = CARTESIAN_POINT('',(31.5,-36.));
#1919 = CARTESIAN_POINT('',(31.5,-28.));
#1920 = ( GEOMETRIC_REPRESENTATION_CONTEXT(2) 
PARAMETRIC_REPRESENTATION_CONTEXT() REPRESENTATION_CONTEXT('2D SPACE',''
  ) );
#1921 = PCURVE('',#1922,#1927);
#1922 = PLANE('',#1923);
#1923 = AXIS2_PLACEMENT_3D('',#1924,#1925,#1926);
#1924 = CARTESIAN_POINT('',(72.,-5.,-1.));
#1925 = DIRECTION('',(2.22044604925E-16,1.,0.));
#1926 = DIRECTION('',(1.,-2.22044604925E-16,2.22044604925E-16));
#1927 = DEFINITIONAL_REPRESENTATION('',(#1928),#1931);
#1928 = B_SPLINE_CURVE_WITH_KNOTS('',1,(#1929,#1930),.UNSPECIFIED.,.F.,
  .F.,(2,2),(-22.,-14.),.PIECEWISE_BEZIER_KNOTS.);
#1929 = CARTESIAN_POINT('',(8.,-3.));
#1930 = CARTESIAN_POINT('',(0.,-3.));
#1931 = ( GEOMETRIC_REPRESENTATION_CONTEXT(2) 
PARAMETRIC_REPRESENTATION_CONTEXT() REPRESENTATION_CONTEXT('2D SPACE',''
  ) );
#1932 = ORIENTED_EDGE('',*,*,#1933,.T.);
#1933 = EDGE_CURVE('',#1908,#1934,#1936,.T.);
#1934 = VERTEX_POINT('',#1935);
#1935 = CARTESIAN_POINT('',(72.,5.,2.));
#1936 = SURFACE_CURVE('',#1937,(#1941,#1947),.PCURVE_S1.);
#1937 = LINE('',#1938,#1939);
#1938 = CARTESIAN_POINT('',(72.,-20.75,2.));
#1939 = VECTOR('',#1940,1.);
#1940 = DIRECTION('',(2.22044604925E-16,1.,0.));
#1941 = PCURVE('',#807,#1942);
#1942 = DEFINITIONAL_REPRESENTATION('',(#1943),#1946);
#1943 = B_SPLINE_CURVE_WITH_KNOTS('',1,(#1944,#1945),.UNSPECIFIED.,.F.,
  .F.,(2,2),(15.75,25.75),.PIECEWISE_BEZIER_KNOTS.);
#1944 = CARTESIAN_POINT('',(31.5,-28.));
#1945 = CARTESIAN_POINT('',(41.5,-28.));
#1946 = ( GEOMETRIC_REPRESENTATION_CONTEXT(2) 
PARAMETRIC_REPRESENTATION_CONTEXT() REPRESENTATION_CONTEXT('2D SPACE',''
  ) );
#1947 = PCURVE('',#1948,#1953);
#1948 = PLANE('',#1949);
#1949 = AXIS2_PLACEMENT_3D('',#1950,#1951,#1952);
#1950 = CARTESIAN_POINT('',(72.,-5.,-1.));
#1951 = DIRECTION('',(1.,-2.22044604925E-16,2.22044604925E-16));
#1952 = DIRECTION('',(2.22044604925E-16,1.,0.));
#1953 = DEFINITIONAL_REPRESENTATION('',(#1954),#1957);
#1954 = B_SPLINE_CURVE_WITH_KNOTS('',1,(#1955,#1956),.UNSPECIFIED.,.F.,
  .F.,(2,2),(15.75,25.75),.PIECEWISE_BEZIER_KNOTS.);
#1955 = CARTESIAN_POINT('',(0.,3.));
#1956 = CARTESIAN_POINT('',(10.,3.));
#1957 = ( GEOMETRIC_REPRESENTATION_CONTEXT(2) 
PARAMETRIC_REPRESENTATION_CONTEXT() REPRESENTATION_CONTEXT('2D SPACE',''
  ) );
#1958 = ORIENTED_EDGE('',*,*,#1959,.F.);
#1959 = EDGE_CURVE('',#1960,#1934,#1962,.T.);
#1960 = VERTEX_POINT('',#1961);
#1961 = CARTESIAN_POINT('',(80.,5.,2.));
#1962 = SURFACE_CURVE('',#1963,(#1967,#1973),.PCURVE_S1.);
#1963 = LINE('',#1964,#1965);
#1964 = CARTESIAN_POINT('',(58.,5.,2.));
#1965 = VECTOR('',#1966,1.);
#1966 = DIRECTION('',(-1.,2.22044604925E-16,-2.22044604925E-16));
#1967 = PCURVE('',#807,#1968);
#1968 = DEFINITIONAL_REPRESENTATION('',(#1969),#1972);
#1969 = B_SPLINE_CURVE_WITH_KNOTS('',1,(#1970,#1971),.UNSPECIFIED.,.F.,
  .F.,(2,2),(-22.,-14.),.PIECEWISE_BEZIER_KNOTS.);
#1970 = CARTESIAN_POINT('',(41.5,-36.));
#1971 = CARTESIAN_POINT('',(41.5,-28.));
#1972 = ( GEOMETRIC_REPRESENTATION_CONTEXT(2) 
PARAMETRIC_REPRESENTATION_CONTEXT() REPRESENTATION_CONTEXT('2D SPACE',''
  ) );
#1973 = PCURVE('',#1974,#1979);
#1974 = PLANE('',#1975);
#1975 = AXIS2_PLACEMENT_3D('',#1976,#1977,#1978);
#1976 = CARTESIAN_POINT('',(72.,5.,-1.));
#1977 = DIRECTION('',(2.22044604925E-16,1.,0.));
#1978 = DIRECTION('',(1.,-2.22044604925E-16,2.22044604925E-16));
#1979 = DEFINITIONAL_REPRESENTATION('',(#1980),#1983);
#1980 = B_SPLINE_CURVE_WITH_KNOTS('',1,(#1981,#1982),.UNSPECIFIED.,.F.,
  .F.,(2,2),(-22.,-14.),.PIECEWISE_BEZIER_KNOTS.);
#1981 = CARTESIAN_POINT('',(8.,-3.));
#1982 = CARTESIAN_POINT('',(0.,-3.));
#1983 = ( GEOMETRIC_REPRESENTATION_CONTEXT(2) 
PARAMETRIC_REPRESENTATION_CONTEXT() REPRESENTATION_CONTEXT('2D SPACE',''
  ) );
#1984 = ORIENTED_EDGE('',*,*,#1985,.T.);
#1985 = EDGE_CURVE('',#1960,#1986,#1988,.T.);
#1986 = VERTEX_POINT('',#1987);
#1987 = CARTESIAN_POINT('',(80.,36.5,1.999999999468));
#1988 = SURFACE_CURVE('',#1989,(#1993,#2000),.PCURVE_S1.);
#1989 = LINE('',#1990,#1991);
#1990 = CARTESIAN_POINT('',(80.,-7.993605777301E-15,2.));
#1991 = VECTOR('',#1992,1.);
#1992 = DIRECTION('',(2.22044604925E-16,1.,0.));
#1993 = PCURVE('',#807,#1994);
#1994 = DEFINITIONAL_REPRESENTATION('',(#1995),#1999);
#1995 = LINE('',#1996,#1997);
#1996 = CARTESIAN_POINT('',(36.5,-36.));
#1997 = VECTOR('',#1998,1.);
#1998 = DIRECTION('',(1.,0.));
#1999 = ( GEOMETRIC_REPRESENTATION_CONTEXT(2) 
PARAMETRIC_REPRESENTATION_CONTEXT() REPRESENTATION_CONTEXT('2D SPACE',''
  ) );
#2000 = PCURVE('',#2001,#2006);
#2001 = PLANE('',#2002);
#2002 = AXIS2_PLACEMENT_3D('',#2003,#2004,#2005);
#2003 = CARTESIAN_POINT('',(80.,-8.701899781432E-15,-10.00000000014));
#2004 = DIRECTION('',(1.,-2.22044604925E-16,2.22044604925E-16));
#2005 = DIRECTION('',(2.22044604925E-16,1.,0.));
#2006 = DEFINITIONAL_REPRESENTATION('',(#2007),#2011);
#2007 = LINE('',#2008,#2009);
#2008 = CARTESIAN_POINT('',(7.082940041311E-16,12.000000000145));
#2009 = VECTOR('',#2010,1.);
#2010 = DIRECTION('',(1.,0.));
#2011 = ( GEOMETRIC_REPRESENTATION_CONTEXT(2) 
PARAMETRIC_REPRESENTATION_CONTEXT() REPRESENTATION_CONTEXT('2D SPACE',''
  ) );
#2012 = ORIENTED_EDGE('',*,*,#2013,.F.);
#2013 = EDGE_CURVE('',#2014,#1986,#2016,.T.);
#2014 = VERTEX_POINT('',#2015);
#2015 = CARTESIAN_POINT('',(44.,36.5,1.999999999468));
#2016 = SURFACE_CURVE('',#2017,(#2021,#2028),.PCURVE_S1.);
#2017 = LINE('',#2018,#2019);
#2018 = CARTESIAN_POINT('',(44.,36.5,1.999999999468));
#2019 = VECTOR('',#2020,1.);
#2020 = DIRECTION('',(1.,-2.22044604925E-16,2.22044604925E-16));
#2021 = PCURVE('',#807,#2022);
#2022 = DEFINITIONAL_REPRESENTATION('',(#2023),#2027);
#2023 = LINE('',#2024,#2025);
#2024 = CARTESIAN_POINT('',(73.,0.));
#2025 = VECTOR('',#2026,1.);
#2026 = DIRECTION('',(0.,-1.));
#2027 = ( GEOMETRIC_REPRESENTATION_CONTEXT(2) 
PARAMETRIC_REPRESENTATION_CONTEXT() REPRESENTATION_CONTEXT('2D SPACE',''
  ) );
#2028 = PCURVE('',#2029,#2034);
#2029 = CYLINDRICAL_SURFACE('',#2030,3.);
#2030 = AXIS2_PLACEMENT_3D('',#2031,#2032,#2033);
#2031 = CARTESIAN_POINT('',(44.,36.5,-1.000000001064));
#2032 = DIRECTION('',(-1.,2.22044604925E-16,-2.22044604925E-16));
#2033 = DIRECTION('',(2.22044604925E-16,1.,0.));
#2034 = DEFINITIONAL_REPRESENTATION('',(#2035),#2039);
#2035 = LINE('',#2036,#2037);
#2036 = CARTESIAN_POINT('',(-1.570796326795,0.));
#2037 = VECTOR('',#2038,1.);
#2038 = DIRECTION('',(0.,-1.));
#2039 = ( GEOMETRIC_REPRESENTATION_CONTEXT(2) 
PARAMETRIC_REPRESENTATION_CONTEXT() REPRESENTATION_CONTEXT('2D SPACE',''
  ) );
#2040 = ORIENTED_EDGE('',*,*,#2041,.F.);
#2041 = EDGE_CURVE('',#792,#2014,#2042,.T.);
#2042 = SURFACE_CURVE('',#2043,(#2047,#2054),.PCURVE_S1.);
#2043 = LINE('',#2044,#2045);
#2044 = CARTESIAN_POINT('',(44.,5.916456789158E-31,2.));
#2045 = VECTOR('',#2046,1.);
#2046 = DIRECTION('',(2.22044604925E-16,1.,0.));
#2047 = PCURVE('',#807,#2048);
#2048 = DEFINITIONAL_REPRESENTATION('',(#2049),#2053);
#2049 = LINE('',#2050,#2051);
#2050 = CARTESIAN_POINT('',(36.5,0.));
#2051 = VECTOR('',#2052,1.);
#2052 = DIRECTION('',(1.,0.));
#2053 = ( GEOMETRIC_REPRESENTATION_CONTEXT(2) 
PARAMETRIC_REPRESENTATION_CONTEXT() REPRESENTATION_CONTEXT('2D SPACE',''
  ) );
#2054 = PCURVE('',#1789,#2055);
#2055 = DEFINITIONAL_REPRESENTATION('',(#2056),#2060);
#2056 = LINE('',#2057,#2058);
#2057 = CARTESIAN_POINT('',(7.082940041311E-16,12.000000000145));
#2058 = VECTOR('',#2059,1.);
#2059 = DIRECTION('',(1.,0.));
#2060 = ( GEOMETRIC_REPRESENTATION_CONTEXT(2) 
PARAMETRIC_REPRESENTATION_CONTEXT() REPRESENTATION_CONTEXT('2D SPACE',''
  ) );
#2061 = ORIENTED_EDGE('',*,*,#791,.F.);
#2062 = ADVANCED_FACE('',(#2063),#920,.F.);
#2063 = FACE_BOUND('',#2064,.F.);
#2064 = EDGE_LOOP('',(#2065,#2066,#2087,#2088));
#2065 = ORIENTED_EDGE('',*,*,#903,.F.);
#2066 = ORIENTED_EDGE('',*,*,#2067,.F.);
#2067 = EDGE_CURVE('',#1037,#904,#2068,.T.);
#2068 = SEAM_CURVE('',#2069,(#2073,#2080),.PCURVE_S1.);
#2069 = LINE('',#2070,#2071);
#2070 = CARTESIAN_POINT('',(39.,35.1,21.75));
#2071 = VECTOR('',#2072,1.);
#2072 = DIRECTION('',(1.,0.,2.22044604925E-16));
#2073 = PCURVE('',#920,#2074);
#2074 = DEFINITIONAL_REPRESENTATION('',(#2075),#2079);
#2075 = LINE('',#2076,#2077);
#2076 = CARTESIAN_POINT('',(6.28318530718,0.));
#2077 = VECTOR('',#2078,1.);
#2078 = DIRECTION('',(0.,1.));
#2079 = ( GEOMETRIC_REPRESENTATION_CONTEXT(2) 
PARAMETRIC_REPRESENTATION_CONTEXT() REPRESENTATION_CONTEXT('2D SPACE',''
  ) );
#2080 = PCURVE('',#920,#2081);
#2081 = DEFINITIONAL_REPRESENTATION('',(#2082),#2086);
#2082 = LINE('',#2083,#2084);
#2083 = CARTESIAN_POINT('',(0.,0.));
#2084 = VECTOR('',#2085,1.);
#2085 = DIRECTION('',(0.,1.));
#2086 = ( GEOMETRIC_REPRESENTATION_CONTEXT(2) 
PARAMETRIC_REPRESENTATION_CONTEXT() REPRESENTATION_CONTEXT('2D SPACE',''
  ) );
#2087 = ORIENTED_EDGE('',*,*,#1036,.T.);
#2088 = ORIENTED_EDGE('',*,*,#2067,.T.);
#2089 = ADVANCED_FACE('',(#2090),#1228,.F.);
#2090 = FACE_BOUND('',#2091,.F.);
#2091 = EDGE_LOOP('',(#2092,#2122,#2143,#2144));
#2092 = ORIENTED_EDGE('',*,*,#2093,.F.);
#2093 = EDGE_CURVE('',#2094,#2096,#2098,.T.);
#2094 = VERTEX_POINT('',#2095);
#2095 = CARTESIAN_POINT('',(44.,-20.,-22.));
#2096 = VERTEX_POINT('',#2097);
#2097 = CARTESIAN_POINT('',(44.,-20.,-20.));
#2098 = SURFACE_CURVE('',#2099,(#2103,#2110),.PCURVE_S1.);
#2099 = LINE('',#2100,#2101);
#2100 = CARTESIAN_POINT('',(44.,-20.,-22.));
#2101 = VECTOR('',#2102,1.);
#2102 = DIRECTION('',(0.,0.,1.));
#2103 = PCURVE('',#1228,#2104);
#2104 = DEFINITIONAL_REPRESENTATION('',(#2105),#2109);
#2105 = LINE('',#2106,#2107);
#2106 = CARTESIAN_POINT('',(0.,4.));
#2107 = VECTOR('',#2108,1.);
#2108 = DIRECTION('',(1.,0.));
#2109 = ( GEOMETRIC_REPRESENTATION_CONTEXT(2) 
PARAMETRIC_REPRESENTATION_CONTEXT() REPRESENTATION_CONTEXT('2D SPACE',''
  ) );
#2110 = PCURVE('',#2111,#2116);
#2111 = PLANE('',#2112);
#2112 = AXIS2_PLACEMENT_3D('',#2113,#2114,#2115);
#2113 = CARTESIAN_POINT('',(44.,-7.082940041311E-16,-10.00000000014));
#2114 = DIRECTION('',(1.,-2.22044604925E-16,2.22044604925E-16));
#2115 = DIRECTION('',(2.22044604925E-16,1.,0.));
#2116 = DEFINITIONAL_REPRESENTATION('',(#2117),#2121);
#2117 = LINE('',#2118,#2119);
#2118 = CARTESIAN_POINT('',(-20.,-11.99999999985));
#2119 = VECTOR('',#2120,1.);
#2120 = DIRECTION('',(0.,1.));
#2121 = ( GEOMETRIC_REPRESENTATION_CONTEXT(2) 
PARAMETRIC_REPRESENTATION_CONTEXT() REPRESENTATION_CONTEXT('2D SPACE',''
  ) );
#2122 = ORIENTED_EDGE('',*,*,#2123,.F.);
#2123 = EDGE_CURVE('',#1211,#2094,#2124,.T.);
#2124 = SURFACE_CURVE('',#2125,(#2129,#2136),.PCURVE_S1.);
#2125 = LINE('',#2126,#2127);
#2126 = CARTESIAN_POINT('',(40.,-20.,-22.));
#2127 = VECTOR('',#2128,1.);
#2128 = DIRECTION('',(1.,0.,0.));
#2129 = PCURVE('',#1228,#2130);
#2130 = DEFINITIONAL_REPRESENTATION('',(#2131),#2135);
#2131 = LINE('',#2132,#2133);
#2132 = CARTESIAN_POINT('',(0.,0.));
#2133 = VECTOR('',#2134,1.);
#2134 = DIRECTION('',(0.,1.));
#2135 = ( GEOMETRIC_REPRESENTATION_CONTEXT(2) 
PARAMETRIC_REPRESENTATION_CONTEXT() REPRESENTATION_CONTEXT('2D SPACE',''
  ) );
#2136 = PCURVE('',#1256,#2137);
#2137 = DEFINITIONAL_REPRESENTATION('',(#2138),#2142);
#2138 = LINE('',#2139,#2140);
#2139 = CARTESIAN_POINT('',(0.,0.));
#2140 = VECTOR('',#2141,1.);
#2141 = DIRECTION('',(1.,0.));
#2142 = ( GEOMETRIC_REPRESENTATION_CONTEXT(2) 
PARAMETRIC_REPRESENTATION_CONTEXT() REPRESENTATION_CONTEXT('2D SPACE',''
  ) );
#2143 = ORIENTED_EDGE('',*,*,#1210,.T.);
#2144 = ORIENTED_EDGE('',*,*,#2145,.T.);
#2145 = EDGE_CURVE('',#1213,#2096,#2146,.T.);
#2146 = SURFACE_CURVE('',#2147,(#2151,#2158),.PCURVE_S1.);
#2147 = LINE('',#2148,#2149);
#2148 = CARTESIAN_POINT('',(40.,-20.,-20.));
#2149 = VECTOR('',#2150,1.);
#2150 = DIRECTION('',(1.,0.,0.));
#2151 = PCURVE('',#1228,#2152);
#2152 = DEFINITIONAL_REPRESENTATION('',(#2153),#2157);
#2153 = LINE('',#2154,#2155);
#2154 = CARTESIAN_POINT('',(2.,0.));
#2155 = VECTOR('',#2156,1.);
#2156 = DIRECTION('',(0.,1.));
#2157 = ( GEOMETRIC_REPRESENTATION_CONTEXT(2) 
PARAMETRIC_REPRESENTATION_CONTEXT() REPRESENTATION_CONTEXT('2D SPACE',''
  ) );
#2158 = PCURVE('',#1428,#2159);
#2159 = DEFINITIONAL_REPRESENTATION('',(#2160),#2164);
#2160 = LINE('',#2161,#2162);
#2161 = CARTESIAN_POINT('',(0.,54.));
#2162 = VECTOR('',#2163,1.);
#2163 = DIRECTION('',(1.,0.));
#2164 = ( GEOMETRIC_REPRESENTATION_CONTEXT(2) 
PARAMETRIC_REPRESENTATION_CONTEXT() REPRESENTATION_CONTEXT('2D SPACE',''
  ) );
#2165 = ADVANCED_FACE('',(#2166),#1256,.F.);
#2166 = FACE_BOUND('',#2167,.F.);
#2167 = EDGE_LOOP('',(#2168,#2169,#2170,#2193,#2221,#2244,#2272,#2293));
#2168 = ORIENTED_EDGE('',*,*,#1240,.F.);
#2169 = ORIENTED_EDGE('',*,*,#2123,.T.);
#2170 = ORIENTED_EDGE('',*,*,#2171,.F.);
#2171 = EDGE_CURVE('',#2172,#2094,#2174,.T.);
#2172 = VERTEX_POINT('',#2173);
#2173 = CARTESIAN_POINT('',(44.,-36.5,-22.));
#2174 = SURFACE_CURVE('',#2175,(#2179,#2186),.PCURVE_S1.);
#2175 = LINE('',#2176,#2177);
#2176 = CARTESIAN_POINT('',(44.,-5.916456789158E-31,-22.));
#2177 = VECTOR('',#2178,1.);
#2178 = DIRECTION('',(2.22044604925E-16,1.,0.));
#2179 = PCURVE('',#1256,#2180);
#2180 = DEFINITIONAL_REPRESENTATION('',(#2181),#2185);
#2181 = LINE('',#2182,#2183);
#2182 = CARTESIAN_POINT('',(4.,20.));
#2183 = VECTOR('',#2184,1.);
#2184 = DIRECTION('',(2.22044604925E-16,1.));
#2185 = ( GEOMETRIC_REPRESENTATION_CONTEXT(2) 
PARAMETRIC_REPRESENTATION_CONTEXT() REPRESENTATION_CONTEXT('2D SPACE',''
  ) );
#2186 = PCURVE('',#2111,#2187);
#2187 = DEFINITIONAL_REPRESENTATION('',(#2188),#2192);
#2188 = LINE('',#2189,#2190);
#2189 = CARTESIAN_POINT('',(7.082940041311E-16,-11.99999999985));
#2190 = VECTOR('',#2191,1.);
#2191 = DIRECTION('',(1.,0.));
#2192 = ( GEOMETRIC_REPRESENTATION_CONTEXT(2) 
PARAMETRIC_REPRESENTATION_CONTEXT() REPRESENTATION_CONTEXT('2D SPACE',''
  ) );
#2193 = ORIENTED_EDGE('',*,*,#2194,.T.);
#2194 = EDGE_CURVE('',#2172,#2195,#2197,.T.);
#2195 = VERTEX_POINT('',#2196);
#2196 = CARTESIAN_POINT('',(80.,-36.5,-22.));
#2197 = SURFACE_CURVE('',#2198,(#2202,#2209),.PCURVE_S1.);
#2198 = LINE('',#2199,#2200);
#2199 = CARTESIAN_POINT('',(44.,-36.5,-22.));
#2200 = VECTOR('',#2201,1.);
#2201 = DIRECTION('',(1.,-2.22044604925E-16,2.22044604925E-16));
#2202 = PCURVE('',#1256,#2203);
#2203 = DEFINITIONAL_REPRESENTATION('',(#2204),#2208);
#2204 = LINE('',#2205,#2206);
#2205 = CARTESIAN_POINT('',(4.,-16.5));
#2206 = VECTOR('',#2207,1.);
#2207 = DIRECTION('',(1.,-2.22044604925E-16));
#2208 = ( GEOMETRIC_REPRESENTATION_CONTEXT(2) 
PARAMETRIC_REPRESENTATION_CONTEXT() REPRESENTATION_CONTEXT('2D SPACE',''
  ) );
#2209 = PCURVE('',#2210,#2215);
#2210 = CYLINDRICAL_SURFACE('',#2211,3.);
#2211 = AXIS2_PLACEMENT_3D('',#2212,#2213,#2214);
#2212 = CARTESIAN_POINT('',(44.,-36.5,-19.));
#2213 = DIRECTION('',(-1.,2.22044604925E-16,-2.22044604925E-16));
#2214 = DIRECTION('',(2.22044604925E-16,1.,0.));
#2215 = DEFINITIONAL_REPRESENTATION('',(#2216),#2220);
#2216 = LINE('',#2217,#2218);
#2217 = CARTESIAN_POINT('',(-4.712388980385,0.));
#2218 = VECTOR('',#2219,1.);
#2219 = DIRECTION('',(0.,-1.));
#2220 = ( GEOMETRIC_REPRESENTATION_CONTEXT(2) 
PARAMETRIC_REPRESENTATION_CONTEXT() REPRESENTATION_CONTEXT('2D SPACE',''
  ) );
#2221 = ORIENTED_EDGE('',*,*,#2222,.T.);
#2222 = EDGE_CURVE('',#2195,#2223,#2225,.T.);
#2223 = VERTEX_POINT('',#2224);
#2224 = CARTESIAN_POINT('',(80.,36.5,-22.));
#2225 = SURFACE_CURVE('',#2226,(#2230,#2237),.PCURVE_S1.);
#2226 = LINE('',#2227,#2228);
#2227 = CARTESIAN_POINT('',(80.,-7.993605777301E-15,-22.));
#2228 = VECTOR('',#2229,1.);
#2229 = DIRECTION('',(2.22044604925E-16,1.,0.));
#2230 = PCURVE('',#1256,#2231);
#2231 = DEFINITIONAL_REPRESENTATION('',(#2232),#2236);
#2232 = LINE('',#2233,#2234);
#2233 = CARTESIAN_POINT('',(40.,20.));
#2234 = VECTOR('',#2235,1.);
#2235 = DIRECTION('',(2.22044604925E-16,1.));
#2236 = ( GEOMETRIC_REPRESENTATION_CONTEXT(2) 
PARAMETRIC_REPRESENTATION_CONTEXT() REPRESENTATION_CONTEXT('2D SPACE',''
  ) );
#2237 = PCURVE('',#2001,#2238);
#2238 = DEFINITIONAL_REPRESENTATION('',(#2239),#2243);
#2239 = LINE('',#2240,#2241);
#2240 = CARTESIAN_POINT('',(7.082940041311E-16,-11.99999999985));
#2241 = VECTOR('',#2242,1.);
#2242 = DIRECTION('',(1.,0.));
#2243 = ( GEOMETRIC_REPRESENTATION_CONTEXT(2) 
PARAMETRIC_REPRESENTATION_CONTEXT() REPRESENTATION_CONTEXT('2D SPACE',''
  ) );
#2244 = ORIENTED_EDGE('',*,*,#2245,.F.);
#2245 = EDGE_CURVE('',#2246,#2223,#2248,.T.);
#2246 = VERTEX_POINT('',#2247);
#2247 = CARTESIAN_POINT('',(44.,36.5,-22.));
#2248 = SURFACE_CURVE('',#2249,(#2253,#2260),.PCURVE_S1.);
#2249 = LINE('',#2250,#2251);
#2250 = CARTESIAN_POINT('',(44.,36.5,-22.));
#2251 = VECTOR('',#2252,1.);
#2252 = DIRECTION('',(1.,-2.22044604925E-16,2.22044604925E-16));
#2253 = PCURVE('',#1256,#2254);
#2254 = DEFINITIONAL_REPRESENTATION('',(#2255),#2259);
#2255 = LINE('',#2256,#2257);
#2256 = CARTESIAN_POINT('',(4.,56.5));
#2257 = VECTOR('',#2258,1.);
#2258 = DIRECTION('',(1.,-2.22044604925E-16));
#2259 = ( GEOMETRIC_REPRESENTATION_CONTEXT(2) 
PARAMETRIC_REPRESENTATION_CONTEXT() REPRESENTATION_CONTEXT('2D SPACE',''
  ) );
#2260 = PCURVE('',#2261,#2266);
#2261 = CYLINDRICAL_SURFACE('',#2262,3.);
#2262 = AXIS2_PLACEMENT_3D('',#2263,#2264,#2265);
#2263 = CARTESIAN_POINT('',(44.,36.5,-19.));
#2264 = DIRECTION('',(-1.,2.22044604925E-16,-2.22044604925E-16));
#2265 = DIRECTION('',(2.22044604925E-16,1.,0.));
#2266 = DEFINITIONAL_REPRESENTATION('',(#2267),#2271);
#2267 = LINE('',#2268,#2269);
#2268 = CARTESIAN_POINT('',(-4.712388980385,0.));
#2269 = VECTOR('',#2270,1.);
#2270 = DIRECTION('',(0.,-1.));
#2271 = ( GEOMETRIC_REPRESENTATION_CONTEXT(2) 
PARAMETRIC_REPRESENTATION_CONTEXT() REPRESENTATION_CONTEXT('2D SPACE',''
  ) );
#2272 = ORIENTED_EDGE('',*,*,#2273,.F.);
#2273 = EDGE_CURVE('',#1774,#2246,#2274,.T.);
#2274 = SURFACE_CURVE('',#2275,(#2279,#2286),.PCURVE_S1.);
#2275 = LINE('',#2276,#2277);
#2276 = CARTESIAN_POINT('',(44.,-5.916456789158E-31,-22.));
#2277 = VECTOR('',#2278,1.);
#2278 = DIRECTION('',(2.22044604925E-16,1.,0.));
#2279 = PCURVE('',#1256,#2280);
#2280 = DEFINITIONAL_REPRESENTATION('',(#2281),#2285);
#2281 = LINE('',#2282,#2283);
#2282 = CARTESIAN_POINT('',(4.,20.));
#2283 = VECTOR('',#2284,1.);
#2284 = DIRECTION('',(2.22044604925E-16,1.));
#2285 = ( GEOMETRIC_REPRESENTATION_CONTEXT(2) 
PARAMETRIC_REPRESENTATION_CONTEXT() REPRESENTATION_CONTEXT('2D SPACE',''
  ) );
#2286 = PCURVE('',#1789,#2287);
#2287 = DEFINITIONAL_REPRESENTATION('',(#2288),#2292);
#2288 = LINE('',#2289,#2290);
#2289 = CARTESIAN_POINT('',(7.082940041311E-16,-11.99999999985));
#2290 = VECTOR('',#2291,1.);
#2291 = DIRECTION('',(1.,0.));
#2292 = ( GEOMETRIC_REPRESENTATION_CONTEXT(2) 
PARAMETRIC_REPRESENTATION_CONTEXT() REPRESENTATION_CONTEXT('2D SPACE',''
  ) );
#2293 = ORIENTED_EDGE('',*,*,#1801,.F.);
#2294 = ADVANCED_FACE('',(#2295),#1428,.F.);
#2295 = FACE_BOUND('',#2296,.F.);
#2296 = EDGE_LOOP('',(#2297,#2298,#2321,#2349,#2370));
#2297 = ORIENTED_EDGE('',*,*,#1414,.F.);
#2298 = ORIENTED_EDGE('',*,*,#2299,.T.);
#2299 = EDGE_CURVE('',#1387,#2300,#2302,.T.);
#2300 = VERTEX_POINT('',#2301);
#2301 = CARTESIAN_POINT('',(44.,-74.,-20.));
#2302 = SURFACE_CURVE('',#2303,(#2307,#2314),.PCURVE_S1.);
#2303 = LINE('',#2304,#2305);
#2304 = CARTESIAN_POINT('',(40.,-74.,-20.));
#2305 = VECTOR('',#2306,1.);
#2306 = DIRECTION('',(1.,0.,0.));
#2307 = PCURVE('',#1428,#2308);
#2308 = DEFINITIONAL_REPRESENTATION('',(#2309),#2313);
#2309 = LINE('',#2310,#2311);
#2310 = CARTESIAN_POINT('',(0.,0.));
#2311 = VECTOR('',#2312,1.);
#2312 = DIRECTION('',(1.,0.));
#2313 = ( GEOMETRIC_REPRESENTATION_CONTEXT(2) 
PARAMETRIC_REPRESENTATION_CONTEXT() REPRESENTATION_CONTEXT('2D SPACE',''
  ) );
#2314 = PCURVE('',#1402,#2315);
#2315 = DEFINITIONAL_REPRESENTATION('',(#2316),#2320);
#2316 = LINE('',#2317,#2318);
#2317 = CARTESIAN_POINT('',(0.,0.));
#2318 = VECTOR('',#2319,1.);
#2319 = DIRECTION('',(0.,1.));
#2320 = ( GEOMETRIC_REPRESENTATION_CONTEXT(2) 
PARAMETRIC_REPRESENTATION_CONTEXT() REPRESENTATION_CONTEXT('2D SPACE',''
  ) );
#2321 = ORIENTED_EDGE('',*,*,#2322,.T.);
#2322 = EDGE_CURVE('',#2300,#2323,#2325,.T.);
#2323 = VERTEX_POINT('',#2324);
#2324 = CARTESIAN_POINT('',(44.,-39.32842712474,-20.));
#2325 = SURFACE_CURVE('',#2326,(#2330,#2337),.PCURVE_S1.);
#2326 = LINE('',#2327,#2328);
#2327 = CARTESIAN_POINT('',(44.,-74.,-20.));
#2328 = VECTOR('',#2329,1.);
#2329 = DIRECTION('',(0.,1.,0.));
#2330 = PCURVE('',#1428,#2331);
#2331 = DEFINITIONAL_REPRESENTATION('',(#2332),#2336);
#2332 = LINE('',#2333,#2334);
#2333 = CARTESIAN_POINT('',(4.,0.));
#2334 = VECTOR('',#2335,1.);
#2335 = DIRECTION('',(0.,1.));
#2336 = ( GEOMETRIC_REPRESENTATION_CONTEXT(2) 
PARAMETRIC_REPRESENTATION_CONTEXT() REPRESENTATION_CONTEXT('2D SPACE',''
  ) );
#2337 = PCURVE('',#2338,#2343);
#2338 = PLANE('',#2339);
#2339 = AXIS2_PLACEMENT_3D('',#2340,#2341,#2342);
#2340 = CARTESIAN_POINT('',(44.,-74.,-20.));
#2341 = DIRECTION('',(1.,0.,0.));
#2342 = DIRECTION('',(0.,0.,1.));
#2343 = DEFINITIONAL_REPRESENTATION('',(#2344),#2348);
#2344 = LINE('',#2345,#2346);
#2345 = CARTESIAN_POINT('',(0.,0.));
#2346 = VECTOR('',#2347,1.);
#2347 = DIRECTION('',(0.,-1.));
#2348 = ( GEOMETRIC_REPRESENTATION_CONTEXT(2) 
PARAMETRIC_REPRESENTATION_CONTEXT() REPRESENTATION_CONTEXT('2D SPACE',''
  ) );
#2349 = ORIENTED_EDGE('',*,*,#2350,.T.);
#2350 = EDGE_CURVE('',#2323,#2096,#2351,.T.);
#2351 = SURFACE_CURVE('',#2352,(#2356,#2363),.PCURVE_S1.);
#2352 = LINE('',#2353,#2354);
#2353 = CARTESIAN_POINT('',(44.,-74.,-20.));
#2354 = VECTOR('',#2355,1.);
#2355 = DIRECTION('',(0.,1.,0.));
#2356 = PCURVE('',#1428,#2357);
#2357 = DEFINITIONAL_REPRESENTATION('',(#2358),#2362);
#2358 = LINE('',#2359,#2360);
#2359 = CARTESIAN_POINT('',(4.,0.));
#2360 = VECTOR('',#2361,1.);
#2361 = DIRECTION('',(0.,1.));
#2362 = ( GEOMETRIC_REPRESENTATION_CONTEXT(2) 
PARAMETRIC_REPRESENTATION_CONTEXT() REPRESENTATION_CONTEXT('2D SPACE',''
  ) );
#2363 = PCURVE('',#2111,#2364);
#2364 = DEFINITIONAL_REPRESENTATION('',(#2365),#2369);
#2365 = LINE('',#2366,#2367);
#2366 = CARTESIAN_POINT('',(-74.,-9.999999999855));
#2367 = VECTOR('',#2368,1.);
#2368 = DIRECTION('',(1.,4.930380657631E-32));
#2369 = ( GEOMETRIC_REPRESENTATION_CONTEXT(2) 
PARAMETRIC_REPRESENTATION_CONTEXT() REPRESENTATION_CONTEXT('2D SPACE',''
  ) );
#2370 = ORIENTED_EDGE('',*,*,#2145,.F.);
#2371 = ADVANCED_FACE('',(#2372),#1402,.F.);
#2372 = FACE_BOUND('',#2373,.F.);
#2373 = EDGE_LOOP('',(#2374,#2375,#2376,#2399));
#2374 = ORIENTED_EDGE('',*,*,#2299,.F.);
#2375 = ORIENTED_EDGE('',*,*,#1386,.T.);
#2376 = ORIENTED_EDGE('',*,*,#2377,.T.);
#2377 = EDGE_CURVE('',#1359,#2378,#2380,.T.);
#2378 = VERTEX_POINT('',#2379);
#2379 = CARTESIAN_POINT('',(44.,-74.,0.));
#2380 = SURFACE_CURVE('',#2381,(#2385,#2392),.PCURVE_S1.);
#2381 = LINE('',#2382,#2383);
#2382 = CARTESIAN_POINT('',(40.,-74.,0.));
#2383 = VECTOR('',#2384,1.);
#2384 = DIRECTION('',(1.,0.,0.));
#2385 = PCURVE('',#1402,#2386);
#2386 = DEFINITIONAL_REPRESENTATION('',(#2387),#2391);
#2387 = LINE('',#2388,#2389);
#2388 = CARTESIAN_POINT('',(20.,0.));
#2389 = VECTOR('',#2390,1.);
#2390 = DIRECTION('',(0.,1.));
#2391 = ( GEOMETRIC_REPRESENTATION_CONTEXT(2) 
PARAMETRIC_REPRESENTATION_CONTEXT() REPRESENTATION_CONTEXT('2D SPACE',''
  ) );
#2392 = PCURVE('',#1374,#2393);
#2393 = DEFINITIONAL_REPRESENTATION('',(#2394),#2398);
#2394 = LINE('',#2395,#2396);
#2395 = CARTESIAN_POINT('',(0.,0.));
#2396 = VECTOR('',#2397,1.);
#2397 = DIRECTION('',(1.,0.));
#2398 = ( GEOMETRIC_REPRESENTATION_CONTEXT(2) 
PARAMETRIC_REPRESENTATION_CONTEXT() REPRESENTATION_CONTEXT('2D SPACE',''
  ) );
#2399 = ORIENTED_EDGE('',*,*,#2400,.F.);
#2400 = EDGE_CURVE('',#2300,#2378,#2401,.T.);
#2401 = SURFACE_CURVE('',#2402,(#2406,#2413),.PCURVE_S1.);
#2402 = LINE('',#2403,#2404);
#2403 = CARTESIAN_POINT('',(44.,-74.,-20.));
#2404 = VECTOR('',#2405,1.);
#2405 = DIRECTION('',(0.,0.,1.));
#2406 = PCURVE('',#1402,#2407);
#2407 = DEFINITIONAL_REPRESENTATION('',(#2408),#2412);
#2408 = LINE('',#2409,#2410);
#2409 = CARTESIAN_POINT('',(0.,4.));
#2410 = VECTOR('',#2411,1.);
#2411 = DIRECTION('',(1.,0.));
#2412 = ( GEOMETRIC_REPRESENTATION_CONTEXT(2) 
PARAMETRIC_REPRESENTATION_CONTEXT() REPRESENTATION_CONTEXT('2D SPACE',''
  ) );
#2413 = PCURVE('',#2338,#2414);
#2414 = DEFINITIONAL_REPRESENTATION('',(#2415),#2419);
#2415 = LINE('',#2416,#2417);
#2416 = CARTESIAN_POINT('',(0.,0.));
#2417 = VECTOR('',#2418,1.);
#2418 = DIRECTION('',(1.,0.));
#2419 = ( GEOMETRIC_REPRESENTATION_CONTEXT(2) 
PARAMETRIC_REPRESENTATION_CONTEXT() REPRESENTATION_CONTEXT('2D SPACE',''
  ) );
#2420 = ADVANCED_FACE('',(#2421),#1374,.T.);
#2421 = FACE_BOUND('',#2422,.T.);
#2422 = EDGE_LOOP('',(#2423,#2424,#2425,#2448,#2469));
#2423 = ORIENTED_EDGE('',*,*,#1358,.F.);
#2424 = ORIENTED_EDGE('',*,*,#2377,.T.);
#2425 = ORIENTED_EDGE('',*,*,#2426,.T.);
#2426 = EDGE_CURVE('',#2378,#2427,#2429,.T.);
#2427 = VERTEX_POINT('',#2428);
#2428 = CARTESIAN_POINT('',(44.,-39.32842712437,9.114931032173E-14));
#2429 = SURFACE_CURVE('',#2430,(#2434,#2441),.PCURVE_S1.);
#2430 = LINE('',#2431,#2432);
#2431 = CARTESIAN_POINT('',(44.,-74.,0.));
#2432 = VECTOR('',#2433,1.);
#2433 = DIRECTION('',(0.,1.,0.));
#2434 = PCURVE('',#1374,#2435);
#2435 = DEFINITIONAL_REPRESENTATION('',(#2436),#2440);
#2436 = LINE('',#2437,#2438);
#2437 = CARTESIAN_POINT('',(4.,0.));
#2438 = VECTOR('',#2439,1.);
#2439 = DIRECTION('',(0.,1.));
#2440 = ( GEOMETRIC_REPRESENTATION_CONTEXT(2) 
PARAMETRIC_REPRESENTATION_CONTEXT() REPRESENTATION_CONTEXT('2D SPACE',''
  ) );
#2441 = PCURVE('',#2338,#2442);
#2442 = DEFINITIONAL_REPRESENTATION('',(#2443),#2447);
#2443 = LINE('',#2444,#2445);
#2444 = CARTESIAN_POINT('',(20.,0.));
#2445 = VECTOR('',#2446,1.);
#2446 = DIRECTION('',(0.,-1.));
#2447 = ( GEOMETRIC_REPRESENTATION_CONTEXT(2) 
PARAMETRIC_REPRESENTATION_CONTEXT() REPRESENTATION_CONTEXT('2D SPACE',''
  ) );
#2448 = ORIENTED_EDGE('',*,*,#2449,.T.);
#2449 = EDGE_CURVE('',#2427,#1690,#2450,.T.);
#2450 = SURFACE_CURVE('',#2451,(#2455,#2462),.PCURVE_S1.);
#2451 = LINE('',#2452,#2453);
#2452 = CARTESIAN_POINT('',(44.,-74.,0.));
#2453 = VECTOR('',#2454,1.);
#2454 = DIRECTION('',(0.,1.,0.));
#2455 = PCURVE('',#1374,#2456);
#2456 = DEFINITIONAL_REPRESENTATION('',(#2457),#2461);
#2457 = LINE('',#2458,#2459);
#2458 = CARTESIAN_POINT('',(4.,0.));
#2459 = VECTOR('',#2460,1.);
#2460 = DIRECTION('',(0.,1.));
#2461 = ( GEOMETRIC_REPRESENTATION_CONTEXT(2) 
PARAMETRIC_REPRESENTATION_CONTEXT() REPRESENTATION_CONTEXT('2D SPACE',''
  ) );
#2462 = PCURVE('',#1705,#2463);
#2463 = DEFINITIONAL_REPRESENTATION('',(#2464),#2468);
#2464 = LINE('',#2465,#2466);
#2465 = CARTESIAN_POINT('',(-74.,10.000000000145));
#2466 = VECTOR('',#2467,1.);
#2467 = DIRECTION('',(1.,4.930380657631E-32));
#2468 = ( GEOMETRIC_REPRESENTATION_CONTEXT(2) 
PARAMETRIC_REPRESENTATION_CONTEXT() REPRESENTATION_CONTEXT('2D SPACE',''
  ) );
#2469 = ORIENTED_EDGE('',*,*,#1717,.F.);
#2470 = ADVANCED_FACE('',(#2471),#1459,.T.);
#2471 = FACE_BOUND('',#2472,.T.);
#2472 = EDGE_LOOP('',(#2473,#2496,#2497,#2520,#2541,#2567));
#2473 = ORIENTED_EDGE('',*,*,#2474,.F.);
#2474 = EDGE_CURVE('',#1443,#2475,#2477,.T.);
#2475 = VERTEX_POINT('',#2476);
#2476 = CARTESIAN_POINT('',(45.,-38.5,-15.));
#2477 = SURFACE_CURVE('',#2478,(#2482,#2489),.PCURVE_S1.);
#2478 = LINE('',#2479,#2480);
#2479 = CARTESIAN_POINT('',(39.,-38.5,-15.));
#2480 = VECTOR('',#2481,1.);
#2481 = DIRECTION('',(1.,0.,0.));
#2482 = PCURVE('',#1459,#2483);
#2483 = DEFINITIONAL_REPRESENTATION('',(#2484),#2488);
#2484 = LINE('',#2485,#2486);
#2485 = CARTESIAN_POINT('',(0.,3.));
#2486 = VECTOR('',#2487,1.);
#2487 = DIRECTION('',(1.,0.));
#2488 = ( GEOMETRIC_REPRESENTATION_CONTEXT(2) 
PARAMETRIC_REPRESENTATION_CONTEXT() REPRESENTATION_CONTEXT('2D SPACE',''
  ) );
#2489 = PCURVE('',#1535,#2490);
#2490 = DEFINITIONAL_REPRESENTATION('',(#2491),#2495);
#2491 = LINE('',#2492,#2493);
#2492 = CARTESIAN_POINT('',(0.,0.));
#2493 = VECTOR('',#2494,1.);
#2494 = DIRECTION('',(0.,1.));
#2495 = ( GEOMETRIC_REPRESENTATION_CONTEXT(2) 
PARAMETRIC_REPRESENTATION_CONTEXT() REPRESENTATION_CONTEXT('2D SPACE',''
  ) );
#2496 = ORIENTED_EDGE('',*,*,#1442,.T.);
#2497 = ORIENTED_EDGE('',*,*,#2498,.T.);
#2498 = EDGE_CURVE('',#1445,#2499,#2501,.T.);
#2499 = VERTEX_POINT('',#2500);
#2500 = CARTESIAN_POINT('',(44.,-41.5,-15.));
#2501 = SURFACE_CURVE('',#2502,(#2506,#2513),.PCURVE_S1.);
#2502 = LINE('',#2503,#2504);
#2503 = CARTESIAN_POINT('',(39.,-41.5,-15.));
#2504 = VECTOR('',#2505,1.);
#2505 = DIRECTION('',(1.,0.,0.));
#2506 = PCURVE('',#1459,#2507);
#2507 = DEFINITIONAL_REPRESENTATION('',(#2508),#2512);
#2508 = LINE('',#2509,#2510);
#2509 = CARTESIAN_POINT('',(0.,0.));
#2510 = VECTOR('',#2511,1.);
#2511 = DIRECTION('',(1.,0.));
#2512 = ( GEOMETRIC_REPRESENTATION_CONTEXT(2) 
PARAMETRIC_REPRESENTATION_CONTEXT() REPRESENTATION_CONTEXT('2D SPACE',''
  ) );
#2513 = PCURVE('',#1485,#2514);
#2514 = DEFINITIONAL_REPRESENTATION('',(#2515),#2519);
#2515 = LINE('',#2516,#2517);
#2516 = CARTESIAN_POINT('',(0.,0.));
#2517 = VECTOR('',#2518,1.);
#2518 = DIRECTION('',(0.,1.));
#2519 = ( GEOMETRIC_REPRESENTATION_CONTEXT(2) 
PARAMETRIC_REPRESENTATION_CONTEXT() REPRESENTATION_CONTEXT('2D SPACE',''
  ) );
#2520 = ORIENTED_EDGE('',*,*,#2521,.F.);
#2521 = EDGE_CURVE('',#2522,#2499,#2524,.T.);
#2522 = VERTEX_POINT('',#2523);
#2523 = CARTESIAN_POINT('',(44.,-39.5,-15.));
#2524 = SURFACE_CURVE('',#2525,(#2529,#2535),.PCURVE_S1.);
#2525 = LINE('',#2526,#2527);
#2526 = CARTESIAN_POINT('',(44.,-57.75,-15.));
#2527 = VECTOR('',#2528,1.);
#2528 = DIRECTION('',(0.,-1.,0.));
#2529 = PCURVE('',#1459,#2530);
#2530 = DEFINITIONAL_REPRESENTATION('',(#2531),#2534);
#2531 = B_SPLINE_CURVE_WITH_KNOTS('',1,(#2532,#2533),.UNSPECIFIED.,.F.,
  .F.,(2,2),(-18.42157287563,-16.25),.PIECEWISE_BEZIER_KNOTS.);
#2532 = CARTESIAN_POINT('',(5.,2.17157287563));
#2533 = CARTESIAN_POINT('',(5.,0.));
#2534 = ( GEOMETRIC_REPRESENTATION_CONTEXT(2) 
PARAMETRIC_REPRESENTATION_CONTEXT() REPRESENTATION_CONTEXT('2D SPACE',''
  ) );
#2535 = PCURVE('',#2338,#2536);
#2536 = DEFINITIONAL_REPRESENTATION('',(#2537),#2540);
#2537 = B_SPLINE_CURVE_WITH_KNOTS('',1,(#2538,#2539),.UNSPECIFIED.,.F.,
  .F.,(2,2),(-18.42157287563,-16.25),.PIECEWISE_BEZIER_KNOTS.);
#2538 = CARTESIAN_POINT('',(5.,-34.67157287563));
#2539 = CARTESIAN_POINT('',(5.,-32.5));
#2540 = ( GEOMETRIC_REPRESENTATION_CONTEXT(2) 
PARAMETRIC_REPRESENTATION_CONTEXT() REPRESENTATION_CONTEXT('2D SPACE',''
  ) );
#2541 = ORIENTED_EDGE('',*,*,#2542,.F.);
#2542 = EDGE_CURVE('',#2543,#2522,#2545,.T.);
#2543 = VERTEX_POINT('',#2544);
#2544 = CARTESIAN_POINT('',(45.,-39.5,-15.));
#2545 = SURFACE_CURVE('',#2546,(#2550,#2556),.PCURVE_S1.);
#2546 = LINE('',#2547,#2548);
#2547 = CARTESIAN_POINT('',(41.5,-39.5,-15.));
#2548 = VECTOR('',#2549,1.);
#2549 = DIRECTION('',(-1.,2.22044604925E-16,0.));
#2550 = PCURVE('',#1459,#2551);
#2551 = DEFINITIONAL_REPRESENTATION('',(#2552),#2555);
#2552 = B_SPLINE_CURVE_WITH_KNOTS('',1,(#2553,#2554),.UNSPECIFIED.,.F.,
  .F.,(2,2),(-3.5,-2.5),.PIECEWISE_BEZIER_KNOTS.);
#2553 = CARTESIAN_POINT('',(6.,2.));
#2554 = CARTESIAN_POINT('',(5.,2.));
#2555 = ( GEOMETRIC_REPRESENTATION_CONTEXT(2) 
PARAMETRIC_REPRESENTATION_CONTEXT() REPRESENTATION_CONTEXT('2D SPACE',''
  ) );
#2556 = PCURVE('',#2557,#2562);
#2557 = PLANE('',#2558);
#2558 = AXIS2_PLACEMENT_3D('',#2559,#2560,#2561);
#2559 = CARTESIAN_POINT('',(44.,-39.5,-19.));
#2560 = DIRECTION('',(-2.22044604925E-16,-1.,0.));
#2561 = DIRECTION('',(-2.22044604925E-16,4.930380657631E-32,1.));
#2562 = DEFINITIONAL_REPRESENTATION('',(#2563),#2566);
#2563 = B_SPLINE_CURVE_WITH_KNOTS('',1,(#2564,#2565),.UNSPECIFIED.,.F.,
  .F.,(2,2),(-3.5,-2.5),.PIECEWISE_BEZIER_KNOTS.);
#2564 = CARTESIAN_POINT('',(4.,-1.));
#2565 = CARTESIAN_POINT('',(4.,0.));
#2566 = ( GEOMETRIC_REPRESENTATION_CONTEXT(2) 
PARAMETRIC_REPRESENTATION_CONTEXT() REPRESENTATION_CONTEXT('2D SPACE',''
  ) );
#2567 = ORIENTED_EDGE('',*,*,#2568,.T.);
#2568 = EDGE_CURVE('',#2543,#2475,#2569,.T.);
#2569 = SURFACE_CURVE('',#2570,(#2574,#2581),.PCURVE_S1.);
#2570 = LINE('',#2571,#2572);
#2571 = CARTESIAN_POINT('',(45.,-41.5,-15.));
#2572 = VECTOR('',#2573,1.);
#2573 = DIRECTION('',(0.,1.,0.));
#2574 = PCURVE('',#1459,#2575);
#2575 = DEFINITIONAL_REPRESENTATION('',(#2576),#2580);
#2576 = LINE('',#2577,#2578);
#2577 = CARTESIAN_POINT('',(6.,0.));
#2578 = VECTOR('',#2579,1.);
#2579 = DIRECTION('',(0.,1.));
#2580 = ( GEOMETRIC_REPRESENTATION_CONTEXT(2) 
PARAMETRIC_REPRESENTATION_CONTEXT() REPRESENTATION_CONTEXT('2D SPACE',''
  ) );
#2581 = PCURVE('',#2582,#2587);
#2582 = PLANE('',#2583);
#2583 = AXIS2_PLACEMENT_3D('',#2584,#2585,#2586);
#2584 = CARTESIAN_POINT('',(45.,-41.5,-15.));
#2585 = DIRECTION('',(1.,0.,0.));
#2586 = DIRECTION('',(0.,0.,1.));
#2587 = DEFINITIONAL_REPRESENTATION('',(#2588),#2592);
#2588 = LINE('',#2589,#2590);
#2589 = CARTESIAN_POINT('',(0.,0.));
#2590 = VECTOR('',#2591,1.);
#2591 = DIRECTION('',(0.,-1.));
#2592 = ( GEOMETRIC_REPRESENTATION_CONTEXT(2) 
PARAMETRIC_REPRESENTATION_CONTEXT() REPRESENTATION_CONTEXT('2D SPACE',''
  ) );
#2593 = ADVANCED_FACE('',(#2594),#1535,.F.);
#2594 = FACE_BOUND('',#2595,.F.);
#2595 = EDGE_LOOP('',(#2596,#2597,#2598,#2621));
#2596 = ORIENTED_EDGE('',*,*,#2474,.F.);
#2597 = ORIENTED_EDGE('',*,*,#1522,.T.);
#2598 = ORIENTED_EDGE('',*,*,#2599,.T.);
#2599 = EDGE_CURVE('',#1497,#2600,#2602,.T.);
#2600 = VERTEX_POINT('',#2601);
#2601 = CARTESIAN_POINT('',(45.,-38.5,-5.));
#2602 = SURFACE_CURVE('',#2603,(#2607,#2614),.PCURVE_S1.);
#2603 = LINE('',#2604,#2605);
#2604 = CARTESIAN_POINT('',(39.,-38.5,-5.));
#2605 = VECTOR('',#2606,1.);
#2606 = DIRECTION('',(1.,0.,0.));
#2607 = PCURVE('',#1535,#2608);
#2608 = DEFINITIONAL_REPRESENTATION('',(#2609),#2613);
#2609 = LINE('',#2610,#2611);
#2610 = CARTESIAN_POINT('',(10.,0.));
#2611 = VECTOR('',#2612,1.);
#2612 = DIRECTION('',(0.,1.));
#2613 = ( GEOMETRIC_REPRESENTATION_CONTEXT(2) 
PARAMETRIC_REPRESENTATION_CONTEXT() REPRESENTATION_CONTEXT('2D SPACE',''
  ) );
#2614 = PCURVE('',#1511,#2615);
#2615 = DEFINITIONAL_REPRESENTATION('',(#2616),#2620);
#2616 = LINE('',#2617,#2618);
#2617 = CARTESIAN_POINT('',(0.,3.));
#2618 = VECTOR('',#2619,1.);
#2619 = DIRECTION('',(1.,0.));
#2620 = ( GEOMETRIC_REPRESENTATION_CONTEXT(2) 
PARAMETRIC_REPRESENTATION_CONTEXT() REPRESENTATION_CONTEXT('2D SPACE',''
  ) );
#2621 = ORIENTED_EDGE('',*,*,#2622,.F.);
#2622 = EDGE_CURVE('',#2475,#2600,#2623,.T.);
#2623 = SURFACE_CURVE('',#2624,(#2628,#2635),.PCURVE_S1.);
#2624 = LINE('',#2625,#2626);
#2625 = CARTESIAN_POINT('',(45.,-38.5,-15.));
#2626 = VECTOR('',#2627,1.);
#2627 = DIRECTION('',(0.,0.,1.));
#2628 = PCURVE('',#1535,#2629);
#2629 = DEFINITIONAL_REPRESENTATION('',(#2630),#2634);
#2630 = LINE('',#2631,#2632);
#2631 = CARTESIAN_POINT('',(0.,6.));
#2632 = VECTOR('',#2633,1.);
#2633 = DIRECTION('',(1.,0.));
#2634 = ( GEOMETRIC_REPRESENTATION_CONTEXT(2) 
PARAMETRIC_REPRESENTATION_CONTEXT() REPRESENTATION_CONTEXT('2D SPACE',''
  ) );
#2635 = PCURVE('',#2582,#2636);
#2636 = DEFINITIONAL_REPRESENTATION('',(#2637),#2641);
#2637 = LINE('',#2638,#2639);
#2638 = CARTESIAN_POINT('',(0.,-3.));
#2639 = VECTOR('',#2640,1.);
#2640 = DIRECTION('',(1.,0.));
#2641 = ( GEOMETRIC_REPRESENTATION_CONTEXT(2) 
PARAMETRIC_REPRESENTATION_CONTEXT() REPRESENTATION_CONTEXT('2D SPACE',''
  ) );
#2642 = ADVANCED_FACE('',(#2643),#1511,.F.);
#2643 = FACE_BOUND('',#2644,.F.);
#2644 = EDGE_LOOP('',(#2645,#2646,#2647,#2670,#2691,#2712));
#2645 = ORIENTED_EDGE('',*,*,#2599,.F.);
#2646 = ORIENTED_EDGE('',*,*,#1496,.T.);
#2647 = ORIENTED_EDGE('',*,*,#2648,.T.);
#2648 = EDGE_CURVE('',#1471,#2649,#2651,.T.);
#2649 = VERTEX_POINT('',#2650);
#2650 = CARTESIAN_POINT('',(44.,-41.5,-5.));
#2651 = SURFACE_CURVE('',#2652,(#2656,#2663),.PCURVE_S1.);
#2652 = LINE('',#2653,#2654);
#2653 = CARTESIAN_POINT('',(39.,-41.5,-5.));
#2654 = VECTOR('',#2655,1.);
#2655 = DIRECTION('',(1.,0.,0.));
#2656 = PCURVE('',#1511,#2657);
#2657 = DEFINITIONAL_REPRESENTATION('',(#2658),#2662);
#2658 = LINE('',#2659,#2660);
#2659 = CARTESIAN_POINT('',(0.,0.));
#2660 = VECTOR('',#2661,1.);
#2661 = DIRECTION('',(1.,0.));
#2662 = ( GEOMETRIC_REPRESENTATION_CONTEXT(2) 
PARAMETRIC_REPRESENTATION_CONTEXT() REPRESENTATION_CONTEXT('2D SPACE',''
  ) );
#2663 = PCURVE('',#1485,#2664);
#2664 = DEFINITIONAL_REPRESENTATION('',(#2665),#2669);
#2665 = LINE('',#2666,#2667);
#2666 = CARTESIAN_POINT('',(10.,0.));
#2667 = VECTOR('',#2668,1.);
#2668 = DIRECTION('',(0.,1.));
#2669 = ( GEOMETRIC_REPRESENTATION_CONTEXT(2) 
PARAMETRIC_REPRESENTATION_CONTEXT() REPRESENTATION_CONTEXT('2D SPACE',''
  ) );
#2670 = ORIENTED_EDGE('',*,*,#2671,.F.);
#2671 = EDGE_CURVE('',#2672,#2649,#2674,.T.);
#2672 = VERTEX_POINT('',#2673);
#2673 = CARTESIAN_POINT('',(44.,-39.5,-5.));
#2674 = SURFACE_CURVE('',#2675,(#2679,#2685),.PCURVE_S1.);
#2675 = LINE('',#2676,#2677);
#2676 = CARTESIAN_POINT('',(44.,-57.75,-5.));
#2677 = VECTOR('',#2678,1.);
#2678 = DIRECTION('',(0.,-1.,0.));
#2679 = PCURVE('',#1511,#2680);
#2680 = DEFINITIONAL_REPRESENTATION('',(#2681),#2684);
#2681 = B_SPLINE_CURVE_WITH_KNOTS('',1,(#2682,#2683),.UNSPECIFIED.,.F.,
  .F.,(2,2),(-18.42157287563,-16.25),.PIECEWISE_BEZIER_KNOTS.);
#2682 = CARTESIAN_POINT('',(5.,2.17157287563));
#2683 = CARTESIAN_POINT('',(5.,0.));
#2684 = ( GEOMETRIC_REPRESENTATION_CONTEXT(2) 
PARAMETRIC_REPRESENTATION_CONTEXT() REPRESENTATION_CONTEXT('2D SPACE',''
  ) );
#2685 = PCURVE('',#2338,#2686);
#2686 = DEFINITIONAL_REPRESENTATION('',(#2687),#2690);
#2687 = B_SPLINE_CURVE_WITH_KNOTS('',1,(#2688,#2689),.UNSPECIFIED.,.F.,
  .F.,(2,2),(-18.42157287563,-16.25),.PIECEWISE_BEZIER_KNOTS.);
#2688 = CARTESIAN_POINT('',(15.,-34.67157287563));
#2689 = CARTESIAN_POINT('',(15.,-32.5));
#2690 = ( GEOMETRIC_REPRESENTATION_CONTEXT(2) 
PARAMETRIC_REPRESENTATION_CONTEXT() REPRESENTATION_CONTEXT('2D SPACE',''
  ) );
#2691 = ORIENTED_EDGE('',*,*,#2692,.F.);
#2692 = EDGE_CURVE('',#2693,#2672,#2695,.T.);
#2693 = VERTEX_POINT('',#2694);
#2694 = CARTESIAN_POINT('',(45.,-39.5,-5.));
#2695 = SURFACE_CURVE('',#2696,(#2700,#2706),.PCURVE_S1.);
#2696 = LINE('',#2697,#2698);
#2697 = CARTESIAN_POINT('',(41.5,-39.5,-5.));
#2698 = VECTOR('',#2699,1.);
#2699 = DIRECTION('',(-1.,2.22044604925E-16,0.));
#2700 = PCURVE('',#1511,#2701);
#2701 = DEFINITIONAL_REPRESENTATION('',(#2702),#2705);
#2702 = B_SPLINE_CURVE_WITH_KNOTS('',1,(#2703,#2704),.UNSPECIFIED.,.F.,
  .F.,(2,2),(-3.5,-2.5),.PIECEWISE_BEZIER_KNOTS.);
#2703 = CARTESIAN_POINT('',(6.,2.));
#2704 = CARTESIAN_POINT('',(5.,2.));
#2705 = ( GEOMETRIC_REPRESENTATION_CONTEXT(2) 
PARAMETRIC_REPRESENTATION_CONTEXT() REPRESENTATION_CONTEXT('2D SPACE',''
  ) );
#2706 = PCURVE('',#2557,#2707);
#2707 = DEFINITIONAL_REPRESENTATION('',(#2708),#2711);
#2708 = B_SPLINE_CURVE_WITH_KNOTS('',1,(#2709,#2710),.UNSPECIFIED.,.F.,
  .F.,(2,2),(-3.5,-2.5),.PIECEWISE_BEZIER_KNOTS.);
#2709 = CARTESIAN_POINT('',(14.,-1.));
#2710 = CARTESIAN_POINT('',(14.,0.));
#2711 = ( GEOMETRIC_REPRESENTATION_CONTEXT(2) 
PARAMETRIC_REPRESENTATION_CONTEXT() REPRESENTATION_CONTEXT('2D SPACE',''
  ) );
#2712 = ORIENTED_EDGE('',*,*,#2713,.T.);
#2713 = EDGE_CURVE('',#2693,#2600,#2714,.T.);
#2714 = SURFACE_CURVE('',#2715,(#2719,#2726),.PCURVE_S1.);
#2715 = LINE('',#2716,#2717);
#2716 = CARTESIAN_POINT('',(45.,-41.5,-5.));
#2717 = VECTOR('',#2718,1.);
#2718 = DIRECTION('',(0.,1.,0.));
#2719 = PCURVE('',#1511,#2720);
#2720 = DEFINITIONAL_REPRESENTATION('',(#2721),#2725);
#2721 = LINE('',#2722,#2723);
#2722 = CARTESIAN_POINT('',(6.,0.));
#2723 = VECTOR('',#2724,1.);
#2724 = DIRECTION('',(0.,1.));
#2725 = ( GEOMETRIC_REPRESENTATION_CONTEXT(2) 
PARAMETRIC_REPRESENTATION_CONTEXT() REPRESENTATION_CONTEXT('2D SPACE',''
  ) );
#2726 = PCURVE('',#2582,#2727);
#2727 = DEFINITIONAL_REPRESENTATION('',(#2728),#2732);
#2728 = LINE('',#2729,#2730);
#2729 = CARTESIAN_POINT('',(10.,0.));
#2730 = VECTOR('',#2731,1.);
#2731 = DIRECTION('',(0.,-1.));
#2732 = ( GEOMETRIC_REPRESENTATION_CONTEXT(2) 
PARAMETRIC_REPRESENTATION_CONTEXT() REPRESENTATION_CONTEXT('2D SPACE',''
  ) );
#2733 = ADVANCED_FACE('',(#2734),#1485,.T.);
#2734 = FACE_BOUND('',#2735,.T.);
#2735 = EDGE_LOOP('',(#2736,#2737,#2738,#2739));
#2736 = ORIENTED_EDGE('',*,*,#2498,.F.);
#2737 = ORIENTED_EDGE('',*,*,#1470,.T.);
#2738 = ORIENTED_EDGE('',*,*,#2648,.T.);
#2739 = ORIENTED_EDGE('',*,*,#2740,.F.);
#2740 = EDGE_CURVE('',#2499,#2649,#2741,.T.);
#2741 = SURFACE_CURVE('',#2742,(#2746,#2752),.PCURVE_S1.);
#2742 = LINE('',#2743,#2744);
#2743 = CARTESIAN_POINT('',(44.,-41.5,-17.5));
#2744 = VECTOR('',#2745,1.);
#2745 = DIRECTION('',(0.,0.,1.));
#2746 = PCURVE('',#1485,#2747);
#2747 = DEFINITIONAL_REPRESENTATION('',(#2748),#2751);
#2748 = B_SPLINE_CURVE_WITH_KNOTS('',1,(#2749,#2750),.UNSPECIFIED.,.F.,
  .F.,(2,2),(2.5,12.5),.PIECEWISE_BEZIER_KNOTS.);
#2749 = CARTESIAN_POINT('',(0.,5.));
#2750 = CARTESIAN_POINT('',(10.,5.));
#2751 = ( GEOMETRIC_REPRESENTATION_CONTEXT(2) 
PARAMETRIC_REPRESENTATION_CONTEXT() REPRESENTATION_CONTEXT('2D SPACE',''
  ) );
#2752 = PCURVE('',#2338,#2753);
#2753 = DEFINITIONAL_REPRESENTATION('',(#2754),#2757);
#2754 = B_SPLINE_CURVE_WITH_KNOTS('',1,(#2755,#2756),.UNSPECIFIED.,.F.,
  .F.,(2,2),(2.5,12.5),.PIECEWISE_BEZIER_KNOTS.);
#2755 = CARTESIAN_POINT('',(5.,-32.5));
#2756 = CARTESIAN_POINT('',(15.,-32.5));
#2757 = ( GEOMETRIC_REPRESENTATION_CONTEXT(2) 
PARAMETRIC_REPRESENTATION_CONTEXT() REPRESENTATION_CONTEXT('2D SPACE',''
  ) );
#2758 = ADVANCED_FACE('',(#2759),#1565,.T.);
#2759 = FACE_BOUND('',#2760,.T.);
#2760 = EDGE_LOOP('',(#2761,#2784,#2785,#2808));
#2761 = ORIENTED_EDGE('',*,*,#2762,.F.);
#2762 = EDGE_CURVE('',#1549,#2763,#2765,.T.);
#2763 = VERTEX_POINT('',#2764);
#2764 = CARTESIAN_POINT('',(44.,-67.5,-15.));
#2765 = SURFACE_CURVE('',#2766,(#2770,#2777),.PCURVE_S1.);
#2766 = LINE('',#2767,#2768);
#2767 = CARTESIAN_POINT('',(39.,-67.5,-15.));
#2768 = VECTOR('',#2769,1.);
#2769 = DIRECTION('',(1.,0.,0.));
#2770 = PCURVE('',#1565,#2771);
#2771 = DEFINITIONAL_REPRESENTATION('',(#2772),#2776);
#2772 = LINE('',#2773,#2774);
#2773 = CARTESIAN_POINT('',(0.,3.));
#2774 = VECTOR('',#2775,1.);
#2775 = DIRECTION('',(1.,0.));
#2776 = ( GEOMETRIC_REPRESENTATION_CONTEXT(2) 
PARAMETRIC_REPRESENTATION_CONTEXT() REPRESENTATION_CONTEXT('2D SPACE',''
  ) );
#2777 = PCURVE('',#1641,#2778);
#2778 = DEFINITIONAL_REPRESENTATION('',(#2779),#2783);
#2779 = LINE('',#2780,#2781);
#2780 = CARTESIAN_POINT('',(0.,0.));
#2781 = VECTOR('',#2782,1.);
#2782 = DIRECTION('',(0.,1.));
#2783 = ( GEOMETRIC_REPRESENTATION_CONTEXT(2) 
PARAMETRIC_REPRESENTATION_CONTEXT() REPRESENTATION_CONTEXT('2D SPACE',''
  ) );
#2784 = ORIENTED_EDGE('',*,*,#1548,.T.);
#2785 = ORIENTED_EDGE('',*,*,#2786,.T.);
#2786 = EDGE_CURVE('',#1551,#2787,#2789,.T.);
#2787 = VERTEX_POINT('',#2788);
#2788 = CARTESIAN_POINT('',(44.,-70.5,-15.));
#2789 = SURFACE_CURVE('',#2790,(#2794,#2801),.PCURVE_S1.);
#2790 = LINE('',#2791,#2792);
#2791 = CARTESIAN_POINT('',(39.,-70.5,-15.));
#2792 = VECTOR('',#2793,1.);
#2793 = DIRECTION('',(1.,0.,0.));
#2794 = PCURVE('',#1565,#2795);
#2795 = DEFINITIONAL_REPRESENTATION('',(#2796),#2800);
#2796 = LINE('',#2797,#2798);
#2797 = CARTESIAN_POINT('',(0.,0.));
#2798 = VECTOR('',#2799,1.);
#2799 = DIRECTION('',(1.,0.));
#2800 = ( GEOMETRIC_REPRESENTATION_CONTEXT(2) 
PARAMETRIC_REPRESENTATION_CONTEXT() REPRESENTATION_CONTEXT('2D SPACE',''
  ) );
#2801 = PCURVE('',#1591,#2802);
#2802 = DEFINITIONAL_REPRESENTATION('',(#2803),#2807);
#2803 = LINE('',#2804,#2805);
#2804 = CARTESIAN_POINT('',(0.,0.));
#2805 = VECTOR('',#2806,1.);
#2806 = DIRECTION('',(0.,1.));
#2807 = ( GEOMETRIC_REPRESENTATION_CONTEXT(2) 
PARAMETRIC_REPRESENTATION_CONTEXT() REPRESENTATION_CONTEXT('2D SPACE',''
  ) );
#2808 = ORIENTED_EDGE('',*,*,#2809,.F.);
#2809 = EDGE_CURVE('',#2763,#2787,#2810,.T.);
#2810 = SURFACE_CURVE('',#2811,(#2815,#2821),.PCURVE_S1.);
#2811 = LINE('',#2812,#2813);
#2812 = CARTESIAN_POINT('',(44.,-72.25,-15.));
#2813 = VECTOR('',#2814,1.);
#2814 = DIRECTION('',(0.,-1.,0.));
#2815 = PCURVE('',#1565,#2816);
#2816 = DEFINITIONAL_REPRESENTATION('',(#2817),#2820);
#2817 = B_SPLINE_CURVE_WITH_KNOTS('',1,(#2818,#2819),.UNSPECIFIED.,.F.,
  .F.,(2,2),(-4.75,-1.75),.PIECEWISE_BEZIER_KNOTS.);
#2818 = CARTESIAN_POINT('',(5.,3.));
#2819 = CARTESIAN_POINT('',(5.,0.));
#2820 = ( GEOMETRIC_REPRESENTATION_CONTEXT(2) 
PARAMETRIC_REPRESENTATION_CONTEXT() REPRESENTATION_CONTEXT('2D SPACE',''
  ) );
#2821 = PCURVE('',#2338,#2822);
#2822 = DEFINITIONAL_REPRESENTATION('',(#2823),#2826);
#2823 = B_SPLINE_CURVE_WITH_KNOTS('',1,(#2824,#2825),.UNSPECIFIED.,.F.,
  .F.,(2,2),(-4.75,-1.75),.PIECEWISE_BEZIER_KNOTS.);
#2824 = CARTESIAN_POINT('',(5.,-6.5));
#2825 = CARTESIAN_POINT('',(5.,-3.5));
#2826 = ( GEOMETRIC_REPRESENTATION_CONTEXT(2) 
PARAMETRIC_REPRESENTATION_CONTEXT() REPRESENTATION_CONTEXT('2D SPACE',''
  ) );
#2827 = ADVANCED_FACE('',(#2828),#1641,.F.);
#2828 = FACE_BOUND('',#2829,.F.);
#2829 = EDGE_LOOP('',(#2830,#2831,#2832,#2855));
#2830 = ORIENTED_EDGE('',*,*,#2762,.F.);
#2831 = ORIENTED_EDGE('',*,*,#1628,.T.);
#2832 = ORIENTED_EDGE('',*,*,#2833,.T.);
#2833 = EDGE_CURVE('',#1603,#2834,#2836,.T.);
#2834 = VERTEX_POINT('',#2835);
#2835 = CARTESIAN_POINT('',(44.,-67.5,-5.));
#2836 = SURFACE_CURVE('',#2837,(#2841,#2848),.PCURVE_S1.);
#2837 = LINE('',#2838,#2839);
#2838 = CARTESIAN_POINT('',(39.,-67.5,-5.));
#2839 = VECTOR('',#2840,1.);
#2840 = DIRECTION('',(1.,0.,0.));
#2841 = PCURVE('',#1641,#2842);
#2842 = DEFINITIONAL_REPRESENTATION('',(#2843),#2847);
#2843 = LINE('',#2844,#2845);
#2844 = CARTESIAN_POINT('',(10.,0.));
#2845 = VECTOR('',#2846,1.);
#2846 = DIRECTION('',(0.,1.));
#2847 = ( GEOMETRIC_REPRESENTATION_CONTEXT(2) 
PARAMETRIC_REPRESENTATION_CONTEXT() REPRESENTATION_CONTEXT('2D SPACE',''
  ) );
#2848 = PCURVE('',#1617,#2849);
#2849 = DEFINITIONAL_REPRESENTATION('',(#2850),#2854);
#2850 = LINE('',#2851,#2852);
#2851 = CARTESIAN_POINT('',(0.,3.));
#2852 = VECTOR('',#2853,1.);
#2853 = DIRECTION('',(1.,0.));
#2854 = ( GEOMETRIC_REPRESENTATION_CONTEXT(2) 
PARAMETRIC_REPRESENTATION_CONTEXT() REPRESENTATION_CONTEXT('2D SPACE',''
  ) );
#2855 = ORIENTED_EDGE('',*,*,#2856,.F.);
#2856 = EDGE_CURVE('',#2763,#2834,#2857,.T.);
#2857 = SURFACE_CURVE('',#2858,(#2862,#2868),.PCURVE_S1.);
#2858 = LINE('',#2859,#2860);
#2859 = CARTESIAN_POINT('',(44.,-67.5,-17.5));
#2860 = VECTOR('',#2861,1.);
#2861 = DIRECTION('',(0.,0.,1.));
#2862 = PCURVE('',#1641,#2863);
#2863 = DEFINITIONAL_REPRESENTATION('',(#2864),#2867);
#2864 = B_SPLINE_CURVE_WITH_KNOTS('',1,(#2865,#2866),.UNSPECIFIED.,.F.,
  .F.,(2,2),(2.5,12.5),.PIECEWISE_BEZIER_KNOTS.);
#2865 = CARTESIAN_POINT('',(0.,5.));
#2866 = CARTESIAN_POINT('',(10.,5.));
#2867 = ( GEOMETRIC_REPRESENTATION_CONTEXT(2) 
PARAMETRIC_REPRESENTATION_CONTEXT() REPRESENTATION_CONTEXT('2D SPACE',''
  ) );
#2868 = PCURVE('',#2338,#2869);
#2869 = DEFINITIONAL_REPRESENTATION('',(#2870),#2873);
#2870 = B_SPLINE_CURVE_WITH_KNOTS('',1,(#2871,#2872),.UNSPECIFIED.,.F.,
  .F.,(2,2),(2.5,12.5),.PIECEWISE_BEZIER_KNOTS.);
#2871 = CARTESIAN_POINT('',(5.,-6.5));
#2872 = CARTESIAN_POINT('',(15.,-6.5));
#2873 = ( GEOMETRIC_REPRESENTATION_CONTEXT(2) 
PARAMETRIC_REPRESENTATION_CONTEXT() REPRESENTATION_CONTEXT('2D SPACE',''
  ) );
#2874 = ADVANCED_FACE('',(#2875),#1591,.T.);
#2875 = FACE_BOUND('',#2876,.T.);
#2876 = EDGE_LOOP('',(#2877,#2878,#2879,#2902));
#2877 = ORIENTED_EDGE('',*,*,#2786,.F.);
#2878 = ORIENTED_EDGE('',*,*,#1576,.T.);
#2879 = ORIENTED_EDGE('',*,*,#2880,.T.);
#2880 = EDGE_CURVE('',#1577,#2881,#2883,.T.);
#2881 = VERTEX_POINT('',#2882);
#2882 = CARTESIAN_POINT('',(44.,-70.5,-5.));
#2883 = SURFACE_CURVE('',#2884,(#2888,#2895),.PCURVE_S1.);
#2884 = LINE('',#2885,#2886);
#2885 = CARTESIAN_POINT('',(39.,-70.5,-5.));
#2886 = VECTOR('',#2887,1.);
#2887 = DIRECTION('',(1.,0.,0.));
#2888 = PCURVE('',#1591,#2889);
#2889 = DEFINITIONAL_REPRESENTATION('',(#2890),#2894);
#2890 = LINE('',#2891,#2892);
#2891 = CARTESIAN_POINT('',(10.,0.));
#2892 = VECTOR('',#2893,1.);
#2893 = DIRECTION('',(0.,1.));
#2894 = ( GEOMETRIC_REPRESENTATION_CONTEXT(2) 
PARAMETRIC_REPRESENTATION_CONTEXT() REPRESENTATION_CONTEXT('2D SPACE',''
  ) );
#2895 = PCURVE('',#1617,#2896);
#2896 = DEFINITIONAL_REPRESENTATION('',(#2897),#2901);
#2897 = LINE('',#2898,#2899);
#2898 = CARTESIAN_POINT('',(0.,0.));
#2899 = VECTOR('',#2900,1.);
#2900 = DIRECTION('',(1.,0.));
#2901 = ( GEOMETRIC_REPRESENTATION_CONTEXT(2) 
PARAMETRIC_REPRESENTATION_CONTEXT() REPRESENTATION_CONTEXT('2D SPACE',''
  ) );
#2902 = ORIENTED_EDGE('',*,*,#2903,.F.);
#2903 = EDGE_CURVE('',#2787,#2881,#2904,.T.);
#2904 = SURFACE_CURVE('',#2905,(#2909,#2915),.PCURVE_S1.);
#2905 = LINE('',#2906,#2907);
#2906 = CARTESIAN_POINT('',(44.,-70.5,-17.5));
#2907 = VECTOR('',#2908,1.);
#2908 = DIRECTION('',(0.,0.,1.));
#2909 = PCURVE('',#1591,#2910);
#2910 = DEFINITIONAL_REPRESENTATION('',(#2911),#2914);
#2911 = B_SPLINE_CURVE_WITH_KNOTS('',1,(#2912,#2913),.UNSPECIFIED.,.F.,
  .F.,(2,2),(2.5,12.5),.PIECEWISE_BEZIER_KNOTS.);
#2912 = CARTESIAN_POINT('',(0.,5.));
#2913 = CARTESIAN_POINT('',(10.,5.));
#2914 = ( GEOMETRIC_REPRESENTATION_CONTEXT(2) 
PARAMETRIC_REPRESENTATION_CONTEXT() REPRESENTATION_CONTEXT('2D SPACE',''
  ) );
#2915 = PCURVE('',#2338,#2916);
#2916 = DEFINITIONAL_REPRESENTATION('',(#2917),#2920);
#2917 = B_SPLINE_CURVE_WITH_KNOTS('',1,(#2918,#2919),.UNSPECIFIED.,.F.,
  .F.,(2,2),(2.5,12.5),.PIECEWISE_BEZIER_KNOTS.);
#2918 = CARTESIAN_POINT('',(5.,-3.5));
#2919 = CARTESIAN_POINT('',(15.,-3.5));
#2920 = ( GEOMETRIC_REPRESENTATION_CONTEXT(2) 
PARAMETRIC_REPRESENTATION_CONTEXT() REPRESENTATION_CONTEXT('2D SPACE',''
  ) );
#2921 = ADVANCED_FACE('',(#2922),#1617,.F.);
#2922 = FACE_BOUND('',#2923,.F.);
#2923 = EDGE_LOOP('',(#2924,#2925,#2926,#2927));
#2924 = ORIENTED_EDGE('',*,*,#2833,.F.);
#2925 = ORIENTED_EDGE('',*,*,#1602,.T.);
#2926 = ORIENTED_EDGE('',*,*,#2880,.T.);
#2927 = ORIENTED_EDGE('',*,*,#2928,.F.);
#2928 = EDGE_CURVE('',#2834,#2881,#2929,.T.);
#2929 = SURFACE_CURVE('',#2930,(#2934,#2940),.PCURVE_S1.);
#2930 = LINE('',#2931,#2932);
#2931 = CARTESIAN_POINT('',(44.,-72.25,-5.));
#2932 = VECTOR('',#2933,1.);
#2933 = DIRECTION('',(0.,-1.,0.));
#2934 = PCURVE('',#1617,#2935);
#2935 = DEFINITIONAL_REPRESENTATION('',(#2936),#2939);
#2936 = B_SPLINE_CURVE_WITH_KNOTS('',1,(#2937,#2938),.UNSPECIFIED.,.F.,
  .F.,(2,2),(-4.75,-1.75),.PIECEWISE_BEZIER_KNOTS.);
#2937 = CARTESIAN_POINT('',(5.,3.));
#2938 = CARTESIAN_POINT('',(5.,0.));
#2939 = ( GEOMETRIC_REPRESENTATION_CONTEXT(2) 
PARAMETRIC_REPRESENTATION_CONTEXT() REPRESENTATION_CONTEXT('2D SPACE',''
  ) );
#2940 = PCURVE('',#2338,#2941);
#2941 = DEFINITIONAL_REPRESENTATION('',(#2942),#2945);
#2942 = B_SPLINE_CURVE_WITH_KNOTS('',1,(#2943,#2944),.UNSPECIFIED.,.F.,
  .F.,(2,2),(-4.75,-1.75),.PIECEWISE_BEZIER_KNOTS.);
#2943 = CARTESIAN_POINT('',(15.,-6.5));
#2944 = CARTESIAN_POINT('',(15.,-3.5));
#2945 = ( GEOMETRIC_REPRESENTATION_CONTEXT(2) 
PARAMETRIC_REPRESENTATION_CONTEXT() REPRESENTATION_CONTEXT('2D SPACE',''
  ) );
#2946 = ADVANCED_FACE('',(#2947),#1705,.F.);
#2947 = FACE_BOUND('',#2948,.F.);
#2948 = EDGE_LOOP('',(#2949,#2971,#2972,#2973));
#2949 = ORIENTED_EDGE('',*,*,#2950,.T.);
#2950 = EDGE_CURVE('',#1829,#2427,#2951,.T.);
#2951 = SURFACE_CURVE('',#2952,(#2957,#2964),.PCURVE_S1.);
#2952 = CIRCLE('',#2953,3.);
#2953 = AXIS2_PLACEMENT_3D('',#2954,#2955,#2956);
#2954 = CARTESIAN_POINT('',(44.,-36.5,-1.000000001064));
#2955 = DIRECTION('',(1.,-2.22044604925E-16,2.22044604925E-16));
#2956 = DIRECTION('',(2.22044604925E-16,1.,0.));
#2957 = PCURVE('',#1705,#2958);
#2958 = DEFINITIONAL_REPRESENTATION('',(#2959),#2963);
#2959 = CIRCLE('',#2960,3.);
#2960 = AXIS2_PLACEMENT_2D('',#2961,#2962);
#2961 = CARTESIAN_POINT('',(-36.5,8.999999999081));
#2962 = DIRECTION('',(1.,0.));
#2963 = ( GEOMETRIC_REPRESENTATION_CONTEXT(2) 
PARAMETRIC_REPRESENTATION_CONTEXT() REPRESENTATION_CONTEXT('2D SPACE',''
  ) );
#2964 = PCURVE('',#1867,#2965);
#2965 = DEFINITIONAL_REPRESENTATION('',(#2966),#2970);
#2966 = LINE('',#2967,#2968);
#2967 = CARTESIAN_POINT('',(0.,0.));
#2968 = VECTOR('',#2969,1.);
#2969 = DIRECTION('',(-1.,0.));
#2970 = ( GEOMETRIC_REPRESENTATION_CONTEXT(2) 
PARAMETRIC_REPRESENTATION_CONTEXT() REPRESENTATION_CONTEXT('2D SPACE',''
  ) );
#2971 = ORIENTED_EDGE('',*,*,#2449,.T.);
#2972 = ORIENTED_EDGE('',*,*,#1689,.T.);
#2973 = ORIENTED_EDGE('',*,*,#1828,.F.);
#2974 = ADVANCED_FACE('',(#2975),#1789,.F.);
#2975 = FACE_BOUND('',#2976,.F.);
#2976 = EDGE_LOOP('',(#2977,#2978,#2979,#3003,#3031,#3053));
#2977 = ORIENTED_EDGE('',*,*,#1773,.F.);
#2978 = ORIENTED_EDGE('',*,*,#2273,.T.);
#2979 = ORIENTED_EDGE('',*,*,#2980,.T.);
#2980 = EDGE_CURVE('',#2246,#2981,#2983,.T.);
#2981 = VERTEX_POINT('',#2982);
#2982 = CARTESIAN_POINT('',(44.,39.5,-19.));
#2983 = SURFACE_CURVE('',#2984,(#2989,#2996),.PCURVE_S1.);
#2984 = CIRCLE('',#2985,3.);
#2985 = AXIS2_PLACEMENT_3D('',#2986,#2987,#2988);
#2986 = CARTESIAN_POINT('',(44.,36.5,-19.));
#2987 = DIRECTION('',(1.,-2.22044604925E-16,2.22044604925E-16));
#2988 = DIRECTION('',(2.22044604925E-16,1.,0.));
#2989 = PCURVE('',#1789,#2990);
#2990 = DEFINITIONAL_REPRESENTATION('',(#2991),#2995);
#2991 = CIRCLE('',#2992,3.);
#2992 = AXIS2_PLACEMENT_2D('',#2993,#2994);
#2993 = CARTESIAN_POINT('',(36.5,-8.999999999855));
#2994 = DIRECTION('',(1.,0.));
#2995 = ( GEOMETRIC_REPRESENTATION_CONTEXT(2) 
PARAMETRIC_REPRESENTATION_CONTEXT() REPRESENTATION_CONTEXT('2D SPACE',''
  ) );
#2996 = PCURVE('',#2261,#2997);
#2997 = DEFINITIONAL_REPRESENTATION('',(#2998),#3002);
#2998 = LINE('',#2999,#3000);
#2999 = CARTESIAN_POINT('',(0.,0.));
#3000 = VECTOR('',#3001,1.);
#3001 = DIRECTION('',(-1.,0.));
#3002 = ( GEOMETRIC_REPRESENTATION_CONTEXT(2) 
PARAMETRIC_REPRESENTATION_CONTEXT() REPRESENTATION_CONTEXT('2D SPACE',''
  ) );
#3003 = ORIENTED_EDGE('',*,*,#3004,.T.);
#3004 = EDGE_CURVE('',#2981,#3005,#3007,.T.);
#3005 = VERTEX_POINT('',#3006);
#3006 = CARTESIAN_POINT('',(44.,39.5,-1.000000001064));
#3007 = SURFACE_CURVE('',#3008,(#3012,#3019),.PCURVE_S1.);
#3008 = LINE('',#3009,#3010);
#3009 = CARTESIAN_POINT('',(44.,39.5,-10.));
#3010 = VECTOR('',#3011,1.);
#3011 = DIRECTION('',(-2.22044604925E-16,4.930380657631E-32,1.));
#3012 = PCURVE('',#1789,#3013);
#3013 = DEFINITIONAL_REPRESENTATION('',(#3014),#3018);
#3014 = LINE('',#3015,#3016);
#3015 = CARTESIAN_POINT('',(39.5,1.448718349172E-10));
#3016 = VECTOR('',#3017,1.);
#3017 = DIRECTION('',(0.,1.));
#3018 = ( GEOMETRIC_REPRESENTATION_CONTEXT(2) 
PARAMETRIC_REPRESENTATION_CONTEXT() REPRESENTATION_CONTEXT('2D SPACE',''
  ) );
#3019 = PCURVE('',#3020,#3025);
#3020 = PLANE('',#3021);
#3021 = AXIS2_PLACEMENT_3D('',#3022,#3023,#3024);
#3022 = CARTESIAN_POINT('',(44.,39.5,-19.));
#3023 = DIRECTION('',(-2.22044604925E-16,-1.,0.));
#3024 = DIRECTION('',(-2.22044604925E-16,4.930380657631E-32,1.));
#3025 = DEFINITIONAL_REPRESENTATION('',(#3026),#3030);
#3026 = LINE('',#3027,#3028);
#3027 = CARTESIAN_POINT('',(9.,0.));
#3028 = VECTOR('',#3029,1.);
#3029 = DIRECTION('',(1.,0.));
#3030 = ( GEOMETRIC_REPRESENTATION_CONTEXT(2) 
PARAMETRIC_REPRESENTATION_CONTEXT() REPRESENTATION_CONTEXT('2D SPACE',''
  ) );
#3031 = ORIENTED_EDGE('',*,*,#3032,.T.);
#3032 = EDGE_CURVE('',#3005,#2014,#3033,.T.);
#3033 = SURFACE_CURVE('',#3034,(#3039,#3046),.PCURVE_S1.);
#3034 = CIRCLE('',#3035,3.);
#3035 = AXIS2_PLACEMENT_3D('',#3036,#3037,#3038);
#3036 = CARTESIAN_POINT('',(44.,36.5,-1.000000001064));
#3037 = DIRECTION('',(1.,-2.22044604925E-16,2.22044604925E-16));
#3038 = DIRECTION('',(2.22044604925E-16,1.,0.));
#3039 = PCURVE('',#1789,#3040);
#3040 = DEFINITIONAL_REPRESENTATION('',(#3041),#3045);
#3041 = CIRCLE('',#3042,3.);
#3042 = AXIS2_PLACEMENT_2D('',#3043,#3044);
#3043 = CARTESIAN_POINT('',(36.5,8.999999999081));
#3044 = DIRECTION('',(1.,0.));
#3045 = ( GEOMETRIC_REPRESENTATION_CONTEXT(2) 
PARAMETRIC_REPRESENTATION_CONTEXT() REPRESENTATION_CONTEXT('2D SPACE',''
  ) );
#3046 = PCURVE('',#2029,#3047);
#3047 = DEFINITIONAL_REPRESENTATION('',(#3048),#3052);
#3048 = LINE('',#3049,#3050);
#3049 = CARTESIAN_POINT('',(0.,0.));
#3050 = VECTOR('',#3051,1.);
#3051 = DIRECTION('',(-1.,0.));
#3052 = ( GEOMETRIC_REPRESENTATION_CONTEXT(2) 
PARAMETRIC_REPRESENTATION_CONTEXT() REPRESENTATION_CONTEXT('2D SPACE',''
  ) );
#3053 = ORIENTED_EDGE('',*,*,#2041,.F.);
#3054 = ADVANCED_FACE('',(#3055),#2029,.T.);
#3055 = FACE_BOUND('',#3056,.F.);
#3056 = EDGE_LOOP('',(#3057,#3080,#3102,#3103));
#3057 = ORIENTED_EDGE('',*,*,#3058,.T.);
#3058 = EDGE_CURVE('',#3005,#3059,#3061,.T.);
#3059 = VERTEX_POINT('',#3060);
#3060 = CARTESIAN_POINT('',(80.,39.5,-1.000000001064));
#3061 = SURFACE_CURVE('',#3062,(#3066,#3073),.PCURVE_S1.);
#3062 = LINE('',#3063,#3064);
#3063 = CARTESIAN_POINT('',(44.,39.5,-1.000000001064));
#3064 = VECTOR('',#3065,1.);
#3065 = DIRECTION('',(1.,-2.22044604925E-16,2.22044604925E-16));
#3066 = PCURVE('',#2029,#3067);
#3067 = DEFINITIONAL_REPRESENTATION('',(#3068),#3072);
#3068 = LINE('',#3069,#3070);
#3069 = CARTESIAN_POINT('',(0.,0.));
#3070 = VECTOR('',#3071,1.);
#3071 = DIRECTION('',(0.,-1.));
#3072 = ( GEOMETRIC_REPRESENTATION_CONTEXT(2) 
PARAMETRIC_REPRESENTATION_CONTEXT() REPRESENTATION_CONTEXT('2D SPACE',''
  ) );
#3073 = PCURVE('',#3020,#3074);
#3074 = DEFINITIONAL_REPRESENTATION('',(#3075),#3079);
#3075 = LINE('',#3076,#3077);
#3076 = CARTESIAN_POINT('',(17.999999998936,0.));
#3077 = VECTOR('',#3078,1.);
#3078 = DIRECTION('',(0.,-1.));
#3079 = ( GEOMETRIC_REPRESENTATION_CONTEXT(2) 
PARAMETRIC_REPRESENTATION_CONTEXT() REPRESENTATION_CONTEXT('2D SPACE',''
  ) );
#3080 = ORIENTED_EDGE('',*,*,#3081,.T.);
#3081 = EDGE_CURVE('',#3059,#1986,#3082,.T.);
#3082 = SURFACE_CURVE('',#3083,(#3088,#3095),.PCURVE_S1.);
#3083 = CIRCLE('',#3084,3.);
#3084 = AXIS2_PLACEMENT_3D('',#3085,#3086,#3087);
#3085 = CARTESIAN_POINT('',(80.,36.5,-1.000000001064));
#3086 = DIRECTION('',(1.,-2.22044604925E-16,2.22044604925E-16));
#3087 = DIRECTION('',(2.22044604925E-16,1.,0.));
#3088 = PCURVE('',#2029,#3089);
#3089 = DEFINITIONAL_REPRESENTATION('',(#3090),#3094);
#3090 = LINE('',#3091,#3092);
#3091 = CARTESIAN_POINT('',(0.,-36.));
#3092 = VECTOR('',#3093,1.);
#3093 = DIRECTION('',(-1.,0.));
#3094 = ( GEOMETRIC_REPRESENTATION_CONTEXT(2) 
PARAMETRIC_REPRESENTATION_CONTEXT() REPRESENTATION_CONTEXT('2D SPACE',''
  ) );
#3095 = PCURVE('',#2001,#3096);
#3096 = DEFINITIONAL_REPRESENTATION('',(#3097),#3101);
#3097 = CIRCLE('',#3098,3.);
#3098 = AXIS2_PLACEMENT_2D('',#3099,#3100);
#3099 = CARTESIAN_POINT('',(36.5,8.999999999081));
#3100 = DIRECTION('',(1.,0.));
#3101 = ( GEOMETRIC_REPRESENTATION_CONTEXT(2) 
PARAMETRIC_REPRESENTATION_CONTEXT() REPRESENTATION_CONTEXT('2D SPACE',''
  ) );
#3102 = ORIENTED_EDGE('',*,*,#2013,.F.);
#3103 = ORIENTED_EDGE('',*,*,#3032,.F.);
#3104 = ADVANCED_FACE('',(#3105),#2001,.T.);
#3105 = FACE_BOUND('',#3106,.T.);
#3106 = EDGE_LOOP('',(#3107,#3132,#3154,#3155,#3179,#3200,#3201,#3202,
    #3223,#3249,#3282,#3308,#3341,#3367,#3400,#3426));
#3107 = ORIENTED_EDGE('',*,*,#3108,.F.);
#3108 = EDGE_CURVE('',#3109,#3111,#3113,.T.);
#3109 = VERTEX_POINT('',#3110);
#3110 = CARTESIAN_POINT('',(80.,-39.5,-19.));
#3111 = VERTEX_POINT('',#3112);
#3112 = CARTESIAN_POINT('',(80.,-39.5,-16.));
#3113 = SURFACE_CURVE('',#3114,(#3118,#3125),.PCURVE_S1.);
#3114 = LINE('',#3115,#3116);
#3115 = CARTESIAN_POINT('',(80.,-39.5,-10.));
#3116 = VECTOR('',#3117,1.);
#3117 = DIRECTION('',(-2.22044604925E-16,4.930380657631E-32,1.));
#3118 = PCURVE('',#2001,#3119);
#3119 = DEFINITIONAL_REPRESENTATION('',(#3120),#3124);
#3120 = LINE('',#3121,#3122);
#3121 = CARTESIAN_POINT('',(-39.5,1.448718349172E-10));
#3122 = VECTOR('',#3123,1.);
#3123 = DIRECTION('',(0.,1.));
#3124 = ( GEOMETRIC_REPRESENTATION_CONTEXT(2) 
PARAMETRIC_REPRESENTATION_CONTEXT() REPRESENTATION_CONTEXT('2D SPACE',''
  ) );
#3125 = PCURVE('',#2557,#3126);
#3126 = DEFINITIONAL_REPRESENTATION('',(#3127),#3131);
#3127 = LINE('',#3128,#3129);
#3128 = CARTESIAN_POINT('',(9.,-36.));
#3129 = VECTOR('',#3130,1.);
#3130 = DIRECTION('',(1.,0.));
#3131 = ( GEOMETRIC_REPRESENTATION_CONTEXT(2) 
PARAMETRIC_REPRESENTATION_CONTEXT() REPRESENTATION_CONTEXT('2D SPACE',''
  ) );
#3132 = ORIENTED_EDGE('',*,*,#3133,.T.);
#3133 = EDGE_CURVE('',#3109,#2195,#3134,.T.);
#3134 = SURFACE_CURVE('',#3135,(#3140,#3147),.PCURVE_S1.);
#3135 = CIRCLE('',#3136,3.);
#3136 = AXIS2_PLACEMENT_3D('',#3137,#3138,#3139);
#3137 = CARTESIAN_POINT('',(80.,-36.5,-19.));
#3138 = DIRECTION('',(1.,-2.22044604925E-16,2.22044604925E-16));
#3139 = DIRECTION('',(2.22044604925E-16,1.,0.));
#3140 = PCURVE('',#2001,#3141);
#3141 = DEFINITIONAL_REPRESENTATION('',(#3142),#3146);
#3142 = CIRCLE('',#3143,3.);
#3143 = AXIS2_PLACEMENT_2D('',#3144,#3145);
#3144 = CARTESIAN_POINT('',(-36.5,-8.999999999855));
#3145 = DIRECTION('',(1.,0.));
#3146 = ( GEOMETRIC_REPRESENTATION_CONTEXT(2) 
PARAMETRIC_REPRESENTATION_CONTEXT() REPRESENTATION_CONTEXT('2D SPACE',''
  ) );
#3147 = PCURVE('',#2210,#3148);
#3148 = DEFINITIONAL_REPRESENTATION('',(#3149),#3153);
#3149 = LINE('',#3150,#3151);
#3150 = CARTESIAN_POINT('',(0.,-36.));
#3151 = VECTOR('',#3152,1.);
#3152 = DIRECTION('',(-1.,0.));
#3153 = ( GEOMETRIC_REPRESENTATION_CONTEXT(2) 
PARAMETRIC_REPRESENTATION_CONTEXT() REPRESENTATION_CONTEXT('2D SPACE',''
  ) );
#3154 = ORIENTED_EDGE('',*,*,#2222,.T.);
#3155 = ORIENTED_EDGE('',*,*,#3156,.T.);
#3156 = EDGE_CURVE('',#2223,#3157,#3159,.T.);
#3157 = VERTEX_POINT('',#3158);
#3158 = CARTESIAN_POINT('',(80.,39.5,-19.));
#3159 = SURFACE_CURVE('',#3160,(#3165,#3172),.PCURVE_S1.);
#3160 = CIRCLE('',#3161,3.);
#3161 = AXIS2_PLACEMENT_3D('',#3162,#3163,#3164);
#3162 = CARTESIAN_POINT('',(80.,36.5,-19.));
#3163 = DIRECTION('',(1.,-2.22044604925E-16,2.22044604925E-16));
#3164 = DIRECTION('',(2.22044604925E-16,1.,0.));
#3165 = PCURVE('',#2001,#3166);
#3166 = DEFINITIONAL_REPRESENTATION('',(#3167),#3171);
#3167 = CIRCLE('',#3168,3.);
#3168 = AXIS2_PLACEMENT_2D('',#3169,#3170);
#3169 = CARTESIAN_POINT('',(36.5,-8.999999999855));
#3170 = DIRECTION('',(1.,0.));
#3171 = ( GEOMETRIC_REPRESENTATION_CONTEXT(2) 
PARAMETRIC_REPRESENTATION_CONTEXT() REPRESENTATION_CONTEXT('2D SPACE',''
  ) );
#3172 = PCURVE('',#2261,#3173);
#3173 = DEFINITIONAL_REPRESENTATION('',(#3174),#3178);
#3174 = LINE('',#3175,#3176);
#3175 = CARTESIAN_POINT('',(0.,-36.));
#3176 = VECTOR('',#3177,1.);
#3177 = DIRECTION('',(-1.,0.));
#3178 = ( GEOMETRIC_REPRESENTATION_CONTEXT(2) 
PARAMETRIC_REPRESENTATION_CONTEXT() REPRESENTATION_CONTEXT('2D SPACE',''
  ) );
#3179 = ORIENTED_EDGE('',*,*,#3180,.T.);
#3180 = EDGE_CURVE('',#3157,#3059,#3181,.T.);
#3181 = SURFACE_CURVE('',#3182,(#3186,#3193),.PCURVE_S1.);
#3182 = LINE('',#3183,#3184);
#3183 = CARTESIAN_POINT('',(80.,39.5,-10.));
#3184 = VECTOR('',#3185,1.);
#3185 = DIRECTION('',(-2.22044604925E-16,4.930380657631E-32,1.));
#3186 = PCURVE('',#2001,#3187);
#3187 = DEFINITIONAL_REPRESENTATION('',(#3188),#3192);
#3188 = LINE('',#3189,#3190);
#3189 = CARTESIAN_POINT('',(39.5,1.448718349172E-10));
#3190 = VECTOR('',#3191,1.);
#3191 = DIRECTION('',(0.,1.));
#3192 = ( GEOMETRIC_REPRESENTATION_CONTEXT(2) 
PARAMETRIC_REPRESENTATION_CONTEXT() REPRESENTATION_CONTEXT('2D SPACE',''
  ) );
#3193 = PCURVE('',#3020,#3194);
#3194 = DEFINITIONAL_REPRESENTATION('',(#3195),#3199);
#3195 = LINE('',#3196,#3197);
#3196 = CARTESIAN_POINT('',(9.,-36.));
#3197 = VECTOR('',#3198,1.);
#3198 = DIRECTION('',(1.,0.));
#3199 = ( GEOMETRIC_REPRESENTATION_CONTEXT(2) 
PARAMETRIC_REPRESENTATION_CONTEXT() REPRESENTATION_CONTEXT('2D SPACE',''
  ) );
#3200 = ORIENTED_EDGE('',*,*,#3081,.T.);
#3201 = ORIENTED_EDGE('',*,*,#1985,.F.);
#3202 = ORIENTED_EDGE('',*,*,#3203,.F.);
#3203 = EDGE_CURVE('',#3204,#1960,#3206,.T.);
#3204 = VERTEX_POINT('',#3205);
#3205 = CARTESIAN_POINT('',(80.,5.,3.552713678801E-13));
#3206 = SURFACE_CURVE('',#3207,(#3211,#3217),.PCURVE_S1.);
#3207 = LINE('',#3208,#3209);
#3208 = CARTESIAN_POINT('',(80.,5.,-5.500000000072));
#3209 = VECTOR('',#3210,1.);
#3210 = DIRECTION('',(-2.22044604925E-16,4.930380657631E-32,1.));
#3211 = PCURVE('',#2001,#3212);
#3212 = DEFINITIONAL_REPRESENTATION('',(#3213),#3216);
#3213 = B_SPLINE_CURVE_WITH_KNOTS('',1,(#3214,#3215),.UNSPECIFIED.,.F.,
  .F.,(2,2),(4.500000000072,7.500000000072),.PIECEWISE_BEZIER_KNOTS.);
#3214 = CARTESIAN_POINT('',(5.,9.000000000145));
#3215 = CARTESIAN_POINT('',(5.,12.000000000145));
#3216 = ( GEOMETRIC_REPRESENTATION_CONTEXT(2) 
PARAMETRIC_REPRESENTATION_CONTEXT() REPRESENTATION_CONTEXT('2D SPACE',''
  ) );
#3217 = PCURVE('',#1974,#3218);
#3218 = DEFINITIONAL_REPRESENTATION('',(#3219),#3222);
#3219 = B_SPLINE_CURVE_WITH_KNOTS('',1,(#3220,#3221),.UNSPECIFIED.,.F.,
  .F.,(2,2),(4.500000000072,7.500000000072),.PIECEWISE_BEZIER_KNOTS.);
#3220 = CARTESIAN_POINT('',(8.,0.));
#3221 = CARTESIAN_POINT('',(8.,-3.));
#3222 = ( GEOMETRIC_REPRESENTATION_CONTEXT(2) 
PARAMETRIC_REPRESENTATION_CONTEXT() REPRESENTATION_CONTEXT('2D SPACE',''
  ) );
#3223 = ORIENTED_EDGE('',*,*,#3224,.F.);
#3224 = EDGE_CURVE('',#3225,#3204,#3227,.T.);
#3225 = VERTEX_POINT('',#3226);
#3226 = CARTESIAN_POINT('',(80.,36.5,-1.197644650119E-09));
#3227 = SURFACE_CURVE('',#3228,(#3232,#3238),.PCURVE_S1.);
#3228 = LINE('',#3229,#3230);
#3229 = CARTESIAN_POINT('',(80.,-18.25,3.552713678801E-13));
#3230 = VECTOR('',#3231,1.);
#3231 = DIRECTION('',(-2.22044604925E-16,-1.,0.));
#3232 = PCURVE('',#2001,#3233);
#3233 = DEFINITIONAL_REPRESENTATION('',(#3234),#3237);
#3234 = B_SPLINE_CURVE_WITH_KNOTS('',1,(#3235,#3236),.UNSPECIFIED.,.F.,
  .F.,(2,2),(-54.75,18.25),.PIECEWISE_BEZIER_KNOTS.);
#3235 = CARTESIAN_POINT('',(36.5,10.000000000145));
#3236 = CARTESIAN_POINT('',(-36.5,10.000000000145));
#3237 = ( GEOMETRIC_REPRESENTATION_CONTEXT(2) 
PARAMETRIC_REPRESENTATION_CONTEXT() REPRESENTATION_CONTEXT('2D SPACE',''
  ) );
#3238 = PCURVE('',#3239,#3244);
#3239 = PLANE('',#3240);
#3240 = AXIS2_PLACEMENT_3D('',#3241,#3242,#3243);
#3241 = CARTESIAN_POINT('',(46.,-36.5,3.481659405224E-13));
#3242 = DIRECTION('',(-2.22044604925E-16,4.930380657631E-32,1.));
#3243 = DIRECTION('',(2.22044604925E-16,1.,0.));
#3244 = DEFINITIONAL_REPRESENTATION('',(#3245),#3248);
#3245 = B_SPLINE_CURVE_WITH_KNOTS('',1,(#3246,#3247),.UNSPECIFIED.,.F.,
  .F.,(2,2),(-54.75,18.25),.PIECEWISE_BEZIER_KNOTS.);
#3246 = CARTESIAN_POINT('',(73.,-34.));
#3247 = CARTESIAN_POINT('',(0.,-34.));
#3248 = ( GEOMETRIC_REPRESENTATION_CONTEXT(2) 
PARAMETRIC_REPRESENTATION_CONTEXT() REPRESENTATION_CONTEXT('2D SPACE',''
  ) );
#3249 = ORIENTED_EDGE('',*,*,#3250,.T.);
#3250 = EDGE_CURVE('',#3225,#3251,#3253,.T.);
#3251 = VERTEX_POINT('',#3252);
#3252 = CARTESIAN_POINT('',(80.,37.5,-1.000000002396));
#3253 = SURFACE_CURVE('',#3254,(#3259,#3270),.PCURVE_S1.);
#3254 = CIRCLE('',#3255,1.);
#3255 = AXIS2_PLACEMENT_3D('',#3256,#3257,#3258);
#3256 = CARTESIAN_POINT('',(80.,36.5,-1.000000002396));
#3257 = DIRECTION('',(-1.,2.22044604925E-16,-2.22044604925E-16));
#3258 = DIRECTION('',(2.22044604925E-16,1.,0.));
#3259 = PCURVE('',#2001,#3260);
#3260 = DEFINITIONAL_REPRESENTATION('',(#3261),#3269);
#3261 = ( BOUNDED_CURVE() B_SPLINE_CURVE(2,(#3262,#3263,#3264,#3265,
#3266,#3267,#3268),.UNSPECIFIED.,.T.,.F.) B_SPLINE_CURVE_WITH_KNOTS((1,2
    ,2,2,2,1),(-2.094395102393,0.,2.094395102393,4.188790204786,
6.28318530718,8.377580409573),.UNSPECIFIED.) CURVE() 
GEOMETRIC_REPRESENTATION_ITEM() RATIONAL_B_SPLINE_CURVE((1.,0.5,1.,0.5,
1.,0.5,1.)) REPRESENTATION_ITEM('') );
#3262 = CARTESIAN_POINT('',(37.5,8.999999997749));
#3263 = CARTESIAN_POINT('',(37.5,7.26794919018));
#3264 = CARTESIAN_POINT('',(36.,8.133974593965));
#3265 = CARTESIAN_POINT('',(34.5,8.999999997749));
#3266 = CARTESIAN_POINT('',(36.,9.866025401534));
#3267 = CARTESIAN_POINT('',(37.5,10.732050805318));
#3268 = CARTESIAN_POINT('',(37.5,8.999999997749));
#3269 = ( GEOMETRIC_REPRESENTATION_CONTEXT(2) 
PARAMETRIC_REPRESENTATION_CONTEXT() REPRESENTATION_CONTEXT('2D SPACE',''
  ) );
#3270 = PCURVE('',#3271,#3276);
#3271 = CYLINDRICAL_SURFACE('',#3272,1.);
#3272 = AXIS2_PLACEMENT_3D('',#3273,#3274,#3275);
#3273 = CARTESIAN_POINT('',(46.,36.5,-1.000000002396));
#3274 = DIRECTION('',(-1.,2.22044604925E-16,-2.22044604925E-16));
#3275 = DIRECTION('',(2.22044604925E-16,1.,0.));
#3276 = DEFINITIONAL_REPRESENTATION('',(#3277),#3281);
#3277 = LINE('',#3278,#3279);
#3278 = CARTESIAN_POINT('',(-6.28318530718,-34.));
#3279 = VECTOR('',#3280,1.);
#3280 = DIRECTION('',(1.,0.));
#3281 = ( GEOMETRIC_REPRESENTATION_CONTEXT(2) 
PARAMETRIC_REPRESENTATION_CONTEXT() REPRESENTATION_CONTEXT('2D SPACE',''
  ) );
#3282 = ORIENTED_EDGE('',*,*,#3283,.T.);
#3283 = EDGE_CURVE('',#3251,#3284,#3286,.T.);
#3284 = VERTEX_POINT('',#3285);
#3285 = CARTESIAN_POINT('',(80.,37.5,-19.));
#3286 = SURFACE_CURVE('',#3287,(#3291,#3297),.PCURVE_S1.);
#3287 = LINE('',#3288,#3289);
#3288 = CARTESIAN_POINT('',(80.,37.5,-14.50000000007));
#3289 = VECTOR('',#3290,1.);
#3290 = DIRECTION('',(2.22044604925E-16,-4.930380657631E-32,-1.));
#3291 = PCURVE('',#2001,#3292);
#3292 = DEFINITIONAL_REPRESENTATION('',(#3293),#3296);
#3293 = B_SPLINE_CURVE_WITH_KNOTS('',1,(#3294,#3295),.UNSPECIFIED.,.F.,
  .F.,(2,2),(-13.49999999767,4.499999999928),.PIECEWISE_BEZIER_KNOTS.);
#3294 = CARTESIAN_POINT('',(37.5,8.999999997749));
#3295 = CARTESIAN_POINT('',(37.5,-8.999999999856));
#3296 = ( GEOMETRIC_REPRESENTATION_CONTEXT(2) 
PARAMETRIC_REPRESENTATION_CONTEXT() REPRESENTATION_CONTEXT('2D SPACE',''
  ) );
#3297 = PCURVE('',#3298,#3303);
#3298 = PLANE('',#3299);
#3299 = AXIS2_PLACEMENT_3D('',#3300,#3301,#3302);
#3300 = CARTESIAN_POINT('',(46.,37.5,-19.));
#3301 = DIRECTION('',(-2.22044604925E-16,-1.,0.));
#3302 = DIRECTION('',(-2.22044604925E-16,4.930380657631E-32,1.));
#3303 = DEFINITIONAL_REPRESENTATION('',(#3304),#3307);
#3304 = B_SPLINE_CURVE_WITH_KNOTS('',1,(#3305,#3306),.UNSPECIFIED.,.F.,
  .F.,(2,2),(-13.49999999767,4.499999999928),.PIECEWISE_BEZIER_KNOTS.);
#3305 = CARTESIAN_POINT('',(17.999999997605,-34.));
#3306 = CARTESIAN_POINT('',(0.,-34.));
#3307 = ( GEOMETRIC_REPRESENTATION_CONTEXT(2) 
PARAMETRIC_REPRESENTATION_CONTEXT() REPRESENTATION_CONTEXT('2D SPACE',''
  ) );
#3308 = ORIENTED_EDGE('',*,*,#3309,.T.);
#3309 = EDGE_CURVE('',#3284,#3310,#3312,.T.);
#3310 = VERTEX_POINT('',#3311);
#3311 = CARTESIAN_POINT('',(80.,36.5,-20.));
#3312 = SURFACE_CURVE('',#3313,(#3318,#3329),.PCURVE_S1.);
#3313 = CIRCLE('',#3314,1.);
#3314 = AXIS2_PLACEMENT_3D('',#3315,#3316,#3317);
#3315 = CARTESIAN_POINT('',(80.,36.5,-19.));
#3316 = DIRECTION('',(-1.,2.22044604925E-16,-2.22044604925E-16));
#3317 = DIRECTION('',(2.22044604925E-16,1.,0.));
#3318 = PCURVE('',#2001,#3319);
#3319 = DEFINITIONAL_REPRESENTATION('',(#3320),#3328);
#3320 = ( BOUNDED_CURVE() B_SPLINE_CURVE(2,(#3321,#3322,#3323,#3324,
#3325,#3326,#3327),.UNSPECIFIED.,.T.,.F.) B_SPLINE_CURVE_WITH_KNOTS((1,2
    ,2,2,2,1),(-2.094395102393,0.,2.094395102393,4.188790204786,
6.28318530718,8.377580409573),.UNSPECIFIED.) CURVE() 
GEOMETRIC_REPRESENTATION_ITEM() RATIONAL_B_SPLINE_CURVE((1.,0.5,1.,0.5,
1.,0.5,1.)) REPRESENTATION_ITEM('') );
#3321 = CARTESIAN_POINT('',(37.5,-8.999999999856));
#3322 = CARTESIAN_POINT('',(37.5,-10.73205080742));
#3323 = CARTESIAN_POINT('',(36.,-9.86602540364));
#3324 = CARTESIAN_POINT('',(34.5,-8.999999999856));
#3325 = CARTESIAN_POINT('',(36.,-8.133974596071));
#3326 = CARTESIAN_POINT('',(37.5,-7.267949192287));
#3327 = CARTESIAN_POINT('',(37.5,-8.999999999856));
#3328 = ( GEOMETRIC_REPRESENTATION_CONTEXT(2) 
PARAMETRIC_REPRESENTATION_CONTEXT() REPRESENTATION_CONTEXT('2D SPACE',''
  ) );
#3329 = PCURVE('',#3330,#3335);
#3330 = CYLINDRICAL_SURFACE('',#3331,1.);
#3331 = AXIS2_PLACEMENT_3D('',#3332,#3333,#3334);
#3332 = CARTESIAN_POINT('',(46.,36.5,-19.));
#3333 = DIRECTION('',(-1.,2.22044604925E-16,-2.22044604925E-16));
#3334 = DIRECTION('',(2.22044604925E-16,1.,0.));
#3335 = DEFINITIONAL_REPRESENTATION('',(#3336),#3340);
#3336 = LINE('',#3337,#3338);
#3337 = CARTESIAN_POINT('',(-6.28318530718,-34.));
#3338 = VECTOR('',#3339,1.);
#3339 = DIRECTION('',(1.,0.));
#3340 = ( GEOMETRIC_REPRESENTATION_CONTEXT(2) 
PARAMETRIC_REPRESENTATION_CONTEXT() REPRESENTATION_CONTEXT('2D SPACE',''
  ) );
#3341 = ORIENTED_EDGE('',*,*,#3342,.T.);
#3342 = EDGE_CURVE('',#3310,#3343,#3345,.T.);
#3343 = VERTEX_POINT('',#3344);
#3344 = CARTESIAN_POINT('',(80.,-36.5,-20.));
#3345 = SURFACE_CURVE('',#3346,(#3350,#3356),.PCURVE_S1.);
#3346 = LINE('',#3347,#3348);
#3347 = CARTESIAN_POINT('',(80.,-18.25,-20.));
#3348 = VECTOR('',#3349,1.);
#3349 = DIRECTION('',(-2.22044604925E-16,-1.,0.));
#3350 = PCURVE('',#2001,#3351);
#3351 = DEFINITIONAL_REPRESENTATION('',(#3352),#3355);
#3352 = B_SPLINE_CURVE_WITH_KNOTS('',1,(#3353,#3354),.UNSPECIFIED.,.F.,
  .F.,(2,2),(-54.75,18.25),.PIECEWISE_BEZIER_KNOTS.);
#3353 = CARTESIAN_POINT('',(36.5,-9.999999999855));
#3354 = CARTESIAN_POINT('',(-36.5,-9.999999999855));
#3355 = ( GEOMETRIC_REPRESENTATION_CONTEXT(2) 
PARAMETRIC_REPRESENTATION_CONTEXT() REPRESENTATION_CONTEXT('2D SPACE',''
  ) );
#3356 = PCURVE('',#3357,#3362);
#3357 = PLANE('',#3358);
#3358 = AXIS2_PLACEMENT_3D('',#3359,#3360,#3361);
#3359 = CARTESIAN_POINT('',(46.,-36.5,-20.));
#3360 = DIRECTION('',(-2.22044604925E-16,4.930380657631E-32,1.));
#3361 = DIRECTION('',(2.22044604925E-16,1.,0.));
#3362 = DEFINITIONAL_REPRESENTATION('',(#3363),#3366);
#3363 = B_SPLINE_CURVE_WITH_KNOTS('',1,(#3364,#3365),.UNSPECIFIED.,.F.,
  .F.,(2,2),(-54.75,18.25),.PIECEWISE_BEZIER_KNOTS.);
#3364 = CARTESIAN_POINT('',(73.,-34.));
#3365 = CARTESIAN_POINT('',(0.,-34.));
#3366 = ( GEOMETRIC_REPRESENTATION_CONTEXT(2) 
PARAMETRIC_REPRESENTATION_CONTEXT() REPRESENTATION_CONTEXT('2D SPACE',''
  ) );
#3367 = ORIENTED_EDGE('',*,*,#3368,.T.);
#3368 = EDGE_CURVE('',#3343,#3369,#3371,.T.);
#3369 = VERTEX_POINT('',#3370);
#3370 = CARTESIAN_POINT('',(80.,-37.5,-19.));
#3371 = SURFACE_CURVE('',#3372,(#3377,#3388),.PCURVE_S1.);
#3372 = CIRCLE('',#3373,1.);
#3373 = AXIS2_PLACEMENT_3D('',#3374,#3375,#3376);
#3374 = CARTESIAN_POINT('',(80.,-36.5,-19.));
#3375 = DIRECTION('',(-1.,2.22044604925E-16,-2.22044604925E-16));
#3376 = DIRECTION('',(2.22044604925E-16,1.,0.));
#3377 = PCURVE('',#2001,#3378);
#3378 = DEFINITIONAL_REPRESENTATION('',(#3379),#3387);
#3379 = ( BOUNDED_CURVE() B_SPLINE_CURVE(2,(#3380,#3381,#3382,#3383,
#3384,#3385,#3386),.UNSPECIFIED.,.T.,.F.) B_SPLINE_CURVE_WITH_KNOTS((1,2
    ,2,2,2,1),(-2.094395102393,0.,2.094395102393,4.188790204786,
6.28318530718,8.377580409573),.UNSPECIFIED.) CURVE() 
GEOMETRIC_REPRESENTATION_ITEM() RATIONAL_B_SPLINE_CURVE((1.,0.5,1.,0.5,
1.,0.5,1.)) REPRESENTATION_ITEM('') );
#3380 = CARTESIAN_POINT('',(-35.5,-8.999999999856));
#3381 = CARTESIAN_POINT('',(-35.5,-10.73205080742));
#3382 = CARTESIAN_POINT('',(-37.,-9.86602540364));
#3383 = CARTESIAN_POINT('',(-38.5,-8.999999999856));
#3384 = CARTESIAN_POINT('',(-37.,-8.133974596071));
#3385 = CARTESIAN_POINT('',(-35.5,-7.267949192287));
#3386 = CARTESIAN_POINT('',(-35.5,-8.999999999856));
#3387 = ( GEOMETRIC_REPRESENTATION_CONTEXT(2) 
PARAMETRIC_REPRESENTATION_CONTEXT() REPRESENTATION_CONTEXT('2D SPACE',''
  ) );
#3388 = PCURVE('',#3389,#3394);
#3389 = CYLINDRICAL_SURFACE('',#3390,1.);
#3390 = AXIS2_PLACEMENT_3D('',#3391,#3392,#3393);
#3391 = CARTESIAN_POINT('',(46.,-36.5,-19.));
#3392 = DIRECTION('',(-1.,2.22044604925E-16,-2.22044604925E-16));
#3393 = DIRECTION('',(2.22044604925E-16,1.,0.));
#3394 = DEFINITIONAL_REPRESENTATION('',(#3395),#3399);
#3395 = LINE('',#3396,#3397);
#3396 = CARTESIAN_POINT('',(-6.28318530718,-34.));
#3397 = VECTOR('',#3398,1.);
#3398 = DIRECTION('',(1.,0.));
#3399 = ( GEOMETRIC_REPRESENTATION_CONTEXT(2) 
PARAMETRIC_REPRESENTATION_CONTEXT() REPRESENTATION_CONTEXT('2D SPACE',''
  ) );
#3400 = ORIENTED_EDGE('',*,*,#3401,.F.);
#3401 = EDGE_CURVE('',#3402,#3369,#3404,.T.);
#3402 = VERTEX_POINT('',#3403);
#3403 = CARTESIAN_POINT('',(80.,-37.5,-16.));
#3404 = SURFACE_CURVE('',#3405,(#3409,#3415),.PCURVE_S1.);
#3405 = LINE('',#3406,#3407);
#3406 = CARTESIAN_POINT('',(80.,-37.5,-14.50000000007));
#3407 = VECTOR('',#3408,1.);
#3408 = DIRECTION('',(2.22044604925E-16,-4.930380657631E-32,-1.));
#3409 = PCURVE('',#2001,#3410);
#3410 = DEFINITIONAL_REPRESENTATION('',(#3411),#3414);
#3411 = B_SPLINE_CURVE_WITH_KNOTS('',1,(#3412,#3413),.UNSPECIFIED.,.F.,
  .F.,(2,2),(-13.49999999767,4.499999999928),.PIECEWISE_BEZIER_KNOTS.);
#3412 = CARTESIAN_POINT('',(-37.5,8.999999997749));
#3413 = CARTESIAN_POINT('',(-37.5,-8.999999999856));
#3414 = ( GEOMETRIC_REPRESENTATION_CONTEXT(2) 
PARAMETRIC_REPRESENTATION_CONTEXT() REPRESENTATION_CONTEXT('2D SPACE',''
  ) );
#3415 = PCURVE('',#3416,#3421);
#3416 = PLANE('',#3417);
#3417 = AXIS2_PLACEMENT_3D('',#3418,#3419,#3420);
#3418 = CARTESIAN_POINT('',(46.,-37.5,-19.));
#3419 = DIRECTION('',(-2.22044604925E-16,-1.,0.));
#3420 = DIRECTION('',(-2.22044604925E-16,4.930380657631E-32,1.));
#3421 = DEFINITIONAL_REPRESENTATION('',(#3422),#3425);
#3422 = B_SPLINE_CURVE_WITH_KNOTS('',1,(#3423,#3424),.UNSPECIFIED.,.F.,
  .F.,(2,2),(-13.49999999767,4.499999999928),.PIECEWISE_BEZIER_KNOTS.);
#3423 = CARTESIAN_POINT('',(17.999999997605,-34.));
#3424 = CARTESIAN_POINT('',(0.,-34.));
#3425 = ( GEOMETRIC_REPRESENTATION_CONTEXT(2) 
PARAMETRIC_REPRESENTATION_CONTEXT() REPRESENTATION_CONTEXT('2D SPACE',''
  ) );
#3426 = ORIENTED_EDGE('',*,*,#3427,.T.);
#3427 = EDGE_CURVE('',#3402,#3111,#3428,.T.);
#3428 = SURFACE_CURVE('',#3429,(#3433,#3439),.PCURVE_S1.);
#3429 = LINE('',#3430,#3431);
#3430 = CARTESIAN_POINT('',(80.,-21.25,-16.));
#3431 = VECTOR('',#3432,1.);
#3432 = DIRECTION('',(-2.22044604925E-16,-1.,0.));
#3433 = PCURVE('',#2001,#3434);
#3434 = DEFINITIONAL_REPRESENTATION('',(#3435),#3438);
#3435 = B_SPLINE_CURVE_WITH_KNOTS('',1,(#3436,#3437),.UNSPECIFIED.,.F.,
  .F.,(2,2),(15.25,18.25),.PIECEWISE_BEZIER_KNOTS.);
#3436 = CARTESIAN_POINT('',(-36.5,-5.999999999855));
#3437 = CARTESIAN_POINT('',(-39.5,-5.999999999855));
#3438 = ( GEOMETRIC_REPRESENTATION_CONTEXT(2) 
PARAMETRIC_REPRESENTATION_CONTEXT() REPRESENTATION_CONTEXT('2D SPACE',''
  ) );
#3439 = PCURVE('',#3440,#3445);
#3440 = PLANE('',#3441);
#3441 = AXIS2_PLACEMENT_3D('',#3442,#3443,#3444);
#3442 = CARTESIAN_POINT('',(70.,-42.5,-16.));
#3443 = DIRECTION('',(-2.22044604925E-16,4.930380657631E-32,1.));
#3444 = DIRECTION('',(1.,-2.22044604925E-16,2.22044604925E-16));
#3445 = DEFINITIONAL_REPRESENTATION('',(#3446),#3449);
#3446 = B_SPLINE_CURVE_WITH_KNOTS('',1,(#3447,#3448),.UNSPECIFIED.,.F.,
  .F.,(2,2),(15.25,18.25),.PIECEWISE_BEZIER_KNOTS.);
#3447 = CARTESIAN_POINT('',(10.,6.));
#3448 = CARTESIAN_POINT('',(10.,3.));
#3449 = ( GEOMETRIC_REPRESENTATION_CONTEXT(2) 
PARAMETRIC_REPRESENTATION_CONTEXT() REPRESENTATION_CONTEXT('2D SPACE',''
  ) );
#3450 = ADVANCED_FACE('',(#3451),#1974,.F.);
#3451 = FACE_BOUND('',#3452,.F.);
#3452 = EDGE_LOOP('',(#3453,#3474,#3495,#3496));
#3453 = ORIENTED_EDGE('',*,*,#3454,.T.);
#3454 = EDGE_CURVE('',#3204,#3455,#3457,.T.);
#3455 = VERTEX_POINT('',#3456);
#3456 = CARTESIAN_POINT('',(72.,5.,3.552713678801E-13));
#3457 = SURFACE_CURVE('',#3458,(#3462,#3468),.PCURVE_S1.);
#3458 = LINE('',#3459,#3460);
#3459 = CARTESIAN_POINT('',(59.,5.,3.517186542012E-13));
#3460 = VECTOR('',#3461,1.);
#3461 = DIRECTION('',(-1.,2.22044604925E-16,-2.22044604925E-16));
#3462 = PCURVE('',#1974,#3463);
#3463 = DEFINITIONAL_REPRESENTATION('',(#3464),#3467);
#3464 = B_SPLINE_CURVE_WITH_KNOTS('',1,(#3465,#3466),.UNSPECIFIED.,.F.,
  .F.,(2,2),(-21.,-13.),.PIECEWISE_BEZIER_KNOTS.);
#3465 = CARTESIAN_POINT('',(8.,-1.));
#3466 = CARTESIAN_POINT('',(0.,-1.));
#3467 = ( GEOMETRIC_REPRESENTATION_CONTEXT(2) 
PARAMETRIC_REPRESENTATION_CONTEXT() REPRESENTATION_CONTEXT('2D SPACE',''
  ) );
#3468 = PCURVE('',#3239,#3469);
#3469 = DEFINITIONAL_REPRESENTATION('',(#3470),#3473);
#3470 = B_SPLINE_CURVE_WITH_KNOTS('',1,(#3471,#3472),.UNSPECIFIED.,.F.,
  .F.,(2,2),(-21.,-13.),.PIECEWISE_BEZIER_KNOTS.);
#3471 = CARTESIAN_POINT('',(41.5,-34.));
#3472 = CARTESIAN_POINT('',(41.5,-26.));
#3473 = ( GEOMETRIC_REPRESENTATION_CONTEXT(2) 
PARAMETRIC_REPRESENTATION_CONTEXT() REPRESENTATION_CONTEXT('2D SPACE',''
  ) );
#3474 = ORIENTED_EDGE('',*,*,#3475,.T.);
#3475 = EDGE_CURVE('',#3455,#1934,#3476,.T.);
#3476 = SURFACE_CURVE('',#3477,(#3481,#3488),.PCURVE_S1.);
#3477 = LINE('',#3478,#3479);
#3478 = CARTESIAN_POINT('',(72.,5.,-1.));
#3479 = VECTOR('',#3480,1.);
#3480 = DIRECTION('',(-2.22044604925E-16,4.930380657631E-32,1.));
#3481 = PCURVE('',#1974,#3482);
#3482 = DEFINITIONAL_REPRESENTATION('',(#3483),#3487);
#3483 = LINE('',#3484,#3485);
#3484 = CARTESIAN_POINT('',(0.,0.));
#3485 = VECTOR('',#3486,1.);
#3486 = DIRECTION('',(0.,-1.));
#3487 = ( GEOMETRIC_REPRESENTATION_CONTEXT(2) 
PARAMETRIC_REPRESENTATION_CONTEXT() REPRESENTATION_CONTEXT('2D SPACE',''
  ) );
#3488 = PCURVE('',#1948,#3489);
#3489 = DEFINITIONAL_REPRESENTATION('',(#3490),#3494);
#3490 = LINE('',#3491,#3492);
#3491 = CARTESIAN_POINT('',(10.,0.));
#3492 = VECTOR('',#3493,1.);
#3493 = DIRECTION('',(0.,1.));
#3494 = ( GEOMETRIC_REPRESENTATION_CONTEXT(2) 
PARAMETRIC_REPRESENTATION_CONTEXT() REPRESENTATION_CONTEXT('2D SPACE',''
  ) );
#3495 = ORIENTED_EDGE('',*,*,#1959,.F.);
#3496 = ORIENTED_EDGE('',*,*,#3203,.F.);
#3497 = ADVANCED_FACE('',(#3498),#1948,.T.);
#3498 = FACE_BOUND('',#3499,.T.);
#3499 = EDGE_LOOP('',(#3500,#3523,#3542,#3543));
#3500 = ORIENTED_EDGE('',*,*,#3501,.F.);
#3501 = EDGE_CURVE('',#3502,#1908,#3504,.T.);
#3502 = VERTEX_POINT('',#3503);
#3503 = CARTESIAN_POINT('',(72.,-5.,3.552713678801E-13));
#3504 = SURFACE_CURVE('',#3505,(#3509,#3516),.PCURVE_S1.);
#3505 = LINE('',#3506,#3507);
#3506 = CARTESIAN_POINT('',(72.,-5.,-1.));
#3507 = VECTOR('',#3508,1.);
#3508 = DIRECTION('',(-2.22044604925E-16,4.930380657631E-32,1.));
#3509 = PCURVE('',#1948,#3510);
#3510 = DEFINITIONAL_REPRESENTATION('',(#3511),#3515);
#3511 = LINE('',#3512,#3513);
#3512 = CARTESIAN_POINT('',(0.,0.));
#3513 = VECTOR('',#3514,1.);
#3514 = DIRECTION('',(0.,1.));
#3515 = ( GEOMETRIC_REPRESENTATION_CONTEXT(2) 
PARAMETRIC_REPRESENTATION_CONTEXT() REPRESENTATION_CONTEXT('2D SPACE',''
  ) );
#3516 = PCURVE('',#1922,#3517);
#3517 = DEFINITIONAL_REPRESENTATION('',(#3518),#3522);
#3518 = LINE('',#3519,#3520);
#3519 = CARTESIAN_POINT('',(0.,0.));
#3520 = VECTOR('',#3521,1.);
#3521 = DIRECTION('',(0.,-1.));
#3522 = ( GEOMETRIC_REPRESENTATION_CONTEXT(2) 
PARAMETRIC_REPRESENTATION_CONTEXT() REPRESENTATION_CONTEXT('2D SPACE',''
  ) );
#3523 = ORIENTED_EDGE('',*,*,#3524,.T.);
#3524 = EDGE_CURVE('',#3502,#3455,#3525,.T.);
#3525 = SURFACE_CURVE('',#3526,(#3530,#3536),.PCURVE_S1.);
#3526 = LINE('',#3527,#3528);
#3527 = CARTESIAN_POINT('',(72.,-20.75,3.552713678801E-13));
#3528 = VECTOR('',#3529,1.);
#3529 = DIRECTION('',(2.22044604925E-16,1.,0.));
#3530 = PCURVE('',#1948,#3531);
#3531 = DEFINITIONAL_REPRESENTATION('',(#3532),#3535);
#3532 = B_SPLINE_CURVE_WITH_KNOTS('',1,(#3533,#3534),.UNSPECIFIED.,.F.,
  .F.,(2,2),(15.75,25.75),.PIECEWISE_BEZIER_KNOTS.);
#3533 = CARTESIAN_POINT('',(0.,1.));
#3534 = CARTESIAN_POINT('',(10.,1.));
#3535 = ( GEOMETRIC_REPRESENTATION_CONTEXT(2) 
PARAMETRIC_REPRESENTATION_CONTEXT() REPRESENTATION_CONTEXT('2D SPACE',''
  ) );
#3536 = PCURVE('',#3239,#3537);
#3537 = DEFINITIONAL_REPRESENTATION('',(#3538),#3541);
#3538 = B_SPLINE_CURVE_WITH_KNOTS('',1,(#3539,#3540),.UNSPECIFIED.,.F.,
  .F.,(2,2),(15.75,25.75),.PIECEWISE_BEZIER_KNOTS.);
#3539 = CARTESIAN_POINT('',(31.5,-26.));
#3540 = CARTESIAN_POINT('',(41.5,-26.));
#3541 = ( GEOMETRIC_REPRESENTATION_CONTEXT(2) 
PARAMETRIC_REPRESENTATION_CONTEXT() REPRESENTATION_CONTEXT('2D SPACE',''
  ) );
#3542 = ORIENTED_EDGE('',*,*,#3475,.T.);
#3543 = ORIENTED_EDGE('',*,*,#1933,.F.);
#3544 = ADVANCED_FACE('',(#3545),#1922,.T.);
#3545 = FACE_BOUND('',#3546,.T.);
#3546 = EDGE_LOOP('',(#3547,#3568,#3569,#3570));
#3547 = ORIENTED_EDGE('',*,*,#3548,.T.);
#3548 = EDGE_CURVE('',#3549,#3502,#3551,.T.);
#3549 = VERTEX_POINT('',#3550);
#3550 = CARTESIAN_POINT('',(80.,-5.,3.552713678801E-13));
#3551 = SURFACE_CURVE('',#3552,(#3556,#3562),.PCURVE_S1.);
#3552 = LINE('',#3553,#3554);
#3553 = CARTESIAN_POINT('',(59.,-5.,3.517186542012E-13));
#3554 = VECTOR('',#3555,1.);
#3555 = DIRECTION('',(-1.,2.22044604925E-16,-2.22044604925E-16));
#3556 = PCURVE('',#1922,#3557);
#3557 = DEFINITIONAL_REPRESENTATION('',(#3558),#3561);
#3558 = B_SPLINE_CURVE_WITH_KNOTS('',1,(#3559,#3560),.UNSPECIFIED.,.F.,
  .F.,(2,2),(-21.,-13.),.PIECEWISE_BEZIER_KNOTS.);
#3559 = CARTESIAN_POINT('',(8.,-1.));
#3560 = CARTESIAN_POINT('',(0.,-1.));
#3561 = ( GEOMETRIC_REPRESENTATION_CONTEXT(2) 
PARAMETRIC_REPRESENTATION_CONTEXT() REPRESENTATION_CONTEXT('2D SPACE',''
  ) );
#3562 = PCURVE('',#3239,#3563);
#3563 = DEFINITIONAL_REPRESENTATION('',(#3564),#3567);
#3564 = B_SPLINE_CURVE_WITH_KNOTS('',1,(#3565,#3566),.UNSPECIFIED.,.F.,
  .F.,(2,2),(-21.,-13.),.PIECEWISE_BEZIER_KNOTS.);
#3565 = CARTESIAN_POINT('',(31.5,-34.));
#3566 = CARTESIAN_POINT('',(31.5,-26.));
#3567 = ( GEOMETRIC_REPRESENTATION_CONTEXT(2) 
PARAMETRIC_REPRESENTATION_CONTEXT() REPRESENTATION_CONTEXT('2D SPACE',''
  ) );
#3568 = ORIENTED_EDGE('',*,*,#3501,.T.);
#3569 = ORIENTED_EDGE('',*,*,#1907,.F.);
#3570 = ORIENTED_EDGE('',*,*,#3571,.F.);
#3571 = EDGE_CURVE('',#3549,#1880,#3572,.T.);
#3572 = SURFACE_CURVE('',#3573,(#3577,#3583),.PCURVE_S1.);
#3573 = LINE('',#3574,#3575);
#3574 = CARTESIAN_POINT('',(80.,-5.,-5.500000000072));
#3575 = VECTOR('',#3576,1.);
#3576 = DIRECTION('',(-2.22044604925E-16,4.930380657631E-32,1.));
#3577 = PCURVE('',#1922,#3578);
#3578 = DEFINITIONAL_REPRESENTATION('',(#3579),#3582);
#3579 = B_SPLINE_CURVE_WITH_KNOTS('',1,(#3580,#3581),.UNSPECIFIED.,.F.,
  .F.,(2,2),(4.500000000072,7.500000000072),.PIECEWISE_BEZIER_KNOTS.);
#3580 = CARTESIAN_POINT('',(8.,0.));
#3581 = CARTESIAN_POINT('',(8.,-3.));
#3582 = ( GEOMETRIC_REPRESENTATION_CONTEXT(2) 
PARAMETRIC_REPRESENTATION_CONTEXT() REPRESENTATION_CONTEXT('2D SPACE',''
  ) );
#3583 = PCURVE('',#1895,#3584);
#3584 = DEFINITIONAL_REPRESENTATION('',(#3585),#3588);
#3585 = B_SPLINE_CURVE_WITH_KNOTS('',1,(#3586,#3587),.UNSPECIFIED.,.F.,
  .F.,(2,2),(4.500000000072,7.500000000072),.PIECEWISE_BEZIER_KNOTS.);
#3586 = CARTESIAN_POINT('',(-5.,9.000000000145));
#3587 = CARTESIAN_POINT('',(-5.,12.000000000145));
#3588 = ( GEOMETRIC_REPRESENTATION_CONTEXT(2) 
PARAMETRIC_REPRESENTATION_CONTEXT() REPRESENTATION_CONTEXT('2D SPACE',''
  ) );
#3589 = ADVANCED_FACE('',(#3590),#1895,.T.);
#3590 = FACE_BOUND('',#3591,.T.);
#3591 = EDGE_LOOP('',(#3592,#3617,#3643,#3664,#3697,#3716,#3717,#3718));
#3592 = ORIENTED_EDGE('',*,*,#3593,.F.);
#3593 = EDGE_CURVE('',#3594,#3596,#3598,.T.);
#3594 = VERTEX_POINT('',#3595);
#3595 = CARTESIAN_POINT('',(80.,-39.5,-4.));
#3596 = VERTEX_POINT('',#3597);
#3597 = CARTESIAN_POINT('',(80.,-39.5,-1.000000001064));
#3598 = SURFACE_CURVE('',#3599,(#3603,#3610),.PCURVE_S1.);
#3599 = LINE('',#3600,#3601);
#3600 = CARTESIAN_POINT('',(80.,-39.5,-10.));
#3601 = VECTOR('',#3602,1.);
#3602 = DIRECTION('',(-2.22044604925E-16,4.930380657631E-32,1.));
#3603 = PCURVE('',#1895,#3604);
#3604 = DEFINITIONAL_REPRESENTATION('',(#3605),#3609);
#3605 = LINE('',#3606,#3607);
#3606 = CARTESIAN_POINT('',(-39.5,1.448718349172E-10));
#3607 = VECTOR('',#3608,1.);
#3608 = DIRECTION('',(0.,1.));
#3609 = ( GEOMETRIC_REPRESENTATION_CONTEXT(2) 
PARAMETRIC_REPRESENTATION_CONTEXT() REPRESENTATION_CONTEXT('2D SPACE',''
  ) );
#3610 = PCURVE('',#2557,#3611);
#3611 = DEFINITIONAL_REPRESENTATION('',(#3612),#3616);
#3612 = LINE('',#3613,#3614);
#3613 = CARTESIAN_POINT('',(9.,-36.));
#3614 = VECTOR('',#3615,1.);
#3615 = DIRECTION('',(1.,0.));
#3616 = ( GEOMETRIC_REPRESENTATION_CONTEXT(2) 
PARAMETRIC_REPRESENTATION_CONTEXT() REPRESENTATION_CONTEXT('2D SPACE',''
  ) );
#3617 = ORIENTED_EDGE('',*,*,#3618,.F.);
#3618 = EDGE_CURVE('',#3619,#3594,#3621,.T.);
#3619 = VERTEX_POINT('',#3620);
#3620 = CARTESIAN_POINT('',(80.,-37.5,-4.));
#3621 = SURFACE_CURVE('',#3622,(#3626,#3632),.PCURVE_S1.);
#3622 = LINE('',#3623,#3624);
#3623 = CARTESIAN_POINT('',(80.,-21.25,-4.));
#3624 = VECTOR('',#3625,1.);
#3625 = DIRECTION('',(-2.22044604925E-16,-1.,0.));
#3626 = PCURVE('',#1895,#3627);
#3627 = DEFINITIONAL_REPRESENTATION('',(#3628),#3631);
#3628 = B_SPLINE_CURVE_WITH_KNOTS('',1,(#3629,#3630),.UNSPECIFIED.,.F.,
  .F.,(2,2),(15.25,18.25),.PIECEWISE_BEZIER_KNOTS.);
#3629 = CARTESIAN_POINT('',(-36.5,6.000000000145));
#3630 = CARTESIAN_POINT('',(-39.5,6.000000000145));
#3631 = ( GEOMETRIC_REPRESENTATION_CONTEXT(2) 
PARAMETRIC_REPRESENTATION_CONTEXT() REPRESENTATION_CONTEXT('2D SPACE',''
  ) );
#3632 = PCURVE('',#3633,#3638);
#3633 = PLANE('',#3634);
#3634 = AXIS2_PLACEMENT_3D('',#3635,#3636,#3637);
#3635 = CARTESIAN_POINT('',(70.,-42.5,-4.));
#3636 = DIRECTION('',(-2.22044604925E-16,4.930380657631E-32,1.));
#3637 = DIRECTION('',(1.,-2.22044604925E-16,2.22044604925E-16));
#3638 = DEFINITIONAL_REPRESENTATION('',(#3639),#3642);
#3639 = B_SPLINE_CURVE_WITH_KNOTS('',1,(#3640,#3641),.UNSPECIFIED.,.F.,
  .F.,(2,2),(15.25,18.25),.PIECEWISE_BEZIER_KNOTS.);
#3640 = CARTESIAN_POINT('',(10.,6.));
#3641 = CARTESIAN_POINT('',(10.,3.));
#3642 = ( GEOMETRIC_REPRESENTATION_CONTEXT(2) 
PARAMETRIC_REPRESENTATION_CONTEXT() REPRESENTATION_CONTEXT('2D SPACE',''
  ) );
#3643 = ORIENTED_EDGE('',*,*,#3644,.F.);
#3644 = EDGE_CURVE('',#3645,#3619,#3647,.T.);
#3645 = VERTEX_POINT('',#3646);
#3646 = CARTESIAN_POINT('',(80.,-37.5,-1.000000002396));
#3647 = SURFACE_CURVE('',#3648,(#3652,#3658),.PCURVE_S1.);
#3648 = LINE('',#3649,#3650);
#3649 = CARTESIAN_POINT('',(80.,-37.5,-14.50000000007));
#3650 = VECTOR('',#3651,1.);
#3651 = DIRECTION('',(2.22044604925E-16,-4.930380657631E-32,-1.));
#3652 = PCURVE('',#1895,#3653);
#3653 = DEFINITIONAL_REPRESENTATION('',(#3654),#3657);
#3654 = B_SPLINE_CURVE_WITH_KNOTS('',1,(#3655,#3656),.UNSPECIFIED.,.F.,
  .F.,(2,2),(-13.49999999767,4.499999999928),.PIECEWISE_BEZIER_KNOTS.);
#3655 = CARTESIAN_POINT('',(-37.5,8.999999997749));
#3656 = CARTESIAN_POINT('',(-37.5,-8.999999999856));
#3657 = ( GEOMETRIC_REPRESENTATION_CONTEXT(2) 
PARAMETRIC_REPRESENTATION_CONTEXT() REPRESENTATION_CONTEXT('2D SPACE',''
  ) );
#3658 = PCURVE('',#3416,#3659);
#3659 = DEFINITIONAL_REPRESENTATION('',(#3660),#3663);
#3660 = B_SPLINE_CURVE_WITH_KNOTS('',1,(#3661,#3662),.UNSPECIFIED.,.F.,
  .F.,(2,2),(-13.49999999767,4.499999999928),.PIECEWISE_BEZIER_KNOTS.);
#3661 = CARTESIAN_POINT('',(17.999999997605,-34.));
#3662 = CARTESIAN_POINT('',(0.,-34.));
#3663 = ( GEOMETRIC_REPRESENTATION_CONTEXT(2) 
PARAMETRIC_REPRESENTATION_CONTEXT() REPRESENTATION_CONTEXT('2D SPACE',''
  ) );
#3664 = ORIENTED_EDGE('',*,*,#3665,.T.);
#3665 = EDGE_CURVE('',#3645,#3666,#3668,.T.);
#3666 = VERTEX_POINT('',#3667);
#3667 = CARTESIAN_POINT('',(80.,-36.5,-1.197644650119E-09));
#3668 = SURFACE_CURVE('',#3669,(#3674,#3685),.PCURVE_S1.);
#3669 = CIRCLE('',#3670,1.);
#3670 = AXIS2_PLACEMENT_3D('',#3671,#3672,#3673);
#3671 = CARTESIAN_POINT('',(80.,-36.5,-1.000000002396));
#3672 = DIRECTION('',(-1.,2.22044604925E-16,-2.22044604925E-16));
#3673 = DIRECTION('',(2.22044604925E-16,1.,0.));
#3674 = PCURVE('',#1895,#3675);
#3675 = DEFINITIONAL_REPRESENTATION('',(#3676),#3684);
#3676 = ( BOUNDED_CURVE() B_SPLINE_CURVE(2,(#3677,#3678,#3679,#3680,
#3681,#3682,#3683),.UNSPECIFIED.,.T.,.F.) B_SPLINE_CURVE_WITH_KNOTS((1,2
    ,2,2,2,1),(-2.094395102393,0.,2.094395102393,4.188790204786,
6.28318530718,8.377580409573),.UNSPECIFIED.) CURVE() 
GEOMETRIC_REPRESENTATION_ITEM() RATIONAL_B_SPLINE_CURVE((1.,0.5,1.,0.5,
1.,0.5,1.)) REPRESENTATION_ITEM('') );
#3677 = CARTESIAN_POINT('',(-35.5,8.999999997749));
#3678 = CARTESIAN_POINT('',(-35.5,7.26794919018));
#3679 = CARTESIAN_POINT('',(-37.,8.133974593965));
#3680 = CARTESIAN_POINT('',(-38.5,8.999999997749));
#3681 = CARTESIAN_POINT('',(-37.,9.866025401534));
#3682 = CARTESIAN_POINT('',(-35.5,10.732050805318));
#3683 = CARTESIAN_POINT('',(-35.5,8.999999997749));
#3684 = ( GEOMETRIC_REPRESENTATION_CONTEXT(2) 
PARAMETRIC_REPRESENTATION_CONTEXT() REPRESENTATION_CONTEXT('2D SPACE',''
  ) );
#3685 = PCURVE('',#3686,#3691);
#3686 = CYLINDRICAL_SURFACE('',#3687,1.);
#3687 = AXIS2_PLACEMENT_3D('',#3688,#3689,#3690);
#3688 = CARTESIAN_POINT('',(46.,-36.5,-1.000000002396));
#3689 = DIRECTION('',(-1.,2.22044604925E-16,-2.22044604925E-16));
#3690 = DIRECTION('',(2.22044604925E-16,1.,0.));
#3691 = DEFINITIONAL_REPRESENTATION('',(#3692),#3696);
#3692 = LINE('',#3693,#3694);
#3693 = CARTESIAN_POINT('',(-6.28318530718,-34.));
#3694 = VECTOR('',#3695,1.);
#3695 = DIRECTION('',(1.,0.));
#3696 = ( GEOMETRIC_REPRESENTATION_CONTEXT(2) 
PARAMETRIC_REPRESENTATION_CONTEXT() REPRESENTATION_CONTEXT('2D SPACE',''
  ) );
#3697 = ORIENTED_EDGE('',*,*,#3698,.F.);
#3698 = EDGE_CURVE('',#3549,#3666,#3699,.T.);
#3699 = SURFACE_CURVE('',#3700,(#3704,#3710),.PCURVE_S1.);
#3700 = LINE('',#3701,#3702);
#3701 = CARTESIAN_POINT('',(80.,-18.25,3.552713678801E-13));
#3702 = VECTOR('',#3703,1.);
#3703 = DIRECTION('',(-2.22044604925E-16,-1.,0.));
#3704 = PCURVE('',#1895,#3705);
#3705 = DEFINITIONAL_REPRESENTATION('',(#3706),#3709);
#3706 = B_SPLINE_CURVE_WITH_KNOTS('',1,(#3707,#3708),.UNSPECIFIED.,.F.,
  .F.,(2,2),(-54.75,18.25),.PIECEWISE_BEZIER_KNOTS.);
#3707 = CARTESIAN_POINT('',(36.5,10.000000000145));
#3708 = CARTESIAN_POINT('',(-36.5,10.000000000145));
#3709 = ( GEOMETRIC_REPRESENTATION_CONTEXT(2) 
PARAMETRIC_REPRESENTATION_CONTEXT() REPRESENTATION_CONTEXT('2D SPACE',''
  ) );
#3710 = PCURVE('',#3239,#3711);
#3711 = DEFINITIONAL_REPRESENTATION('',(#3712),#3715);
#3712 = B_SPLINE_CURVE_WITH_KNOTS('',1,(#3713,#3714),.UNSPECIFIED.,.F.,
  .F.,(2,2),(-54.75,18.25),.PIECEWISE_BEZIER_KNOTS.);
#3713 = CARTESIAN_POINT('',(73.,-34.));
#3714 = CARTESIAN_POINT('',(0.,-34.));
#3715 = ( GEOMETRIC_REPRESENTATION_CONTEXT(2) 
PARAMETRIC_REPRESENTATION_CONTEXT() REPRESENTATION_CONTEXT('2D SPACE',''
  ) );
#3716 = ORIENTED_EDGE('',*,*,#3571,.T.);
#3717 = ORIENTED_EDGE('',*,*,#1879,.F.);
#3718 = ORIENTED_EDGE('',*,*,#3719,.T.);
#3719 = EDGE_CURVE('',#1852,#3596,#3720,.T.);
#3720 = SURFACE_CURVE('',#3721,(#3726,#3733),.PCURVE_S1.);
#3721 = CIRCLE('',#3722,3.);
#3722 = AXIS2_PLACEMENT_3D('',#3723,#3724,#3725);
#3723 = CARTESIAN_POINT('',(80.,-36.5,-1.000000001064));
#3724 = DIRECTION('',(1.,-2.22044604925E-16,2.22044604925E-16));
#3725 = DIRECTION('',(2.22044604925E-16,1.,0.));
#3726 = PCURVE('',#1895,#3727);
#3727 = DEFINITIONAL_REPRESENTATION('',(#3728),#3732);
#3728 = CIRCLE('',#3729,3.);
#3729 = AXIS2_PLACEMENT_2D('',#3730,#3731);
#3730 = CARTESIAN_POINT('',(-36.5,8.999999999081));
#3731 = DIRECTION('',(1.,0.));
#3732 = ( GEOMETRIC_REPRESENTATION_CONTEXT(2) 
PARAMETRIC_REPRESENTATION_CONTEXT() REPRESENTATION_CONTEXT('2D SPACE',''
  ) );
#3733 = PCURVE('',#1867,#3734);
#3734 = DEFINITIONAL_REPRESENTATION('',(#3735),#3739);
#3735 = LINE('',#3736,#3737);
#3736 = CARTESIAN_POINT('',(0.,-36.));
#3737 = VECTOR('',#3738,1.);
#3738 = DIRECTION('',(-1.,0.));
#3739 = ( GEOMETRIC_REPRESENTATION_CONTEXT(2) 
PARAMETRIC_REPRESENTATION_CONTEXT() REPRESENTATION_CONTEXT('2D SPACE',''
  ) );
#3740 = ADVANCED_FACE('',(#3741),#1867,.T.);
#3741 = FACE_BOUND('',#3742,.F.);
#3742 = EDGE_LOOP('',(#3743,#3744,#3745,#3768,#3790));
#3743 = ORIENTED_EDGE('',*,*,#1851,.T.);
#3744 = ORIENTED_EDGE('',*,*,#3719,.T.);
#3745 = ORIENTED_EDGE('',*,*,#3746,.F.);
#3746 = EDGE_CURVE('',#3747,#3596,#3749,.T.);
#3747 = VERTEX_POINT('',#3748);
#3748 = CARTESIAN_POINT('',(44.,-39.5,-1.000000001064));
#3749 = SURFACE_CURVE('',#3750,(#3754,#3761),.PCURVE_S1.);
#3750 = LINE('',#3751,#3752);
#3751 = CARTESIAN_POINT('',(44.,-39.5,-1.000000001064));
#3752 = VECTOR('',#3753,1.);
#3753 = DIRECTION('',(1.,-2.22044604925E-16,2.22044604925E-16));
#3754 = PCURVE('',#1867,#3755);
#3755 = DEFINITIONAL_REPRESENTATION('',(#3756),#3760);
#3756 = LINE('',#3757,#3758);
#3757 = CARTESIAN_POINT('',(-3.14159265359,0.));
#3758 = VECTOR('',#3759,1.);
#3759 = DIRECTION('',(0.,-1.));
#3760 = ( GEOMETRIC_REPRESENTATION_CONTEXT(2) 
PARAMETRIC_REPRESENTATION_CONTEXT() REPRESENTATION_CONTEXT('2D SPACE',''
  ) );
#3761 = PCURVE('',#2557,#3762);
#3762 = DEFINITIONAL_REPRESENTATION('',(#3763),#3767);
#3763 = LINE('',#3764,#3765);
#3764 = CARTESIAN_POINT('',(17.999999998936,0.));
#3765 = VECTOR('',#3766,1.);
#3766 = DIRECTION('',(0.,-1.));
#3767 = ( GEOMETRIC_REPRESENTATION_CONTEXT(2) 
PARAMETRIC_REPRESENTATION_CONTEXT() REPRESENTATION_CONTEXT('2D SPACE',''
  ) );
#3768 = ORIENTED_EDGE('',*,*,#3769,.F.);
#3769 = EDGE_CURVE('',#2427,#3747,#3770,.T.);
#3770 = SURFACE_CURVE('',#3771,(#3776,#3783),.PCURVE_S1.);
#3771 = CIRCLE('',#3772,3.);
#3772 = AXIS2_PLACEMENT_3D('',#3773,#3774,#3775);
#3773 = CARTESIAN_POINT('',(44.,-36.5,-1.000000001064));
#3774 = DIRECTION('',(1.,-2.22044604925E-16,2.22044604925E-16));
#3775 = DIRECTION('',(2.22044604925E-16,1.,0.));
#3776 = PCURVE('',#1867,#3777);
#3777 = DEFINITIONAL_REPRESENTATION('',(#3778),#3782);
#3778 = LINE('',#3779,#3780);
#3779 = CARTESIAN_POINT('',(0.,0.));
#3780 = VECTOR('',#3781,1.);
#3781 = DIRECTION('',(-1.,0.));
#3782 = ( GEOMETRIC_REPRESENTATION_CONTEXT(2) 
PARAMETRIC_REPRESENTATION_CONTEXT() REPRESENTATION_CONTEXT('2D SPACE',''
  ) );
#3783 = PCURVE('',#2338,#3784);
#3784 = DEFINITIONAL_REPRESENTATION('',(#3785),#3789);
#3785 = CIRCLE('',#3786,3.);
#3786 = AXIS2_PLACEMENT_2D('',#3787,#3788);
#3787 = CARTESIAN_POINT('',(18.999999998936,-37.5));
#3788 = DIRECTION('',(0.,-1.));
#3789 = ( GEOMETRIC_REPRESENTATION_CONTEXT(2) 
PARAMETRIC_REPRESENTATION_CONTEXT() REPRESENTATION_CONTEXT('2D SPACE',''
  ) );
#3790 = ORIENTED_EDGE('',*,*,#2950,.F.);
#3791 = ADVANCED_FACE('',(#3792),#2111,.F.);
#3792 = FACE_BOUND('',#3793,.F.);
#3793 = EDGE_LOOP('',(#3794,#3795,#3817,#3818));
#3794 = ORIENTED_EDGE('',*,*,#2350,.F.);
#3795 = ORIENTED_EDGE('',*,*,#3796,.T.);
#3796 = EDGE_CURVE('',#2323,#2172,#3797,.T.);
#3797 = SURFACE_CURVE('',#3798,(#3803,#3810),.PCURVE_S1.);
#3798 = CIRCLE('',#3799,3.);
#3799 = AXIS2_PLACEMENT_3D('',#3800,#3801,#3802);
#3800 = CARTESIAN_POINT('',(44.,-36.5,-19.));
#3801 = DIRECTION('',(1.,-2.22044604925E-16,2.22044604925E-16));
#3802 = DIRECTION('',(2.22044604925E-16,1.,0.));
#3803 = PCURVE('',#2111,#3804);
#3804 = DEFINITIONAL_REPRESENTATION('',(#3805),#3809);
#3805 = CIRCLE('',#3806,3.);
#3806 = AXIS2_PLACEMENT_2D('',#3807,#3808);
#3807 = CARTESIAN_POINT('',(-36.5,-8.999999999855));
#3808 = DIRECTION('',(1.,0.));
#3809 = ( GEOMETRIC_REPRESENTATION_CONTEXT(2) 
PARAMETRIC_REPRESENTATION_CONTEXT() REPRESENTATION_CONTEXT('2D SPACE',''
  ) );
#3810 = PCURVE('',#2210,#3811);
#3811 = DEFINITIONAL_REPRESENTATION('',(#3812),#3816);
#3812 = LINE('',#3813,#3814);
#3813 = CARTESIAN_POINT('',(0.,0.));
#3814 = VECTOR('',#3815,1.);
#3815 = DIRECTION('',(-1.,0.));
#3816 = ( GEOMETRIC_REPRESENTATION_CONTEXT(2) 
PARAMETRIC_REPRESENTATION_CONTEXT() REPRESENTATION_CONTEXT('2D SPACE',''
  ) );
#3817 = ORIENTED_EDGE('',*,*,#2171,.T.);
#3818 = ORIENTED_EDGE('',*,*,#2093,.T.);
#3819 = ADVANCED_FACE('',(#3820),#2210,.T.);
#3820 = FACE_BOUND('',#3821,.F.);
#3821 = EDGE_LOOP('',(#3822,#3845,#3846,#3847,#3848));
#3822 = ORIENTED_EDGE('',*,*,#3823,.T.);
#3823 = EDGE_CURVE('',#3824,#3109,#3826,.T.);
#3824 = VERTEX_POINT('',#3825);
#3825 = CARTESIAN_POINT('',(44.,-39.5,-19.));
#3826 = SURFACE_CURVE('',#3827,(#3831,#3838),.PCURVE_S1.);
#3827 = LINE('',#3828,#3829);
#3828 = CARTESIAN_POINT('',(44.,-39.5,-19.));
#3829 = VECTOR('',#3830,1.);
#3830 = DIRECTION('',(1.,-2.22044604925E-16,2.22044604925E-16));
#3831 = PCURVE('',#2210,#3832);
#3832 = DEFINITIONAL_REPRESENTATION('',(#3833),#3837);
#3833 = LINE('',#3834,#3835);
#3834 = CARTESIAN_POINT('',(-3.14159265359,0.));
#3835 = VECTOR('',#3836,1.);
#3836 = DIRECTION('',(0.,-1.));
#3837 = ( GEOMETRIC_REPRESENTATION_CONTEXT(2) 
PARAMETRIC_REPRESENTATION_CONTEXT() REPRESENTATION_CONTEXT('2D SPACE',''
  ) );
#3838 = PCURVE('',#2557,#3839);
#3839 = DEFINITIONAL_REPRESENTATION('',(#3840),#3844);
#3840 = LINE('',#3841,#3842);
#3841 = CARTESIAN_POINT('',(0.,0.));
#3842 = VECTOR('',#3843,1.);
#3843 = DIRECTION('',(0.,-1.));
#3844 = ( GEOMETRIC_REPRESENTATION_CONTEXT(2) 
PARAMETRIC_REPRESENTATION_CONTEXT() REPRESENTATION_CONTEXT('2D SPACE',''
  ) );
#3845 = ORIENTED_EDGE('',*,*,#3133,.T.);
#3846 = ORIENTED_EDGE('',*,*,#2194,.F.);
#3847 = ORIENTED_EDGE('',*,*,#3796,.F.);
#3848 = ORIENTED_EDGE('',*,*,#3849,.F.);
#3849 = EDGE_CURVE('',#3824,#2323,#3850,.T.);
#3850 = SURFACE_CURVE('',#3851,(#3856,#3863),.PCURVE_S1.);
#3851 = CIRCLE('',#3852,3.);
#3852 = AXIS2_PLACEMENT_3D('',#3853,#3854,#3855);
#3853 = CARTESIAN_POINT('',(44.,-36.5,-19.));
#3854 = DIRECTION('',(1.,-2.22044604925E-16,2.22044604925E-16));
#3855 = DIRECTION('',(2.22044604925E-16,1.,0.));
#3856 = PCURVE('',#2210,#3857);
#3857 = DEFINITIONAL_REPRESENTATION('',(#3858),#3862);
#3858 = LINE('',#3859,#3860);
#3859 = CARTESIAN_POINT('',(0.,0.));
#3860 = VECTOR('',#3861,1.);
#3861 = DIRECTION('',(-1.,0.));
#3862 = ( GEOMETRIC_REPRESENTATION_CONTEXT(2) 
PARAMETRIC_REPRESENTATION_CONTEXT() REPRESENTATION_CONTEXT('2D SPACE',''
  ) );
#3863 = PCURVE('',#2338,#3864);
#3864 = DEFINITIONAL_REPRESENTATION('',(#3865),#3869);
#3865 = CIRCLE('',#3866,3.);
#3866 = AXIS2_PLACEMENT_2D('',#3867,#3868);
#3867 = CARTESIAN_POINT('',(1.,-37.5));
#3868 = DIRECTION('',(0.,-1.));
#3869 = ( GEOMETRIC_REPRESENTATION_CONTEXT(2) 
PARAMETRIC_REPRESENTATION_CONTEXT() REPRESENTATION_CONTEXT('2D SPACE',''
  ) );
#3870 = ADVANCED_FACE('',(#3871),#2261,.T.);
#3871 = FACE_BOUND('',#3872,.F.);
#3872 = EDGE_LOOP('',(#3873,#3874,#3875,#3896));
#3873 = ORIENTED_EDGE('',*,*,#2245,.T.);
#3874 = ORIENTED_EDGE('',*,*,#3156,.T.);
#3875 = ORIENTED_EDGE('',*,*,#3876,.F.);
#3876 = EDGE_CURVE('',#2981,#3157,#3877,.T.);
#3877 = SURFACE_CURVE('',#3878,(#3882,#3889),.PCURVE_S1.);
#3878 = LINE('',#3879,#3880);
#3879 = CARTESIAN_POINT('',(44.,39.5,-19.));
#3880 = VECTOR('',#3881,1.);
#3881 = DIRECTION('',(1.,-2.22044604925E-16,2.22044604925E-16));
#3882 = PCURVE('',#2261,#3883);
#3883 = DEFINITIONAL_REPRESENTATION('',(#3884),#3888);
#3884 = LINE('',#3885,#3886);
#3885 = CARTESIAN_POINT('',(-6.28318530718,0.));
#3886 = VECTOR('',#3887,1.);
#3887 = DIRECTION('',(0.,-1.));
#3888 = ( GEOMETRIC_REPRESENTATION_CONTEXT(2) 
PARAMETRIC_REPRESENTATION_CONTEXT() REPRESENTATION_CONTEXT('2D SPACE',''
  ) );
#3889 = PCURVE('',#3020,#3890);
#3890 = DEFINITIONAL_REPRESENTATION('',(#3891),#3895);
#3891 = LINE('',#3892,#3893);
#3892 = CARTESIAN_POINT('',(0.,0.));
#3893 = VECTOR('',#3894,1.);
#3894 = DIRECTION('',(0.,-1.));
#3895 = ( GEOMETRIC_REPRESENTATION_CONTEXT(2) 
PARAMETRIC_REPRESENTATION_CONTEXT() REPRESENTATION_CONTEXT('2D SPACE',''
  ) );
#3896 = ORIENTED_EDGE('',*,*,#2980,.F.);
#3897 = ADVANCED_FACE('',(#3898,#3950),#2338,.T.);
#3898 = FACE_BOUND('',#3899,.T.);
#3899 = EDGE_LOOP('',(#3900,#3901,#3902,#3903,#3904,#3925,#3926,#3927,
    #3928,#3949));
#3900 = ORIENTED_EDGE('',*,*,#2426,.F.);
#3901 = ORIENTED_EDGE('',*,*,#2400,.F.);
#3902 = ORIENTED_EDGE('',*,*,#2322,.T.);
#3903 = ORIENTED_EDGE('',*,*,#3849,.F.);
#3904 = ORIENTED_EDGE('',*,*,#3905,.T.);
#3905 = EDGE_CURVE('',#3824,#2522,#3906,.T.);
#3906 = SURFACE_CURVE('',#3907,(#3911,#3918),.PCURVE_S1.);
#3907 = LINE('',#3908,#3909);
#3908 = CARTESIAN_POINT('',(44.,-39.5,-10.));
#3909 = VECTOR('',#3910,1.);
#3910 = DIRECTION('',(-2.22044604925E-16,4.930380657631E-32,1.));
#3911 = PCURVE('',#2338,#3912);
#3912 = DEFINITIONAL_REPRESENTATION('',(#3913),#3917);
#3913 = LINE('',#3914,#3915);
#3914 = CARTESIAN_POINT('',(10.,-34.5));
#3915 = VECTOR('',#3916,1.);
#3916 = DIRECTION('',(1.,-4.930380657631E-32));
#3917 = ( GEOMETRIC_REPRESENTATION_CONTEXT(2) 
PARAMETRIC_REPRESENTATION_CONTEXT() REPRESENTATION_CONTEXT('2D SPACE',''
  ) );
#3918 = PCURVE('',#2557,#3919);
#3919 = DEFINITIONAL_REPRESENTATION('',(#3920),#3924);
#3920 = LINE('',#3921,#3922);
#3921 = CARTESIAN_POINT('',(9.,0.));
#3922 = VECTOR('',#3923,1.);
#3923 = DIRECTION('',(1.,0.));
#3924 = ( GEOMETRIC_REPRESENTATION_CONTEXT(2) 
PARAMETRIC_REPRESENTATION_CONTEXT() REPRESENTATION_CONTEXT('2D SPACE',''
  ) );
#3925 = ORIENTED_EDGE('',*,*,#2521,.T.);
#3926 = ORIENTED_EDGE('',*,*,#2740,.T.);
#3927 = ORIENTED_EDGE('',*,*,#2671,.F.);
#3928 = ORIENTED_EDGE('',*,*,#3929,.T.);
#3929 = EDGE_CURVE('',#2672,#3747,#3930,.T.);
#3930 = SURFACE_CURVE('',#3931,(#3935,#3942),.PCURVE_S1.);
#3931 = LINE('',#3932,#3933);
#3932 = CARTESIAN_POINT('',(44.,-39.5,-10.));
#3933 = VECTOR('',#3934,1.);
#3934 = DIRECTION('',(-2.22044604925E-16,4.930380657631E-32,1.));
#3935 = PCURVE('',#2338,#3936);
#3936 = DEFINITIONAL_REPRESENTATION('',(#3937),#3941);
#3937 = LINE('',#3938,#3939);
#3938 = CARTESIAN_POINT('',(10.,-34.5));
#3939 = VECTOR('',#3940,1.);
#3940 = DIRECTION('',(1.,-4.930380657631E-32));
#3941 = ( GEOMETRIC_REPRESENTATION_CONTEXT(2) 
PARAMETRIC_REPRESENTATION_CONTEXT() REPRESENTATION_CONTEXT('2D SPACE',''
  ) );
#3942 = PCURVE('',#2557,#3943);
#3943 = DEFINITIONAL_REPRESENTATION('',(#3944),#3948);
#3944 = LINE('',#3945,#3946);
#3945 = CARTESIAN_POINT('',(9.,0.));
#3946 = VECTOR('',#3947,1.);
#3947 = DIRECTION('',(1.,0.));
#3948 = ( GEOMETRIC_REPRESENTATION_CONTEXT(2) 
PARAMETRIC_REPRESENTATION_CONTEXT() REPRESENTATION_CONTEXT('2D SPACE',''
  ) );
#3949 = ORIENTED_EDGE('',*,*,#3769,.F.);
#3950 = FACE_BOUND('',#3951,.T.);
#3951 = EDGE_LOOP('',(#3952,#3953,#3954,#3955));
#3952 = ORIENTED_EDGE('',*,*,#2809,.T.);
#3953 = ORIENTED_EDGE('',*,*,#2903,.T.);
#3954 = ORIENTED_EDGE('',*,*,#2928,.F.);
#3955 = ORIENTED_EDGE('',*,*,#2856,.F.);
#3956 = ADVANCED_FACE('',(#3957),#2582,.F.);
#3957 = FACE_BOUND('',#3958,.F.);
#3958 = EDGE_LOOP('',(#3959,#3960,#3979,#3980));
#3959 = ORIENTED_EDGE('',*,*,#2713,.F.);
#3960 = ORIENTED_EDGE('',*,*,#3961,.F.);
#3961 = EDGE_CURVE('',#2543,#2693,#3962,.T.);
#3962 = SURFACE_CURVE('',#3963,(#3967,#3973),.PCURVE_S1.);
#3963 = LINE('',#3964,#3965);
#3964 = CARTESIAN_POINT('',(45.,-39.5,-17.));
#3965 = VECTOR('',#3966,1.);
#3966 = DIRECTION('',(0.,0.,1.));
#3967 = PCURVE('',#2582,#3968);
#3968 = DEFINITIONAL_REPRESENTATION('',(#3969),#3972);
#3969 = B_SPLINE_CURVE_WITH_KNOTS('',1,(#3970,#3971),.UNSPECIFIED.,.F.,
  .F.,(2,2),(2.,12.),.PIECEWISE_BEZIER_KNOTS.);
#3970 = CARTESIAN_POINT('',(0.,-2.));
#3971 = CARTESIAN_POINT('',(10.,-2.));
#3972 = ( GEOMETRIC_REPRESENTATION_CONTEXT(2) 
PARAMETRIC_REPRESENTATION_CONTEXT() REPRESENTATION_CONTEXT('2D SPACE',''
  ) );
#3973 = PCURVE('',#2557,#3974);
#3974 = DEFINITIONAL_REPRESENTATION('',(#3975),#3978);
#3975 = B_SPLINE_CURVE_WITH_KNOTS('',1,(#3976,#3977),.UNSPECIFIED.,.F.,
  .F.,(2,2),(2.,12.),.PIECEWISE_BEZIER_KNOTS.);
#3976 = CARTESIAN_POINT('',(4.,-1.));
#3977 = CARTESIAN_POINT('',(14.,-1.));
#3978 = ( GEOMETRIC_REPRESENTATION_CONTEXT(2) 
PARAMETRIC_REPRESENTATION_CONTEXT() REPRESENTATION_CONTEXT('2D SPACE',''
  ) );
#3979 = ORIENTED_EDGE('',*,*,#2568,.T.);
#3980 = ORIENTED_EDGE('',*,*,#2622,.T.);
#3981 = ADVANCED_FACE('',(#3982,#4059),#2557,.T.);
#3982 = FACE_BOUND('',#3983,.T.);
#3983 = EDGE_LOOP('',(#3984,#3985,#3986,#3987,#4008,#4034,#4053,#4054,
    #4055,#4056,#4057,#4058));
#3984 = ORIENTED_EDGE('',*,*,#3905,.F.);
#3985 = ORIENTED_EDGE('',*,*,#3823,.T.);
#3986 = ORIENTED_EDGE('',*,*,#3108,.T.);
#3987 = ORIENTED_EDGE('',*,*,#3988,.T.);
#3988 = EDGE_CURVE('',#3111,#3989,#3991,.T.);
#3989 = VERTEX_POINT('',#3990);
#3990 = CARTESIAN_POINT('',(70.,-39.5,-16.));
#3991 = SURFACE_CURVE('',#3992,(#3996,#4002),.PCURVE_S1.);
#3992 = LINE('',#3993,#3994);
#3993 = CARTESIAN_POINT('',(57.,-39.5,-16.));
#3994 = VECTOR('',#3995,1.);
#3995 = DIRECTION('',(-1.,2.22044604925E-16,-2.22044604925E-16));
#3996 = PCURVE('',#2557,#3997);
#3997 = DEFINITIONAL_REPRESENTATION('',(#3998),#4001);
#3998 = B_SPLINE_CURVE_WITH_KNOTS('',1,(#3999,#4000),.UNSPECIFIED.,.F.,
  .F.,(2,2),(-23.,-13.),.PIECEWISE_BEZIER_KNOTS.);
#3999 = CARTESIAN_POINT('',(3.,-36.));
#4000 = CARTESIAN_POINT('',(3.,-26.));
#4001 = ( GEOMETRIC_REPRESENTATION_CONTEXT(2) 
PARAMETRIC_REPRESENTATION_CONTEXT() REPRESENTATION_CONTEXT('2D SPACE',''
  ) );
#4002 = PCURVE('',#3440,#4003);
#4003 = DEFINITIONAL_REPRESENTATION('',(#4004),#4007);
#4004 = B_SPLINE_CURVE_WITH_KNOTS('',1,(#4005,#4006),.UNSPECIFIED.,.F.,
  .F.,(2,2),(-23.,-13.),.PIECEWISE_BEZIER_KNOTS.);
#4005 = CARTESIAN_POINT('',(10.,3.));
#4006 = CARTESIAN_POINT('',(0.,3.));
#4007 = ( GEOMETRIC_REPRESENTATION_CONTEXT(2) 
PARAMETRIC_REPRESENTATION_CONTEXT() REPRESENTATION_CONTEXT('2D SPACE',''
  ) );
#4008 = ORIENTED_EDGE('',*,*,#4009,.T.);
#4009 = EDGE_CURVE('',#3989,#4010,#4012,.T.);
#4010 = VERTEX_POINT('',#4011);
#4011 = CARTESIAN_POINT('',(70.,-39.5,-4.));
#4012 = SURFACE_CURVE('',#4013,(#4017,#4023),.PCURVE_S1.);
#4013 = LINE('',#4014,#4015);
#4014 = CARTESIAN_POINT('',(70.,-39.5,-17.5));
#4015 = VECTOR('',#4016,1.);
#4016 = DIRECTION('',(-2.22044604925E-16,4.930380657631E-32,1.));
#4017 = PCURVE('',#2557,#4018);
#4018 = DEFINITIONAL_REPRESENTATION('',(#4019),#4022);
#4019 = B_SPLINE_CURVE_WITH_KNOTS('',1,(#4020,#4021),.UNSPECIFIED.,.F.,
  .F.,(2,2),(1.5,13.5),.PIECEWISE_BEZIER_KNOTS.);
#4020 = CARTESIAN_POINT('',(3.,-26.));
#4021 = CARTESIAN_POINT('',(15.,-26.));
#4022 = ( GEOMETRIC_REPRESENTATION_CONTEXT(2) 
PARAMETRIC_REPRESENTATION_CONTEXT() REPRESENTATION_CONTEXT('2D SPACE',''
  ) );
#4023 = PCURVE('',#4024,#4029);
#4024 = PLANE('',#4025);
#4025 = AXIS2_PLACEMENT_3D('',#4026,#4027,#4028);
#4026 = CARTESIAN_POINT('',(70.,-42.5,-16.));
#4027 = DIRECTION('',(1.,-2.22044604925E-16,2.22044604925E-16));
#4028 = DIRECTION('',(2.22044604925E-16,1.,0.));
#4029 = DEFINITIONAL_REPRESENTATION('',(#4030),#4033);
#4030 = B_SPLINE_CURVE_WITH_KNOTS('',1,(#4031,#4032),.UNSPECIFIED.,.F.,
  .F.,(2,2),(1.5,13.5),.PIECEWISE_BEZIER_KNOTS.);
#4031 = CARTESIAN_POINT('',(3.,0.));
#4032 = CARTESIAN_POINT('',(3.,12.));
#4033 = ( GEOMETRIC_REPRESENTATION_CONTEXT(2) 
PARAMETRIC_REPRESENTATION_CONTEXT() REPRESENTATION_CONTEXT('2D SPACE',''
  ) );
#4034 = ORIENTED_EDGE('',*,*,#4035,.F.);
#4035 = EDGE_CURVE('',#3594,#4010,#4036,.T.);
#4036 = SURFACE_CURVE('',#4037,(#4041,#4047),.PCURVE_S1.);
#4037 = LINE('',#4038,#4039);
#4038 = CARTESIAN_POINT('',(57.,-39.5,-4.));
#4039 = VECTOR('',#4040,1.);
#4040 = DIRECTION('',(-1.,2.22044604925E-16,-2.22044604925E-16));
#4041 = PCURVE('',#2557,#4042);
#4042 = DEFINITIONAL_REPRESENTATION('',(#4043),#4046);
#4043 = B_SPLINE_CURVE_WITH_KNOTS('',1,(#4044,#4045),.UNSPECIFIED.,.F.,
  .F.,(2,2),(-23.,-13.),.PIECEWISE_BEZIER_KNOTS.);
#4044 = CARTESIAN_POINT('',(15.,-36.));
#4045 = CARTESIAN_POINT('',(15.,-26.));
#4046 = ( GEOMETRIC_REPRESENTATION_CONTEXT(2) 
PARAMETRIC_REPRESENTATION_CONTEXT() REPRESENTATION_CONTEXT('2D SPACE',''
  ) );
#4047 = PCURVE('',#3633,#4048);
#4048 = DEFINITIONAL_REPRESENTATION('',(#4049),#4052);
#4049 = B_SPLINE_CURVE_WITH_KNOTS('',1,(#4050,#4051),.UNSPECIFIED.,.F.,
  .F.,(2,2),(-23.,-13.),.PIECEWISE_BEZIER_KNOTS.);
#4050 = CARTESIAN_POINT('',(10.,3.));
#4051 = CARTESIAN_POINT('',(0.,3.));
#4052 = ( GEOMETRIC_REPRESENTATION_CONTEXT(2) 
PARAMETRIC_REPRESENTATION_CONTEXT() REPRESENTATION_CONTEXT('2D SPACE',''
  ) );
#4053 = ORIENTED_EDGE('',*,*,#3593,.T.);
#4054 = ORIENTED_EDGE('',*,*,#3746,.F.);
#4055 = ORIENTED_EDGE('',*,*,#3929,.F.);
#4056 = ORIENTED_EDGE('',*,*,#2692,.F.);
#4057 = ORIENTED_EDGE('',*,*,#3961,.F.);
#4058 = ORIENTED_EDGE('',*,*,#2542,.T.);
#4059 = FACE_BOUND('',#4060,.T.);
#4060 = EDGE_LOOP('',(#4061,#4089,#4115,#4141));
#4061 = ORIENTED_EDGE('',*,*,#4062,.F.);
#4062 = EDGE_CURVE('',#4063,#4065,#4067,.T.);
#4063 = VERTEX_POINT('',#4064);
#4064 = CARTESIAN_POINT('',(50.6,-39.5,-16.));
#4065 = VERTEX_POINT('',#4066);
#4066 = CARTESIAN_POINT('',(50.6,-39.5,-4.));
#4067 = SURFACE_CURVE('',#4068,(#4072,#4078),.PCURVE_S1.);
#4068 = LINE('',#4069,#4070);
#4069 = CARTESIAN_POINT('',(50.6,-39.5,-17.5));
#4070 = VECTOR('',#4071,1.);
#4071 = DIRECTION('',(-2.22044604925E-16,4.930380657631E-32,1.));
#4072 = PCURVE('',#2557,#4073);
#4073 = DEFINITIONAL_REPRESENTATION('',(#4074),#4077);
#4074 = B_SPLINE_CURVE_WITH_KNOTS('',1,(#4075,#4076),.UNSPECIFIED.,.F.,
  .F.,(2,2),(1.5,13.5),.PIECEWISE_BEZIER_KNOTS.);
#4075 = CARTESIAN_POINT('',(3.,-6.6));
#4076 = CARTESIAN_POINT('',(15.,-6.6));
#4077 = ( GEOMETRIC_REPRESENTATION_CONTEXT(2) 
PARAMETRIC_REPRESENTATION_CONTEXT() REPRESENTATION_CONTEXT('2D SPACE',''
  ) );
#4078 = PCURVE('',#4079,#4084);
#4079 = PLANE('',#4080);
#4080 = AXIS2_PLACEMENT_3D('',#4081,#4082,#4083);
#4081 = CARTESIAN_POINT('',(50.6,-42.5,-16.));
#4082 = DIRECTION('',(1.,-2.22044604925E-16,2.22044604925E-16));
#4083 = DIRECTION('',(2.22044604925E-16,1.,0.));
#4084 = DEFINITIONAL_REPRESENTATION('',(#4085),#4088);
#4085 = B_SPLINE_CURVE_WITH_KNOTS('',1,(#4086,#4087),.UNSPECIFIED.,.F.,
  .F.,(2,2),(1.5,13.5),.PIECEWISE_BEZIER_KNOTS.);
#4086 = CARTESIAN_POINT('',(3.,0.));
#4087 = CARTESIAN_POINT('',(3.,12.));
#4088 = ( GEOMETRIC_REPRESENTATION_CONTEXT(2) 
PARAMETRIC_REPRESENTATION_CONTEXT() REPRESENTATION_CONTEXT('2D SPACE',''
  ) );
#4089 = ORIENTED_EDGE('',*,*,#4090,.T.);
#4090 = EDGE_CURVE('',#4063,#4091,#4093,.T.);
#4091 = VERTEX_POINT('',#4092);
#4092 = CARTESIAN_POINT('',(47.4,-39.5,-16.));
#4093 = SURFACE_CURVE('',#4094,(#4098,#4104),.PCURVE_S1.);
#4094 = LINE('',#4095,#4096);
#4095 = CARTESIAN_POINT('',(45.7,-39.5,-16.));
#4096 = VECTOR('',#4097,1.);
#4097 = DIRECTION('',(-1.,2.22044604925E-16,-2.22044604925E-16));
#4098 = PCURVE('',#2557,#4099);
#4099 = DEFINITIONAL_REPRESENTATION('',(#4100),#4103);
#4100 = B_SPLINE_CURVE_WITH_KNOTS('',1,(#4101,#4102),.UNSPECIFIED.,.F.,
  .F.,(2,2),(-4.9,-1.7),.PIECEWISE_BEZIER_KNOTS.);
#4101 = CARTESIAN_POINT('',(3.,-6.6));
#4102 = CARTESIAN_POINT('',(3.,-3.4));
#4103 = ( GEOMETRIC_REPRESENTATION_CONTEXT(2) 
PARAMETRIC_REPRESENTATION_CONTEXT() REPRESENTATION_CONTEXT('2D SPACE',''
  ) );
#4104 = PCURVE('',#4105,#4110);
#4105 = PLANE('',#4106);
#4106 = AXIS2_PLACEMENT_3D('',#4107,#4108,#4109);
#4107 = CARTESIAN_POINT('',(47.4,-42.5,-16.));
#4108 = DIRECTION('',(-2.22044604925E-16,4.930380657631E-32,1.));
#4109 = DIRECTION('',(1.,-2.22044604925E-16,2.22044604925E-16));
#4110 = DEFINITIONAL_REPRESENTATION('',(#4111),#4114);
#4111 = B_SPLINE_CURVE_WITH_KNOTS('',1,(#4112,#4113),.UNSPECIFIED.,.F.,
  .F.,(2,2),(-4.9,-1.7),.PIECEWISE_BEZIER_KNOTS.);
#4112 = CARTESIAN_POINT('',(3.2,3.));
#4113 = CARTESIAN_POINT('',(0.,3.));
#4114 = ( GEOMETRIC_REPRESENTATION_CONTEXT(2) 
PARAMETRIC_REPRESENTATION_CONTEXT() REPRESENTATION_CONTEXT('2D SPACE',''
  ) );
#4115 = ORIENTED_EDGE('',*,*,#4116,.T.);
#4116 = EDGE_CURVE('',#4091,#4117,#4119,.T.);
#4117 = VERTEX_POINT('',#4118);
#4118 = CARTESIAN_POINT('',(47.4,-39.5,-4.));
#4119 = SURFACE_CURVE('',#4120,(#4124,#4130),.PCURVE_S1.);
#4120 = LINE('',#4121,#4122);
#4121 = CARTESIAN_POINT('',(47.4,-39.5,-17.5));
#4122 = VECTOR('',#4123,1.);
#4123 = DIRECTION('',(-2.22044604925E-16,4.930380657631E-32,1.));
#4124 = PCURVE('',#2557,#4125);
#4125 = DEFINITIONAL_REPRESENTATION('',(#4126),#4129);
#4126 = B_SPLINE_CURVE_WITH_KNOTS('',1,(#4127,#4128),.UNSPECIFIED.,.F.,
  .F.,(2,2),(1.5,13.5),.PIECEWISE_BEZIER_KNOTS.);
#4127 = CARTESIAN_POINT('',(3.,-3.4));
#4128 = CARTESIAN_POINT('',(15.,-3.4));
#4129 = ( GEOMETRIC_REPRESENTATION_CONTEXT(2) 
PARAMETRIC_REPRESENTATION_CONTEXT() REPRESENTATION_CONTEXT('2D SPACE',''
  ) );
#4130 = PCURVE('',#4131,#4136);
#4131 = PLANE('',#4132);
#4132 = AXIS2_PLACEMENT_3D('',#4133,#4134,#4135);
#4133 = CARTESIAN_POINT('',(47.4,-42.5,-16.));
#4134 = DIRECTION('',(1.,-2.22044604925E-16,2.22044604925E-16));
#4135 = DIRECTION('',(2.22044604925E-16,1.,0.));
#4136 = DEFINITIONAL_REPRESENTATION('',(#4137),#4140);
#4137 = B_SPLINE_CURVE_WITH_KNOTS('',1,(#4138,#4139),.UNSPECIFIED.,.F.,
  .F.,(2,2),(1.5,13.5),.PIECEWISE_BEZIER_KNOTS.);
#4138 = CARTESIAN_POINT('',(3.,0.));
#4139 = CARTESIAN_POINT('',(3.,12.));
#4140 = ( GEOMETRIC_REPRESENTATION_CONTEXT(2) 
PARAMETRIC_REPRESENTATION_CONTEXT() REPRESENTATION_CONTEXT('2D SPACE',''
  ) );
#4141 = ORIENTED_EDGE('',*,*,#4142,.F.);
#4142 = EDGE_CURVE('',#4065,#4117,#4143,.T.);
#4143 = SURFACE_CURVE('',#4144,(#4148,#4154),.PCURVE_S1.);
#4144 = LINE('',#4145,#4146);
#4145 = CARTESIAN_POINT('',(45.7,-39.5,-4.));
#4146 = VECTOR('',#4147,1.);
#4147 = DIRECTION('',(-1.,2.22044604925E-16,-2.22044604925E-16));
#4148 = PCURVE('',#2557,#4149);
#4149 = DEFINITIONAL_REPRESENTATION('',(#4150),#4153);
#4150 = B_SPLINE_CURVE_WITH_KNOTS('',1,(#4151,#4152),.UNSPECIFIED.,.F.,
  .F.,(2,2),(-4.9,-1.7),.PIECEWISE_BEZIER_KNOTS.);
#4151 = CARTESIAN_POINT('',(15.,-6.6));
#4152 = CARTESIAN_POINT('',(15.,-3.4));
#4153 = ( GEOMETRIC_REPRESENTATION_CONTEXT(2) 
PARAMETRIC_REPRESENTATION_CONTEXT() REPRESENTATION_CONTEXT('2D SPACE',''
  ) );
#4154 = PCURVE('',#4155,#4160);
#4155 = PLANE('',#4156);
#4156 = AXIS2_PLACEMENT_3D('',#4157,#4158,#4159);
#4157 = CARTESIAN_POINT('',(47.4,-42.5,-4.));
#4158 = DIRECTION('',(-2.22044604925E-16,4.930380657631E-32,1.));
#4159 = DIRECTION('',(1.,-2.22044604925E-16,2.22044604925E-16));
#4160 = DEFINITIONAL_REPRESENTATION('',(#4161),#4164);
#4161 = B_SPLINE_CURVE_WITH_KNOTS('',1,(#4162,#4163),.UNSPECIFIED.,.F.,
  .F.,(2,2),(-4.9,-1.7),.PIECEWISE_BEZIER_KNOTS.);
#4162 = CARTESIAN_POINT('',(3.2,3.));
#4163 = CARTESIAN_POINT('',(0.,3.));
#4164 = ( GEOMETRIC_REPRESENTATION_CONTEXT(2) 
PARAMETRIC_REPRESENTATION_CONTEXT() REPRESENTATION_CONTEXT('2D SPACE',''
  ) );
#4165 = ADVANCED_FACE('',(#4166,#4172),#3020,.F.);
#4166 = FACE_BOUND('',#4167,.F.);
#4167 = EDGE_LOOP('',(#4168,#4169,#4170,#4171));
#4168 = ORIENTED_EDGE('',*,*,#3876,.T.);
#4169 = ORIENTED_EDGE('',*,*,#3180,.T.);
#4170 = ORIENTED_EDGE('',*,*,#3058,.F.);
#4171 = ORIENTED_EDGE('',*,*,#3004,.F.);
#4172 = FACE_BOUND('',#4173,.F.);
#4173 = EDGE_LOOP('',(#4174,#4202,#4228,#4254));
#4174 = ORIENTED_EDGE('',*,*,#4175,.F.);
#4175 = EDGE_CURVE('',#4176,#4178,#4180,.T.);
#4176 = VERTEX_POINT('',#4177);
#4177 = CARTESIAN_POINT('',(50.6,39.5,-16.));
#4178 = VERTEX_POINT('',#4179);
#4179 = CARTESIAN_POINT('',(50.6,39.5,-4.));
#4180 = SURFACE_CURVE('',#4181,(#4185,#4191),.PCURVE_S1.);
#4181 = LINE('',#4182,#4183);
#4182 = CARTESIAN_POINT('',(50.6,39.5,-17.5));
#4183 = VECTOR('',#4184,1.);
#4184 = DIRECTION('',(-2.22044604925E-16,4.930380657631E-32,1.));
#4185 = PCURVE('',#3020,#4186);
#4186 = DEFINITIONAL_REPRESENTATION('',(#4187),#4190);
#4187 = B_SPLINE_CURVE_WITH_KNOTS('',1,(#4188,#4189),.UNSPECIFIED.,.F.,
  .F.,(2,2),(1.5,13.5),.PIECEWISE_BEZIER_KNOTS.);
#4188 = CARTESIAN_POINT('',(3.,-6.6));
#4189 = CARTESIAN_POINT('',(15.,-6.6));
#4190 = ( GEOMETRIC_REPRESENTATION_CONTEXT(2) 
PARAMETRIC_REPRESENTATION_CONTEXT() REPRESENTATION_CONTEXT('2D SPACE',''
  ) );
#4191 = PCURVE('',#4192,#4197);
#4192 = PLANE('',#4193);
#4193 = AXIS2_PLACEMENT_3D('',#4194,#4195,#4196);
#4194 = CARTESIAN_POINT('',(50.6,36.5,-16.));
#4195 = DIRECTION('',(1.,-2.22044604925E-16,2.22044604925E-16));
#4196 = DIRECTION('',(2.22044604925E-16,1.,0.));
#4197 = DEFINITIONAL_REPRESENTATION('',(#4198),#4201);
#4198 = B_SPLINE_CURVE_WITH_KNOTS('',1,(#4199,#4200),.UNSPECIFIED.,.F.,
  .F.,(2,2),(1.5,13.5),.PIECEWISE_BEZIER_KNOTS.);
#4199 = CARTESIAN_POINT('',(3.,0.));
#4200 = CARTESIAN_POINT('',(3.,12.));
#4201 = ( GEOMETRIC_REPRESENTATION_CONTEXT(2) 
PARAMETRIC_REPRESENTATION_CONTEXT() REPRESENTATION_CONTEXT('2D SPACE',''
  ) );
#4202 = ORIENTED_EDGE('',*,*,#4203,.T.);
#4203 = EDGE_CURVE('',#4176,#4204,#4206,.T.);
#4204 = VERTEX_POINT('',#4205);
#4205 = CARTESIAN_POINT('',(47.4,39.5,-16.));
#4206 = SURFACE_CURVE('',#4207,(#4211,#4217),.PCURVE_S1.);
#4207 = LINE('',#4208,#4209);
#4208 = CARTESIAN_POINT('',(45.7,39.5,-16.));
#4209 = VECTOR('',#4210,1.);
#4210 = DIRECTION('',(-1.,2.22044604925E-16,-2.22044604925E-16));
#4211 = PCURVE('',#3020,#4212);
#4212 = DEFINITIONAL_REPRESENTATION('',(#4213),#4216);
#4213 = B_SPLINE_CURVE_WITH_KNOTS('',1,(#4214,#4215),.UNSPECIFIED.,.F.,
  .F.,(2,2),(-4.9,-1.7),.PIECEWISE_BEZIER_KNOTS.);
#4214 = CARTESIAN_POINT('',(3.,-6.6));
#4215 = CARTESIAN_POINT('',(3.,-3.4));
#4216 = ( GEOMETRIC_REPRESENTATION_CONTEXT(2) 
PARAMETRIC_REPRESENTATION_CONTEXT() REPRESENTATION_CONTEXT('2D SPACE',''
  ) );
#4217 = PCURVE('',#4218,#4223);
#4218 = PLANE('',#4219);
#4219 = AXIS2_PLACEMENT_3D('',#4220,#4221,#4222);
#4220 = CARTESIAN_POINT('',(47.4,36.5,-16.));
#4221 = DIRECTION('',(-2.22044604925E-16,4.930380657631E-32,1.));
#4222 = DIRECTION('',(1.,-2.22044604925E-16,2.22044604925E-16));
#4223 = DEFINITIONAL_REPRESENTATION('',(#4224),#4227);
#4224 = B_SPLINE_CURVE_WITH_KNOTS('',1,(#4225,#4226),.UNSPECIFIED.,.F.,
  .F.,(2,2),(-4.9,-1.7),.PIECEWISE_BEZIER_KNOTS.);
#4225 = CARTESIAN_POINT('',(3.2,3.));
#4226 = CARTESIAN_POINT('',(0.,3.));
#4227 = ( GEOMETRIC_REPRESENTATION_CONTEXT(2) 
PARAMETRIC_REPRESENTATION_CONTEXT() REPRESENTATION_CONTEXT('2D SPACE',''
  ) );
#4228 = ORIENTED_EDGE('',*,*,#4229,.T.);
#4229 = EDGE_CURVE('',#4204,#4230,#4232,.T.);
#4230 = VERTEX_POINT('',#4231);
#4231 = CARTESIAN_POINT('',(47.4,39.5,-4.));
#4232 = SURFACE_CURVE('',#4233,(#4237,#4243),.PCURVE_S1.);
#4233 = LINE('',#4234,#4235);
#4234 = CARTESIAN_POINT('',(47.4,39.5,-17.5));
#4235 = VECTOR('',#4236,1.);
#4236 = DIRECTION('',(-2.22044604925E-16,4.930380657631E-32,1.));
#4237 = PCURVE('',#3020,#4238);
#4238 = DEFINITIONAL_REPRESENTATION('',(#4239),#4242);
#4239 = B_SPLINE_CURVE_WITH_KNOTS('',1,(#4240,#4241),.UNSPECIFIED.,.F.,
  .F.,(2,2),(1.5,13.5),.PIECEWISE_BEZIER_KNOTS.);
#4240 = CARTESIAN_POINT('',(3.,-3.4));
#4241 = CARTESIAN_POINT('',(15.,-3.4));
#4242 = ( GEOMETRIC_REPRESENTATION_CONTEXT(2) 
PARAMETRIC_REPRESENTATION_CONTEXT() REPRESENTATION_CONTEXT('2D SPACE',''
  ) );
#4243 = PCURVE('',#4244,#4249);
#4244 = PLANE('',#4245);
#4245 = AXIS2_PLACEMENT_3D('',#4246,#4247,#4248);
#4246 = CARTESIAN_POINT('',(47.4,36.5,-16.));
#4247 = DIRECTION('',(1.,-2.22044604925E-16,2.22044604925E-16));
#4248 = DIRECTION('',(2.22044604925E-16,1.,0.));
#4249 = DEFINITIONAL_REPRESENTATION('',(#4250),#4253);
#4250 = B_SPLINE_CURVE_WITH_KNOTS('',1,(#4251,#4252),.UNSPECIFIED.,.F.,
  .F.,(2,2),(1.5,13.5),.PIECEWISE_BEZIER_KNOTS.);
#4251 = CARTESIAN_POINT('',(3.,0.));
#4252 = CARTESIAN_POINT('',(3.,12.));
#4253 = ( GEOMETRIC_REPRESENTATION_CONTEXT(2) 
PARAMETRIC_REPRESENTATION_CONTEXT() REPRESENTATION_CONTEXT('2D SPACE',''
  ) );
#4254 = ORIENTED_EDGE('',*,*,#4255,.F.);
#4255 = EDGE_CURVE('',#4178,#4230,#4256,.T.);
#4256 = SURFACE_CURVE('',#4257,(#4261,#4267),.PCURVE_S1.);
#4257 = LINE('',#4258,#4259);
#4258 = CARTESIAN_POINT('',(45.7,39.5,-4.));
#4259 = VECTOR('',#4260,1.);
#4260 = DIRECTION('',(-1.,2.22044604925E-16,-2.22044604925E-16));
#4261 = PCURVE('',#3020,#4262);
#4262 = DEFINITIONAL_REPRESENTATION('',(#4263),#4266);
#4263 = B_SPLINE_CURVE_WITH_KNOTS('',1,(#4264,#4265),.UNSPECIFIED.,.F.,
  .F.,(2,2),(-4.9,-1.7),.PIECEWISE_BEZIER_KNOTS.);
#4264 = CARTESIAN_POINT('',(15.,-6.6));
#4265 = CARTESIAN_POINT('',(15.,-3.4));
#4266 = ( GEOMETRIC_REPRESENTATION_CONTEXT(2) 
PARAMETRIC_REPRESENTATION_CONTEXT() REPRESENTATION_CONTEXT('2D SPACE',''
  ) );
#4267 = PCURVE('',#4268,#4273);
#4268 = PLANE('',#4269);
#4269 = AXIS2_PLACEMENT_3D('',#4270,#4271,#4272);
#4270 = CARTESIAN_POINT('',(47.4,36.5,-4.));
#4271 = DIRECTION('',(-2.22044604925E-16,4.930380657631E-32,1.));
#4272 = DIRECTION('',(1.,-2.22044604925E-16,2.22044604925E-16));
#4273 = DEFINITIONAL_REPRESENTATION('',(#4274),#4277);
#4274 = B_SPLINE_CURVE_WITH_KNOTS('',1,(#4275,#4276),.UNSPECIFIED.,.F.,
  .F.,(2,2),(-4.9,-1.7),.PIECEWISE_BEZIER_KNOTS.);
#4275 = CARTESIAN_POINT('',(3.2,3.));
#4276 = CARTESIAN_POINT('',(0.,3.));
#4277 = ( GEOMETRIC_REPRESENTATION_CONTEXT(2) 
PARAMETRIC_REPRESENTATION_CONTEXT() REPRESENTATION_CONTEXT('2D SPACE',''
  ) );
#4278 = ADVANCED_FACE('',(#4279),#3440,.T.);
#4279 = FACE_BOUND('',#4280,.T.);
#4280 = EDGE_LOOP('',(#4281,#4304,#4305,#4306));
#4281 = ORIENTED_EDGE('',*,*,#4282,.F.);
#4282 = EDGE_CURVE('',#3989,#4283,#4285,.T.);
#4283 = VERTEX_POINT('',#4284);
#4284 = CARTESIAN_POINT('',(70.,-37.5,-16.));
#4285 = SURFACE_CURVE('',#4286,(#4290,#4297),.PCURVE_S1.);
#4286 = LINE('',#4287,#4288);
#4287 = CARTESIAN_POINT('',(70.,-42.5,-16.));
#4288 = VECTOR('',#4289,1.);
#4289 = DIRECTION('',(2.22044604925E-16,1.,0.));
#4290 = PCURVE('',#3440,#4291);
#4291 = DEFINITIONAL_REPRESENTATION('',(#4292),#4296);
#4292 = LINE('',#4293,#4294);
#4293 = CARTESIAN_POINT('',(0.,0.));
#4294 = VECTOR('',#4295,1.);
#4295 = DIRECTION('',(0.,1.));
#4296 = ( GEOMETRIC_REPRESENTATION_CONTEXT(2) 
PARAMETRIC_REPRESENTATION_CONTEXT() REPRESENTATION_CONTEXT('2D SPACE',''
  ) );
#4297 = PCURVE('',#4024,#4298);
#4298 = DEFINITIONAL_REPRESENTATION('',(#4299),#4303);
#4299 = LINE('',#4300,#4301);
#4300 = CARTESIAN_POINT('',(0.,0.));
#4301 = VECTOR('',#4302,1.);
#4302 = DIRECTION('',(1.,0.));
#4303 = ( GEOMETRIC_REPRESENTATION_CONTEXT(2) 
PARAMETRIC_REPRESENTATION_CONTEXT() REPRESENTATION_CONTEXT('2D SPACE',''
  ) );
#4304 = ORIENTED_EDGE('',*,*,#3988,.F.);
#4305 = ORIENTED_EDGE('',*,*,#3427,.F.);
#4306 = ORIENTED_EDGE('',*,*,#4307,.T.);
#4307 = EDGE_CURVE('',#3402,#4283,#4308,.T.);
#4308 = SURFACE_CURVE('',#4309,(#4313,#4319),.PCURVE_S1.);
#4309 = LINE('',#4310,#4311);
#4310 = CARTESIAN_POINT('',(58.,-37.5,-16.));
#4311 = VECTOR('',#4312,1.);
#4312 = DIRECTION('',(-1.,2.22044604925E-16,-2.22044604925E-16));
#4313 = PCURVE('',#3440,#4314);
#4314 = DEFINITIONAL_REPRESENTATION('',(#4315),#4318);
#4315 = B_SPLINE_CURVE_WITH_KNOTS('',1,(#4316,#4317),.UNSPECIFIED.,.F.,
  .F.,(2,2),(-22.,-12.),.PIECEWISE_BEZIER_KNOTS.);
#4316 = CARTESIAN_POINT('',(10.,5.));
#4317 = CARTESIAN_POINT('',(0.,5.));
#4318 = ( GEOMETRIC_REPRESENTATION_CONTEXT(2) 
PARAMETRIC_REPRESENTATION_CONTEXT() REPRESENTATION_CONTEXT('2D SPACE',''
  ) );
#4319 = PCURVE('',#3416,#4320);
#4320 = DEFINITIONAL_REPRESENTATION('',(#4321),#4324);
#4321 = B_SPLINE_CURVE_WITH_KNOTS('',1,(#4322,#4323),.UNSPECIFIED.,.F.,
  .F.,(2,2),(-22.,-12.),.PIECEWISE_BEZIER_KNOTS.);
#4322 = CARTESIAN_POINT('',(3.,-34.));
#4323 = CARTESIAN_POINT('',(3.,-24.));
#4324 = ( GEOMETRIC_REPRESENTATION_CONTEXT(2) 
PARAMETRIC_REPRESENTATION_CONTEXT() REPRESENTATION_CONTEXT('2D SPACE',''
  ) );
#4325 = ADVANCED_FACE('',(#4326,#4443),#3416,.F.);
#4326 = FACE_BOUND('',#4327,.F.);
#4327 = EDGE_LOOP('',(#4328,#4358,#4379,#4380,#4381,#4402,#4421,#4422));
#4328 = ORIENTED_EDGE('',*,*,#4329,.F.);
#4329 = EDGE_CURVE('',#4330,#4332,#4334,.T.);
#4330 = VERTEX_POINT('',#4331);
#4331 = CARTESIAN_POINT('',(46.,-37.5,-19.));
#4332 = VERTEX_POINT('',#4333);
#4333 = CARTESIAN_POINT('',(46.,-37.5,-1.000000002396));
#4334 = SURFACE_CURVE('',#4335,(#4339,#4346),.PCURVE_S1.);
#4335 = LINE('',#4336,#4337);
#4336 = CARTESIAN_POINT('',(46.,-37.5,-10.));
#4337 = VECTOR('',#4338,1.);
#4338 = DIRECTION('',(-2.22044604925E-16,4.930380657631E-32,1.));
#4339 = PCURVE('',#3416,#4340);
#4340 = DEFINITIONAL_REPRESENTATION('',(#4341),#4345);
#4341 = LINE('',#4342,#4343);
#4342 = CARTESIAN_POINT('',(9.000000000001,0.));
#4343 = VECTOR('',#4344,1.);
#4344 = DIRECTION('',(1.,0.));
#4345 = ( GEOMETRIC_REPRESENTATION_CONTEXT(2) 
PARAMETRIC_REPRESENTATION_CONTEXT() REPRESENTATION_CONTEXT('2D SPACE',''
  ) );
#4346 = PCURVE('',#4347,#4352);
#4347 = PLANE('',#4348);
#4348 = AXIS2_PLACEMENT_3D('',#4349,#4350,#4351);
#4349 = CARTESIAN_POINT('',(46.,-4.346511289842E-16,-10.00000000026));
#4350 = DIRECTION('',(1.,-2.22044604925E-16,2.22044604925E-16));
#4351 = DIRECTION('',(2.22044604925E-16,1.,0.));
#4352 = DEFINITIONAL_REPRESENTATION('',(#4353),#4357);
#4353 = LINE('',#4354,#4355);
#4354 = CARTESIAN_POINT('',(-37.5,2.687627995616E-10));
#4355 = VECTOR('',#4356,1.);
#4356 = DIRECTION('',(0.,1.));
#4357 = ( GEOMETRIC_REPRESENTATION_CONTEXT(2) 
PARAMETRIC_REPRESENTATION_CONTEXT() REPRESENTATION_CONTEXT('2D SPACE',''
  ) );
#4358 = ORIENTED_EDGE('',*,*,#4359,.T.);
#4359 = EDGE_CURVE('',#4330,#3369,#4360,.T.);
#4360 = SURFACE_CURVE('',#4361,(#4365,#4372),.PCURVE_S1.);
#4361 = LINE('',#4362,#4363);
#4362 = CARTESIAN_POINT('',(46.,-37.5,-19.));
#4363 = VECTOR('',#4364,1.);
#4364 = DIRECTION('',(1.,-2.22044604925E-16,2.22044604925E-16));
#4365 = PCURVE('',#3416,#4366);
#4366 = DEFINITIONAL_REPRESENTATION('',(#4367),#4371);
#4367 = LINE('',#4368,#4369);
#4368 = CARTESIAN_POINT('',(0.,0.));
#4369 = VECTOR('',#4370,1.);
#4370 = DIRECTION('',(0.,-1.));
#4371 = ( GEOMETRIC_REPRESENTATION_CONTEXT(2) 
PARAMETRIC_REPRESENTATION_CONTEXT() REPRESENTATION_CONTEXT('2D SPACE',''
  ) );
#4372 = PCURVE('',#3389,#4373);
#4373 = DEFINITIONAL_REPRESENTATION('',(#4374),#4378);
#4374 = LINE('',#4375,#4376);
#4375 = CARTESIAN_POINT('',(-3.14159265359,0.));
#4376 = VECTOR('',#4377,1.);
#4377 = DIRECTION('',(0.,-1.));
#4378 = ( GEOMETRIC_REPRESENTATION_CONTEXT(2) 
PARAMETRIC_REPRESENTATION_CONTEXT() REPRESENTATION_CONTEXT('2D SPACE',''
  ) );
#4379 = ORIENTED_EDGE('',*,*,#3401,.F.);
#4380 = ORIENTED_EDGE('',*,*,#4307,.T.);
#4381 = ORIENTED_EDGE('',*,*,#4382,.T.);
#4382 = EDGE_CURVE('',#4283,#4383,#4385,.T.);
#4383 = VERTEX_POINT('',#4384);
#4384 = CARTESIAN_POINT('',(70.,-37.5,-4.));
#4385 = SURFACE_CURVE('',#4386,(#4390,#4396),.PCURVE_S1.);
#4386 = LINE('',#4387,#4388);
#4387 = CARTESIAN_POINT('',(70.,-37.5,-17.5));
#4388 = VECTOR('',#4389,1.);
#4389 = DIRECTION('',(-2.22044604925E-16,4.930380657631E-32,1.));
#4390 = PCURVE('',#3416,#4391);
#4391 = DEFINITIONAL_REPRESENTATION('',(#4392),#4395);
#4392 = B_SPLINE_CURVE_WITH_KNOTS('',1,(#4393,#4394),.UNSPECIFIED.,.F.,
  .F.,(2,2),(1.5,13.5),.PIECEWISE_BEZIER_KNOTS.);
#4393 = CARTESIAN_POINT('',(3.,-24.));
#4394 = CARTESIAN_POINT('',(15.,-24.));
#4395 = ( GEOMETRIC_REPRESENTATION_CONTEXT(2) 
PARAMETRIC_REPRESENTATION_CONTEXT() REPRESENTATION_CONTEXT('2D SPACE',''
  ) );
#4396 = PCURVE('',#4024,#4397);
#4397 = DEFINITIONAL_REPRESENTATION('',(#4398),#4401);
#4398 = B_SPLINE_CURVE_WITH_KNOTS('',1,(#4399,#4400),.UNSPECIFIED.,.F.,
  .F.,(2,2),(1.5,13.5),.PIECEWISE_BEZIER_KNOTS.);
#4399 = CARTESIAN_POINT('',(5.,0.));
#4400 = CARTESIAN_POINT('',(5.,12.));
#4401 = ( GEOMETRIC_REPRESENTATION_CONTEXT(2) 
PARAMETRIC_REPRESENTATION_CONTEXT() REPRESENTATION_CONTEXT('2D SPACE',''
  ) );
#4402 = ORIENTED_EDGE('',*,*,#4403,.F.);
#4403 = EDGE_CURVE('',#3619,#4383,#4404,.T.);
#4404 = SURFACE_CURVE('',#4405,(#4409,#4415),.PCURVE_S1.);
#4405 = LINE('',#4406,#4407);
#4406 = CARTESIAN_POINT('',(58.,-37.5,-4.));
#4407 = VECTOR('',#4408,1.);
#4408 = DIRECTION('',(-1.,2.22044604925E-16,-2.22044604925E-16));
#4409 = PCURVE('',#3416,#4410);
#4410 = DEFINITIONAL_REPRESENTATION('',(#4411),#4414);
#4411 = B_SPLINE_CURVE_WITH_KNOTS('',1,(#4412,#4413),.UNSPECIFIED.,.F.,
  .F.,(2,2),(-22.,-12.),.PIECEWISE_BEZIER_KNOTS.);
#4412 = CARTESIAN_POINT('',(15.,-34.));
#4413 = CARTESIAN_POINT('',(15.,-24.));
#4414 = ( GEOMETRIC_REPRESENTATION_CONTEXT(2) 
PARAMETRIC_REPRESENTATION_CONTEXT() REPRESENTATION_CONTEXT('2D SPACE',''
  ) );
#4415 = PCURVE('',#3633,#4416);
#4416 = DEFINITIONAL_REPRESENTATION('',(#4417),#4420);
#4417 = B_SPLINE_CURVE_WITH_KNOTS('',1,(#4418,#4419),.UNSPECIFIED.,.F.,
  .F.,(2,2),(-22.,-12.),.PIECEWISE_BEZIER_KNOTS.);
#4418 = CARTESIAN_POINT('',(10.,5.));
#4419 = CARTESIAN_POINT('',(0.,5.));
#4420 = ( GEOMETRIC_REPRESENTATION_CONTEXT(2) 
PARAMETRIC_REPRESENTATION_CONTEXT() REPRESENTATION_CONTEXT('2D SPACE',''
  ) );
#4421 = ORIENTED_EDGE('',*,*,#3644,.F.);
#4422 = ORIENTED_EDGE('',*,*,#4423,.F.);
#4423 = EDGE_CURVE('',#4332,#3645,#4424,.T.);
#4424 = SURFACE_CURVE('',#4425,(#4429,#4436),.PCURVE_S1.);
#4425 = LINE('',#4426,#4427);
#4426 = CARTESIAN_POINT('',(46.,-37.5,-1.000000002396));
#4427 = VECTOR('',#4428,1.);
#4428 = DIRECTION('',(1.,-2.22044604925E-16,2.22044604925E-16));
#4429 = PCURVE('',#3416,#4430);
#4430 = DEFINITIONAL_REPRESENTATION('',(#4431),#4435);
#4431 = LINE('',#4432,#4433);
#4432 = CARTESIAN_POINT('',(17.999999997605,0.));
#4433 = VECTOR('',#4434,1.);
#4434 = DIRECTION('',(0.,-1.));
#4435 = ( GEOMETRIC_REPRESENTATION_CONTEXT(2) 
PARAMETRIC_REPRESENTATION_CONTEXT() REPRESENTATION_CONTEXT('2D SPACE',''
  ) );
#4436 = PCURVE('',#3686,#4437);
#4437 = DEFINITIONAL_REPRESENTATION('',(#4438),#4442);
#4438 = LINE('',#4439,#4440);
#4439 = CARTESIAN_POINT('',(-3.14159265359,0.));
#4440 = VECTOR('',#4441,1.);
#4441 = DIRECTION('',(0.,-1.));
#4442 = ( GEOMETRIC_REPRESENTATION_CONTEXT(2) 
PARAMETRIC_REPRESENTATION_CONTEXT() REPRESENTATION_CONTEXT('2D SPACE',''
  ) );
#4443 = FACE_BOUND('',#4444,.F.);
#4444 = EDGE_LOOP('',(#4445,#4468,#4489,#4510));
#4445 = ORIENTED_EDGE('',*,*,#4446,.F.);
#4446 = EDGE_CURVE('',#4447,#4449,#4451,.T.);
#4447 = VERTEX_POINT('',#4448);
#4448 = CARTESIAN_POINT('',(50.6,-37.5,-16.));
#4449 = VERTEX_POINT('',#4450);
#4450 = CARTESIAN_POINT('',(50.6,-37.5,-4.));
#4451 = SURFACE_CURVE('',#4452,(#4456,#4462),.PCURVE_S1.);
#4452 = LINE('',#4453,#4454);
#4453 = CARTESIAN_POINT('',(50.6,-37.5,-17.5));
#4454 = VECTOR('',#4455,1.);
#4455 = DIRECTION('',(-2.22044604925E-16,4.930380657631E-32,1.));
#4456 = PCURVE('',#3416,#4457);
#4457 = DEFINITIONAL_REPRESENTATION('',(#4458),#4461);
#4458 = B_SPLINE_CURVE_WITH_KNOTS('',1,(#4459,#4460),.UNSPECIFIED.,.F.,
  .F.,(2,2),(1.5,13.5),.PIECEWISE_BEZIER_KNOTS.);
#4459 = CARTESIAN_POINT('',(3.,-4.6));
#4460 = CARTESIAN_POINT('',(15.,-4.6));
#4461 = ( GEOMETRIC_REPRESENTATION_CONTEXT(2) 
PARAMETRIC_REPRESENTATION_CONTEXT() REPRESENTATION_CONTEXT('2D SPACE',''
  ) );
#4462 = PCURVE('',#4079,#4463);
#4463 = DEFINITIONAL_REPRESENTATION('',(#4464),#4467);
#4464 = B_SPLINE_CURVE_WITH_KNOTS('',1,(#4465,#4466),.UNSPECIFIED.,.F.,
  .F.,(2,2),(1.5,13.5),.PIECEWISE_BEZIER_KNOTS.);
#4465 = CARTESIAN_POINT('',(5.,0.));
#4466 = CARTESIAN_POINT('',(5.,12.));
#4467 = ( GEOMETRIC_REPRESENTATION_CONTEXT(2) 
PARAMETRIC_REPRESENTATION_CONTEXT() REPRESENTATION_CONTEXT('2D SPACE',''
  ) );
#4468 = ORIENTED_EDGE('',*,*,#4469,.T.);
#4469 = EDGE_CURVE('',#4447,#4470,#4472,.T.);
#4470 = VERTEX_POINT('',#4471);
#4471 = CARTESIAN_POINT('',(47.4,-37.5,-16.));
#4472 = SURFACE_CURVE('',#4473,(#4477,#4483),.PCURVE_S1.);
#4473 = LINE('',#4474,#4475);
#4474 = CARTESIAN_POINT('',(46.7,-37.5,-16.));
#4475 = VECTOR('',#4476,1.);
#4476 = DIRECTION('',(-1.,2.22044604925E-16,-2.22044604925E-16));
#4477 = PCURVE('',#3416,#4478);
#4478 = DEFINITIONAL_REPRESENTATION('',(#4479),#4482);
#4479 = B_SPLINE_CURVE_WITH_KNOTS('',1,(#4480,#4481),.UNSPECIFIED.,.F.,
  .F.,(2,2),(-3.9,-0.7),.PIECEWISE_BEZIER_KNOTS.);
#4480 = CARTESIAN_POINT('',(3.,-4.6));
#4481 = CARTESIAN_POINT('',(3.,-1.4));
#4482 = ( GEOMETRIC_REPRESENTATION_CONTEXT(2) 
PARAMETRIC_REPRESENTATION_CONTEXT() REPRESENTATION_CONTEXT('2D SPACE',''
  ) );
#4483 = PCURVE('',#4105,#4484);
#4484 = DEFINITIONAL_REPRESENTATION('',(#4485),#4488);
#4485 = B_SPLINE_CURVE_WITH_KNOTS('',1,(#4486,#4487),.UNSPECIFIED.,.F.,
  .F.,(2,2),(-3.9,-0.7),.PIECEWISE_BEZIER_KNOTS.);
#4486 = CARTESIAN_POINT('',(3.2,5.));
#4487 = CARTESIAN_POINT('',(0.,5.));
#4488 = ( GEOMETRIC_REPRESENTATION_CONTEXT(2) 
PARAMETRIC_REPRESENTATION_CONTEXT() REPRESENTATION_CONTEXT('2D SPACE',''
  ) );
#4489 = ORIENTED_EDGE('',*,*,#4490,.T.);
#4490 = EDGE_CURVE('',#4470,#4491,#4493,.T.);
#4491 = VERTEX_POINT('',#4492);
#4492 = CARTESIAN_POINT('',(47.4,-37.5,-4.));
#4493 = SURFACE_CURVE('',#4494,(#4498,#4504),.PCURVE_S1.);
#4494 = LINE('',#4495,#4496);
#4495 = CARTESIAN_POINT('',(47.4,-37.5,-17.5));
#4496 = VECTOR('',#4497,1.);
#4497 = DIRECTION('',(-2.22044604925E-16,4.930380657631E-32,1.));
#4498 = PCURVE('',#3416,#4499);
#4499 = DEFINITIONAL_REPRESENTATION('',(#4500),#4503);
#4500 = B_SPLINE_CURVE_WITH_KNOTS('',1,(#4501,#4502),.UNSPECIFIED.,.F.,
  .F.,(2,2),(1.5,13.5),.PIECEWISE_BEZIER_KNOTS.);
#4501 = CARTESIAN_POINT('',(3.,-1.4));
#4502 = CARTESIAN_POINT('',(15.,-1.4));
#4503 = ( GEOMETRIC_REPRESENTATION_CONTEXT(2) 
PARAMETRIC_REPRESENTATION_CONTEXT() REPRESENTATION_CONTEXT('2D SPACE',''
  ) );
#4504 = PCURVE('',#4131,#4505);
#4505 = DEFINITIONAL_REPRESENTATION('',(#4506),#4509);
#4506 = B_SPLINE_CURVE_WITH_KNOTS('',1,(#4507,#4508),.UNSPECIFIED.,.F.,
  .F.,(2,2),(1.5,13.5),.PIECEWISE_BEZIER_KNOTS.);
#4507 = CARTESIAN_POINT('',(5.,0.));
#4508 = CARTESIAN_POINT('',(5.,12.));
#4509 = ( GEOMETRIC_REPRESENTATION_CONTEXT(2) 
PARAMETRIC_REPRESENTATION_CONTEXT() REPRESENTATION_CONTEXT('2D SPACE',''
  ) );
#4510 = ORIENTED_EDGE('',*,*,#4511,.F.);
#4511 = EDGE_CURVE('',#4449,#4491,#4512,.T.);
#4512 = SURFACE_CURVE('',#4513,(#4517,#4523),.PCURVE_S1.);
#4513 = LINE('',#4514,#4515);
#4514 = CARTESIAN_POINT('',(46.7,-37.5,-4.));
#4515 = VECTOR('',#4516,1.);
#4516 = DIRECTION('',(-1.,2.22044604925E-16,-2.22044604925E-16));
#4517 = PCURVE('',#3416,#4518);
#4518 = DEFINITIONAL_REPRESENTATION('',(#4519),#4522);
#4519 = B_SPLINE_CURVE_WITH_KNOTS('',1,(#4520,#4521),.UNSPECIFIED.,.F.,
  .F.,(2,2),(-3.9,-0.7),.PIECEWISE_BEZIER_KNOTS.);
#4520 = CARTESIAN_POINT('',(15.,-4.6));
#4521 = CARTESIAN_POINT('',(15.,-1.4));
#4522 = ( GEOMETRIC_REPRESENTATION_CONTEXT(2) 
PARAMETRIC_REPRESENTATION_CONTEXT() REPRESENTATION_CONTEXT('2D SPACE',''
  ) );
#4523 = PCURVE('',#4155,#4524);
#4524 = DEFINITIONAL_REPRESENTATION('',(#4525),#4528);
#4525 = B_SPLINE_CURVE_WITH_KNOTS('',1,(#4526,#4527),.UNSPECIFIED.,.F.,
  .F.,(2,2),(-3.9,-0.7),.PIECEWISE_BEZIER_KNOTS.);
#4526 = CARTESIAN_POINT('',(3.2,5.));
#4527 = CARTESIAN_POINT('',(0.,5.));
#4528 = ( GEOMETRIC_REPRESENTATION_CONTEXT(2) 
PARAMETRIC_REPRESENTATION_CONTEXT() REPRESENTATION_CONTEXT('2D SPACE',''
  ) );
#4529 = ADVANCED_FACE('',(#4530),#3389,.F.);
#4530 = FACE_BOUND('',#4531,.T.);
#4531 = EDGE_LOOP('',(#4532,#4556,#4557,#4558));
#4532 = ORIENTED_EDGE('',*,*,#4533,.F.);
#4533 = EDGE_CURVE('',#4330,#4534,#4536,.T.);
#4534 = VERTEX_POINT('',#4535);
#4535 = CARTESIAN_POINT('',(46.,-36.5,-20.));
#4536 = SURFACE_CURVE('',#4537,(#4542,#4549),.PCURVE_S1.);
#4537 = CIRCLE('',#4538,1.);
#4538 = AXIS2_PLACEMENT_3D('',#4539,#4540,#4541);
#4539 = CARTESIAN_POINT('',(46.,-36.5,-19.));
#4540 = DIRECTION('',(1.,-2.22044604925E-16,2.22044604925E-16));
#4541 = DIRECTION('',(2.22044604925E-16,1.,0.));
#4542 = PCURVE('',#3389,#4543);
#4543 = DEFINITIONAL_REPRESENTATION('',(#4544),#4548);
#4544 = LINE('',#4545,#4546);
#4545 = CARTESIAN_POINT('',(0.,0.));
#4546 = VECTOR('',#4547,1.);
#4547 = DIRECTION('',(-1.,0.));
#4548 = ( GEOMETRIC_REPRESENTATION_CONTEXT(2) 
PARAMETRIC_REPRESENTATION_CONTEXT() REPRESENTATION_CONTEXT('2D SPACE',''
  ) );
#4549 = PCURVE('',#4347,#4550);
#4550 = DEFINITIONAL_REPRESENTATION('',(#4551),#4555);
#4551 = CIRCLE('',#4552,1.);
#4552 = AXIS2_PLACEMENT_2D('',#4553,#4554);
#4553 = CARTESIAN_POINT('',(-36.5,-8.999999999732));
#4554 = DIRECTION('',(1.,0.));
#4555 = ( GEOMETRIC_REPRESENTATION_CONTEXT(2) 
PARAMETRIC_REPRESENTATION_CONTEXT() REPRESENTATION_CONTEXT('2D SPACE',''
  ) );
#4556 = ORIENTED_EDGE('',*,*,#4359,.T.);
#4557 = ORIENTED_EDGE('',*,*,#3368,.F.);
#4558 = ORIENTED_EDGE('',*,*,#4559,.F.);
#4559 = EDGE_CURVE('',#4534,#3343,#4560,.T.);
#4560 = SURFACE_CURVE('',#4561,(#4565,#4572),.PCURVE_S1.);
#4561 = LINE('',#4562,#4563);
#4562 = CARTESIAN_POINT('',(46.,-36.5,-20.));
#4563 = VECTOR('',#4564,1.);
#4564 = DIRECTION('',(1.,-2.22044604925E-16,2.22044604925E-16));
#4565 = PCURVE('',#3389,#4566);
#4566 = DEFINITIONAL_REPRESENTATION('',(#4567),#4571);
#4567 = LINE('',#4568,#4569);
#4568 = CARTESIAN_POINT('',(-4.712388980385,0.));
#4569 = VECTOR('',#4570,1.);
#4570 = DIRECTION('',(0.,-1.));
#4571 = ( GEOMETRIC_REPRESENTATION_CONTEXT(2) 
PARAMETRIC_REPRESENTATION_CONTEXT() REPRESENTATION_CONTEXT('2D SPACE',''
  ) );
#4572 = PCURVE('',#3357,#4573);
#4573 = DEFINITIONAL_REPRESENTATION('',(#4574),#4578);
#4574 = LINE('',#4575,#4576);
#4575 = CARTESIAN_POINT('',(0.,0.));
#4576 = VECTOR('',#4577,1.);
#4577 = DIRECTION('',(0.,-1.));
#4578 = ( GEOMETRIC_REPRESENTATION_CONTEXT(2) 
PARAMETRIC_REPRESENTATION_CONTEXT() REPRESENTATION_CONTEXT('2D SPACE',''
  ) );
#4579 = ADVANCED_FACE('',(#4580),#3357,.T.);
#4580 = FACE_BOUND('',#4581,.T.);
#4581 = EDGE_LOOP('',(#4582,#4605,#4606,#4607));
#4582 = ORIENTED_EDGE('',*,*,#4583,.F.);
#4583 = EDGE_CURVE('',#4534,#4584,#4586,.T.);
#4584 = VERTEX_POINT('',#4585);
#4585 = CARTESIAN_POINT('',(46.,36.5,-20.));
#4586 = SURFACE_CURVE('',#4587,(#4591,#4598),.PCURVE_S1.);
#4587 = LINE('',#4588,#4589);
#4588 = CARTESIAN_POINT('',(46.,-4.440892098501E-16,-20.));
#4589 = VECTOR('',#4590,1.);
#4590 = DIRECTION('',(2.22044604925E-16,1.,0.));
#4591 = PCURVE('',#3357,#4592);
#4592 = DEFINITIONAL_REPRESENTATION('',(#4593),#4597);
#4593 = LINE('',#4594,#4595);
#4594 = CARTESIAN_POINT('',(36.5,0.));
#4595 = VECTOR('',#4596,1.);
#4596 = DIRECTION('',(1.,0.));
#4597 = ( GEOMETRIC_REPRESENTATION_CONTEXT(2) 
PARAMETRIC_REPRESENTATION_CONTEXT() REPRESENTATION_CONTEXT('2D SPACE',''
  ) );
#4598 = PCURVE('',#4347,#4599);
#4599 = DEFINITIONAL_REPRESENTATION('',(#4600),#4604);
#4600 = LINE('',#4601,#4602);
#4601 = CARTESIAN_POINT('',(-9.43808086588E-18,-9.999999999731));
#4602 = VECTOR('',#4603,1.);
#4603 = DIRECTION('',(1.,0.));
#4604 = ( GEOMETRIC_REPRESENTATION_CONTEXT(2) 
PARAMETRIC_REPRESENTATION_CONTEXT() REPRESENTATION_CONTEXT('2D SPACE',''
  ) );
#4605 = ORIENTED_EDGE('',*,*,#4559,.T.);
#4606 = ORIENTED_EDGE('',*,*,#3342,.F.);
#4607 = ORIENTED_EDGE('',*,*,#4608,.F.);
#4608 = EDGE_CURVE('',#4584,#3310,#4609,.T.);
#4609 = SURFACE_CURVE('',#4610,(#4614,#4621),.PCURVE_S1.);
#4610 = LINE('',#4611,#4612);
#4611 = CARTESIAN_POINT('',(46.,36.5,-20.));
#4612 = VECTOR('',#4613,1.);
#4613 = DIRECTION('',(1.,-2.22044604925E-16,2.22044604925E-16));
#4614 = PCURVE('',#3357,#4615);
#4615 = DEFINITIONAL_REPRESENTATION('',(#4616),#4620);
#4616 = LINE('',#4617,#4618);
#4617 = CARTESIAN_POINT('',(73.,0.));
#4618 = VECTOR('',#4619,1.);
#4619 = DIRECTION('',(0.,-1.));
#4620 = ( GEOMETRIC_REPRESENTATION_CONTEXT(2) 
PARAMETRIC_REPRESENTATION_CONTEXT() REPRESENTATION_CONTEXT('2D SPACE',''
  ) );
#4621 = PCURVE('',#3330,#4622);
#4622 = DEFINITIONAL_REPRESENTATION('',(#4623),#4627);
#4623 = LINE('',#4624,#4625);
#4624 = CARTESIAN_POINT('',(-4.712388980385,0.));
#4625 = VECTOR('',#4626,1.);
#4626 = DIRECTION('',(0.,-1.));
#4627 = ( GEOMETRIC_REPRESENTATION_CONTEXT(2) 
PARAMETRIC_REPRESENTATION_CONTEXT() REPRESENTATION_CONTEXT('2D SPACE',''
  ) );
#4628 = ADVANCED_FACE('',(#4629),#3330,.F.);
#4629 = FACE_BOUND('',#4630,.T.);
#4630 = EDGE_LOOP('',(#4631,#4655,#4656,#4657));
#4631 = ORIENTED_EDGE('',*,*,#4632,.F.);
#4632 = EDGE_CURVE('',#4584,#4633,#4635,.T.);
#4633 = VERTEX_POINT('',#4634);
#4634 = CARTESIAN_POINT('',(46.,37.5,-19.));
#4635 = SURFACE_CURVE('',#4636,(#4641,#4648),.PCURVE_S1.);
#4636 = CIRCLE('',#4637,1.);
#4637 = AXIS2_PLACEMENT_3D('',#4638,#4639,#4640);
#4638 = CARTESIAN_POINT('',(46.,36.5,-19.));
#4639 = DIRECTION('',(1.,-2.22044604925E-16,2.22044604925E-16));
#4640 = DIRECTION('',(2.22044604925E-16,1.,0.));
#4641 = PCURVE('',#3330,#4642);
#4642 = DEFINITIONAL_REPRESENTATION('',(#4643),#4647);
#4643 = LINE('',#4644,#4645);
#4644 = CARTESIAN_POINT('',(0.,0.));
#4645 = VECTOR('',#4646,1.);
#4646 = DIRECTION('',(-1.,0.));
#4647 = ( GEOMETRIC_REPRESENTATION_CONTEXT(2) 
PARAMETRIC_REPRESENTATION_CONTEXT() REPRESENTATION_CONTEXT('2D SPACE',''
  ) );
#4648 = PCURVE('',#4347,#4649);
#4649 = DEFINITIONAL_REPRESENTATION('',(#4650),#4654);
#4650 = CIRCLE('',#4651,1.);
#4651 = AXIS2_PLACEMENT_2D('',#4652,#4653);
#4652 = CARTESIAN_POINT('',(36.5,-8.999999999732));
#4653 = DIRECTION('',(1.,0.));
#4654 = ( GEOMETRIC_REPRESENTATION_CONTEXT(2) 
PARAMETRIC_REPRESENTATION_CONTEXT() REPRESENTATION_CONTEXT('2D SPACE',''
  ) );
#4655 = ORIENTED_EDGE('',*,*,#4608,.T.);
#4656 = ORIENTED_EDGE('',*,*,#3309,.F.);
#4657 = ORIENTED_EDGE('',*,*,#4658,.F.);
#4658 = EDGE_CURVE('',#4633,#3284,#4659,.T.);
#4659 = SURFACE_CURVE('',#4660,(#4664,#4671),.PCURVE_S1.);
#4660 = LINE('',#4661,#4662);
#4661 = CARTESIAN_POINT('',(46.,37.5,-19.));
#4662 = VECTOR('',#4663,1.);
#4663 = DIRECTION('',(1.,-2.22044604925E-16,2.22044604925E-16));
#4664 = PCURVE('',#3330,#4665);
#4665 = DEFINITIONAL_REPRESENTATION('',(#4666),#4670);
#4666 = LINE('',#4667,#4668);
#4667 = CARTESIAN_POINT('',(-6.28318530718,0.));
#4668 = VECTOR('',#4669,1.);
#4669 = DIRECTION('',(0.,-1.));
#4670 = ( GEOMETRIC_REPRESENTATION_CONTEXT(2) 
PARAMETRIC_REPRESENTATION_CONTEXT() REPRESENTATION_CONTEXT('2D SPACE',''
  ) );
#4671 = PCURVE('',#3298,#4672);
#4672 = DEFINITIONAL_REPRESENTATION('',(#4673),#4677);
#4673 = LINE('',#4674,#4675);
#4674 = CARTESIAN_POINT('',(0.,0.));
#4675 = VECTOR('',#4676,1.);
#4676 = DIRECTION('',(0.,-1.));
#4677 = ( GEOMETRIC_REPRESENTATION_CONTEXT(2) 
PARAMETRIC_REPRESENTATION_CONTEXT() REPRESENTATION_CONTEXT('2D SPACE',''
  ) );
#4678 = ADVANCED_FACE('',(#4679,#4727),#3298,.T.);
#4679 = FACE_BOUND('',#4680,.T.);
#4680 = EDGE_LOOP('',(#4681,#4704,#4705,#4706));
#4681 = ORIENTED_EDGE('',*,*,#4682,.F.);
#4682 = EDGE_CURVE('',#4633,#4683,#4685,.T.);
#4683 = VERTEX_POINT('',#4684);
#4684 = CARTESIAN_POINT('',(46.,37.5,-1.000000002396));
#4685 = SURFACE_CURVE('',#4686,(#4690,#4697),.PCURVE_S1.);
#4686 = LINE('',#4687,#4688);
#4687 = CARTESIAN_POINT('',(46.,37.5,-10.));
#4688 = VECTOR('',#4689,1.);
#4689 = DIRECTION('',(-2.22044604925E-16,4.930380657631E-32,1.));
#4690 = PCURVE('',#3298,#4691);
#4691 = DEFINITIONAL_REPRESENTATION('',(#4692),#4696);
#4692 = LINE('',#4693,#4694);
#4693 = CARTESIAN_POINT('',(9.000000000001,0.));
#4694 = VECTOR('',#4695,1.);
#4695 = DIRECTION('',(1.,0.));
#4696 = ( GEOMETRIC_REPRESENTATION_CONTEXT(2) 
PARAMETRIC_REPRESENTATION_CONTEXT() REPRESENTATION_CONTEXT('2D SPACE',''
  ) );
#4697 = PCURVE('',#4347,#4698);
#4698 = DEFINITIONAL_REPRESENTATION('',(#4699),#4703);
#4699 = LINE('',#4700,#4701);
#4700 = CARTESIAN_POINT('',(37.5,2.687627995616E-10));
#4701 = VECTOR('',#4702,1.);
#4702 = DIRECTION('',(0.,1.));
#4703 = ( GEOMETRIC_REPRESENTATION_CONTEXT(2) 
PARAMETRIC_REPRESENTATION_CONTEXT() REPRESENTATION_CONTEXT('2D SPACE',''
  ) );
#4704 = ORIENTED_EDGE('',*,*,#4658,.T.);
#4705 = ORIENTED_EDGE('',*,*,#3283,.F.);
#4706 = ORIENTED_EDGE('',*,*,#4707,.F.);
#4707 = EDGE_CURVE('',#4683,#3251,#4708,.T.);
#4708 = SURFACE_CURVE('',#4709,(#4713,#4720),.PCURVE_S1.);
#4709 = LINE('',#4710,#4711);
#4710 = CARTESIAN_POINT('',(46.,37.5,-1.000000002396));
#4711 = VECTOR('',#4712,1.);
#4712 = DIRECTION('',(1.,-2.22044604925E-16,2.22044604925E-16));
#4713 = PCURVE('',#3298,#4714);
#4714 = DEFINITIONAL_REPRESENTATION('',(#4715),#4719);
#4715 = LINE('',#4716,#4717);
#4716 = CARTESIAN_POINT('',(17.999999997605,0.));
#4717 = VECTOR('',#4718,1.);
#4718 = DIRECTION('',(0.,-1.));
#4719 = ( GEOMETRIC_REPRESENTATION_CONTEXT(2) 
PARAMETRIC_REPRESENTATION_CONTEXT() REPRESENTATION_CONTEXT('2D SPACE',''
  ) );
#4720 = PCURVE('',#3271,#4721);
#4721 = DEFINITIONAL_REPRESENTATION('',(#4722),#4726);
#4722 = LINE('',#4723,#4724);
#4723 = CARTESIAN_POINT('',(0.,0.));
#4724 = VECTOR('',#4725,1.);
#4725 = DIRECTION('',(0.,-1.));
#4726 = ( GEOMETRIC_REPRESENTATION_CONTEXT(2) 
PARAMETRIC_REPRESENTATION_CONTEXT() REPRESENTATION_CONTEXT('2D SPACE',''
  ) );
#4727 = FACE_BOUND('',#4728,.T.);
#4728 = EDGE_LOOP('',(#4729,#4752,#4773,#4794));
#4729 = ORIENTED_EDGE('',*,*,#4730,.F.);
#4730 = EDGE_CURVE('',#4731,#4733,#4735,.T.);
#4731 = VERTEX_POINT('',#4732);
#4732 = CARTESIAN_POINT('',(50.6,37.5,-16.));
#4733 = VERTEX_POINT('',#4734);
#4734 = CARTESIAN_POINT('',(50.6,37.5,-4.));
#4735 = SURFACE_CURVE('',#4736,(#4740,#4746),.PCURVE_S1.);
#4736 = LINE('',#4737,#4738);
#4737 = CARTESIAN_POINT('',(50.6,37.5,-17.5));
#4738 = VECTOR('',#4739,1.);
#4739 = DIRECTION('',(-2.22044604925E-16,4.930380657631E-32,1.));
#4740 = PCURVE('',#3298,#4741);
#4741 = DEFINITIONAL_REPRESENTATION('',(#4742),#4745);
#4742 = B_SPLINE_CURVE_WITH_KNOTS('',1,(#4743,#4744),.UNSPECIFIED.,.F.,
  .F.,(2,2),(1.5,13.5),.PIECEWISE_BEZIER_KNOTS.);
#4743 = CARTESIAN_POINT('',(3.,-4.6));
#4744 = CARTESIAN_POINT('',(15.,-4.6));
#4745 = ( GEOMETRIC_REPRESENTATION_CONTEXT(2) 
PARAMETRIC_REPRESENTATION_CONTEXT() REPRESENTATION_CONTEXT('2D SPACE',''
  ) );
#4746 = PCURVE('',#4192,#4747);
#4747 = DEFINITIONAL_REPRESENTATION('',(#4748),#4751);
#4748 = B_SPLINE_CURVE_WITH_KNOTS('',1,(#4749,#4750),.UNSPECIFIED.,.F.,
  .F.,(2,2),(1.5,13.5),.PIECEWISE_BEZIER_KNOTS.);
#4749 = CARTESIAN_POINT('',(1.,0.));
#4750 = CARTESIAN_POINT('',(1.,12.));
#4751 = ( GEOMETRIC_REPRESENTATION_CONTEXT(2) 
PARAMETRIC_REPRESENTATION_CONTEXT() REPRESENTATION_CONTEXT('2D SPACE',''
  ) );
#4752 = ORIENTED_EDGE('',*,*,#4753,.T.);
#4753 = EDGE_CURVE('',#4731,#4754,#4756,.T.);
#4754 = VERTEX_POINT('',#4755);
#4755 = CARTESIAN_POINT('',(47.4,37.5,-16.));
#4756 = SURFACE_CURVE('',#4757,(#4761,#4767),.PCURVE_S1.);
#4757 = LINE('',#4758,#4759);
#4758 = CARTESIAN_POINT('',(46.7,37.5,-16.));
#4759 = VECTOR('',#4760,1.);
#4760 = DIRECTION('',(-1.,2.22044604925E-16,-2.22044604925E-16));
#4761 = PCURVE('',#3298,#4762);
#4762 = DEFINITIONAL_REPRESENTATION('',(#4763),#4766);
#4763 = B_SPLINE_CURVE_WITH_KNOTS('',1,(#4764,#4765),.UNSPECIFIED.,.F.,
  .F.,(2,2),(-3.9,-0.7),.PIECEWISE_BEZIER_KNOTS.);
#4764 = CARTESIAN_POINT('',(3.,-4.6));
#4765 = CARTESIAN_POINT('',(3.,-1.4));
#4766 = ( GEOMETRIC_REPRESENTATION_CONTEXT(2) 
PARAMETRIC_REPRESENTATION_CONTEXT() REPRESENTATION_CONTEXT('2D SPACE',''
  ) );
#4767 = PCURVE('',#4218,#4768);
#4768 = DEFINITIONAL_REPRESENTATION('',(#4769),#4772);
#4769 = B_SPLINE_CURVE_WITH_KNOTS('',1,(#4770,#4771),.UNSPECIFIED.,.F.,
  .F.,(2,2),(-3.9,-0.7),.PIECEWISE_BEZIER_KNOTS.);
#4770 = CARTESIAN_POINT('',(3.2,1.));
#4771 = CARTESIAN_POINT('',(0.,1.));
#4772 = ( GEOMETRIC_REPRESENTATION_CONTEXT(2) 
PARAMETRIC_REPRESENTATION_CONTEXT() REPRESENTATION_CONTEXT('2D SPACE',''
  ) );
#4773 = ORIENTED_EDGE('',*,*,#4774,.T.);
#4774 = EDGE_CURVE('',#4754,#4775,#4777,.T.);
#4775 = VERTEX_POINT('',#4776);
#4776 = CARTESIAN_POINT('',(47.4,37.5,-4.));
#4777 = SURFACE_CURVE('',#4778,(#4782,#4788),.PCURVE_S1.);
#4778 = LINE('',#4779,#4780);
#4779 = CARTESIAN_POINT('',(47.4,37.5,-17.5));
#4780 = VECTOR('',#4781,1.);
#4781 = DIRECTION('',(-2.22044604925E-16,4.930380657631E-32,1.));
#4782 = PCURVE('',#3298,#4783);
#4783 = DEFINITIONAL_REPRESENTATION('',(#4784),#4787);
#4784 = B_SPLINE_CURVE_WITH_KNOTS('',1,(#4785,#4786),.UNSPECIFIED.,.F.,
  .F.,(2,2),(1.5,13.5),.PIECEWISE_BEZIER_KNOTS.);
#4785 = CARTESIAN_POINT('',(3.,-1.4));
#4786 = CARTESIAN_POINT('',(15.,-1.4));
#4787 = ( GEOMETRIC_REPRESENTATION_CONTEXT(2) 
PARAMETRIC_REPRESENTATION_CONTEXT() REPRESENTATION_CONTEXT('2D SPACE',''
  ) );
#4788 = PCURVE('',#4244,#4789);
#4789 = DEFINITIONAL_REPRESENTATION('',(#4790),#4793);
#4790 = B_SPLINE_CURVE_WITH_KNOTS('',1,(#4791,#4792),.UNSPECIFIED.,.F.,
  .F.,(2,2),(1.5,13.5),.PIECEWISE_BEZIER_KNOTS.);
#4791 = CARTESIAN_POINT('',(1.,0.));
#4792 = CARTESIAN_POINT('',(1.,12.));
#4793 = ( GEOMETRIC_REPRESENTATION_CONTEXT(2) 
PARAMETRIC_REPRESENTATION_CONTEXT() REPRESENTATION_CONTEXT('2D SPACE',''
  ) );
#4794 = ORIENTED_EDGE('',*,*,#4795,.F.);
#4795 = EDGE_CURVE('',#4733,#4775,#4796,.T.);
#4796 = SURFACE_CURVE('',#4797,(#4801,#4807),.PCURVE_S1.);
#4797 = LINE('',#4798,#4799);
#4798 = CARTESIAN_POINT('',(46.7,37.5,-4.));
#4799 = VECTOR('',#4800,1.);
#4800 = DIRECTION('',(-1.,2.22044604925E-16,-2.22044604925E-16));
#4801 = PCURVE('',#3298,#4802);
#4802 = DEFINITIONAL_REPRESENTATION('',(#4803),#4806);
#4803 = B_SPLINE_CURVE_WITH_KNOTS('',1,(#4804,#4805),.UNSPECIFIED.,.F.,
  .F.,(2,2),(-3.9,-0.7),.PIECEWISE_BEZIER_KNOTS.);
#4804 = CARTESIAN_POINT('',(15.,-4.6));
#4805 = CARTESIAN_POINT('',(15.,-1.4));
#4806 = ( GEOMETRIC_REPRESENTATION_CONTEXT(2) 
PARAMETRIC_REPRESENTATION_CONTEXT() REPRESENTATION_CONTEXT('2D SPACE',''
  ) );
#4807 = PCURVE('',#4268,#4808);
#4808 = DEFINITIONAL_REPRESENTATION('',(#4809),#4812);
#4809 = B_SPLINE_CURVE_WITH_KNOTS('',1,(#4810,#4811),.UNSPECIFIED.,.F.,
  .F.,(2,2),(-3.9,-0.7),.PIECEWISE_BEZIER_KNOTS.);
#4810 = CARTESIAN_POINT('',(3.2,1.));
#4811 = CARTESIAN_POINT('',(0.,1.));
#4812 = ( GEOMETRIC_REPRESENTATION_CONTEXT(2) 
PARAMETRIC_REPRESENTATION_CONTEXT() REPRESENTATION_CONTEXT('2D SPACE',''
  ) );
#4813 = ADVANCED_FACE('',(#4814),#3271,.F.);
#4814 = FACE_BOUND('',#4815,.T.);
#4815 = EDGE_LOOP('',(#4816,#4840,#4841,#4842));
#4816 = ORIENTED_EDGE('',*,*,#4817,.F.);
#4817 = EDGE_CURVE('',#4683,#4818,#4820,.T.);
#4818 = VERTEX_POINT('',#4819);
#4819 = CARTESIAN_POINT('',(46.,36.5,-1.197651755547E-09));
#4820 = SURFACE_CURVE('',#4821,(#4826,#4833),.PCURVE_S1.);
#4821 = CIRCLE('',#4822,1.);
#4822 = AXIS2_PLACEMENT_3D('',#4823,#4824,#4825);
#4823 = CARTESIAN_POINT('',(46.,36.5,-1.000000002396));
#4824 = DIRECTION('',(1.,-2.22044604925E-16,2.22044604925E-16));
#4825 = DIRECTION('',(2.22044604925E-16,1.,0.));
#4826 = PCURVE('',#3271,#4827);
#4827 = DEFINITIONAL_REPRESENTATION('',(#4828),#4832);
#4828 = LINE('',#4829,#4830);
#4829 = CARTESIAN_POINT('',(0.,0.));
#4830 = VECTOR('',#4831,1.);
#4831 = DIRECTION('',(-1.,0.));
#4832 = ( GEOMETRIC_REPRESENTATION_CONTEXT(2) 
PARAMETRIC_REPRESENTATION_CONTEXT() REPRESENTATION_CONTEXT('2D SPACE',''
  ) );
#4833 = PCURVE('',#4347,#4834);
#4834 = DEFINITIONAL_REPRESENTATION('',(#4835),#4839);
#4835 = CIRCLE('',#4836,1.);
#4836 = AXIS2_PLACEMENT_2D('',#4837,#4838);
#4837 = CARTESIAN_POINT('',(36.5,8.999999997873));
#4838 = DIRECTION('',(1.,0.));
#4839 = ( GEOMETRIC_REPRESENTATION_CONTEXT(2) 
PARAMETRIC_REPRESENTATION_CONTEXT() REPRESENTATION_CONTEXT('2D SPACE',''
  ) );
#4840 = ORIENTED_EDGE('',*,*,#4707,.T.);
#4841 = ORIENTED_EDGE('',*,*,#3250,.F.);
#4842 = ORIENTED_EDGE('',*,*,#4843,.F.);
#4843 = EDGE_CURVE('',#4818,#3225,#4844,.T.);
#4844 = SURFACE_CURVE('',#4845,(#4849,#4856),.PCURVE_S1.);
#4845 = LINE('',#4846,#4847);
#4846 = CARTESIAN_POINT('',(46.,36.5,-1.197651755547E-09));
#4847 = VECTOR('',#4848,1.);
#4848 = DIRECTION('',(1.,-2.22044604925E-16,2.22044604925E-16));
#4849 = PCURVE('',#3271,#4850);
#4850 = DEFINITIONAL_REPRESENTATION('',(#4851),#4855);
#4851 = LINE('',#4852,#4853);
#4852 = CARTESIAN_POINT('',(-1.570796326795,0.));
#4853 = VECTOR('',#4854,1.);
#4854 = DIRECTION('',(0.,-1.));
#4855 = ( GEOMETRIC_REPRESENTATION_CONTEXT(2) 
PARAMETRIC_REPRESENTATION_CONTEXT() REPRESENTATION_CONTEXT('2D SPACE',''
  ) );
#4856 = PCURVE('',#3239,#4857);
#4857 = DEFINITIONAL_REPRESENTATION('',(#4858),#4862);
#4858 = LINE('',#4859,#4860);
#4859 = CARTESIAN_POINT('',(73.,0.));
#4860 = VECTOR('',#4861,1.);
#4861 = DIRECTION('',(0.,-1.));
#4862 = ( GEOMETRIC_REPRESENTATION_CONTEXT(2) 
PARAMETRIC_REPRESENTATION_CONTEXT() REPRESENTATION_CONTEXT('2D SPACE',''
  ) );
#4863 = ADVANCED_FACE('',(#4864),#3239,.F.);
#4864 = FACE_BOUND('',#4865,.F.);
#4865 = EDGE_LOOP('',(#4866,#4889,#4910,#4911,#4912,#4913,#4914,#4915));
#4866 = ORIENTED_EDGE('',*,*,#4867,.F.);
#4867 = EDGE_CURVE('',#4868,#4818,#4870,.T.);
#4868 = VERTEX_POINT('',#4869);
#4869 = CARTESIAN_POINT('',(46.,-36.5,-1.197651755547E-09));
#4870 = SURFACE_CURVE('',#4871,(#4875,#4882),.PCURVE_S1.);
#4871 = LINE('',#4872,#4873);
#4872 = CARTESIAN_POINT('',(46.,-4.440892098501E-16,3.481659405224E-13)
  );
#4873 = VECTOR('',#4874,1.);
#4874 = DIRECTION('',(2.22044604925E-16,1.,0.));
#4875 = PCURVE('',#3239,#4876);
#4876 = DEFINITIONAL_REPRESENTATION('',(#4877),#4881);
#4877 = LINE('',#4878,#4879);
#4878 = CARTESIAN_POINT('',(36.5,0.));
#4879 = VECTOR('',#4880,1.);
#4880 = DIRECTION('',(1.,0.));
#4881 = ( GEOMETRIC_REPRESENTATION_CONTEXT(2) 
PARAMETRIC_REPRESENTATION_CONTEXT() REPRESENTATION_CONTEXT('2D SPACE',''
  ) );
#4882 = PCURVE('',#4347,#4883);
#4883 = DEFINITIONAL_REPRESENTATION('',(#4884),#4888);
#4884 = LINE('',#4885,#4886);
#4885 = CARTESIAN_POINT('',(-9.43808086588E-18,10.000000000269));
#4886 = VECTOR('',#4887,1.);
#4887 = DIRECTION('',(1.,0.));
#4888 = ( GEOMETRIC_REPRESENTATION_CONTEXT(2) 
PARAMETRIC_REPRESENTATION_CONTEXT() REPRESENTATION_CONTEXT('2D SPACE',''
  ) );
#4889 = ORIENTED_EDGE('',*,*,#4890,.T.);
#4890 = EDGE_CURVE('',#4868,#3666,#4891,.T.);
#4891 = SURFACE_CURVE('',#4892,(#4896,#4903),.PCURVE_S1.);
#4892 = LINE('',#4893,#4894);
#4893 = CARTESIAN_POINT('',(46.,-36.5,-1.197651755547E-09));
#4894 = VECTOR('',#4895,1.);
#4895 = DIRECTION('',(1.,-2.22044604925E-16,2.22044604925E-16));
#4896 = PCURVE('',#3239,#4897);
#4897 = DEFINITIONAL_REPRESENTATION('',(#4898),#4902);
#4898 = LINE('',#4899,#4900);
#4899 = CARTESIAN_POINT('',(0.,0.));
#4900 = VECTOR('',#4901,1.);
#4901 = DIRECTION('',(0.,-1.));
#4902 = ( GEOMETRIC_REPRESENTATION_CONTEXT(2) 
PARAMETRIC_REPRESENTATION_CONTEXT() REPRESENTATION_CONTEXT('2D SPACE',''
  ) );
#4903 = PCURVE('',#3686,#4904);
#4904 = DEFINITIONAL_REPRESENTATION('',(#4905),#4909);
#4905 = LINE('',#4906,#4907);
#4906 = CARTESIAN_POINT('',(-1.570796326795,0.));
#4907 = VECTOR('',#4908,1.);
#4908 = DIRECTION('',(0.,-1.));
#4909 = ( GEOMETRIC_REPRESENTATION_CONTEXT(2) 
PARAMETRIC_REPRESENTATION_CONTEXT() REPRESENTATION_CONTEXT('2D SPACE',''
  ) );
#4910 = ORIENTED_EDGE('',*,*,#3698,.F.);
#4911 = ORIENTED_EDGE('',*,*,#3548,.T.);
#4912 = ORIENTED_EDGE('',*,*,#3524,.T.);
#4913 = ORIENTED_EDGE('',*,*,#3454,.F.);
#4914 = ORIENTED_EDGE('',*,*,#3224,.F.);
#4915 = ORIENTED_EDGE('',*,*,#4843,.F.);
#4916 = ADVANCED_FACE('',(#4917),#3686,.F.);
#4917 = FACE_BOUND('',#4918,.T.);
#4918 = EDGE_LOOP('',(#4919,#4941,#4942,#4943));
#4919 = ORIENTED_EDGE('',*,*,#4920,.F.);
#4920 = EDGE_CURVE('',#4868,#4332,#4921,.T.);
#4921 = SURFACE_CURVE('',#4922,(#4927,#4934),.PCURVE_S1.);
#4922 = CIRCLE('',#4923,1.);
#4923 = AXIS2_PLACEMENT_3D('',#4924,#4925,#4926);
#4924 = CARTESIAN_POINT('',(46.,-36.5,-1.000000002396));
#4925 = DIRECTION('',(1.,-2.22044604925E-16,2.22044604925E-16));
#4926 = DIRECTION('',(2.22044604925E-16,1.,0.));
#4927 = PCURVE('',#3686,#4928);
#4928 = DEFINITIONAL_REPRESENTATION('',(#4929),#4933);
#4929 = LINE('',#4930,#4931);
#4930 = CARTESIAN_POINT('',(0.,0.));
#4931 = VECTOR('',#4932,1.);
#4932 = DIRECTION('',(-1.,0.));
#4933 = ( GEOMETRIC_REPRESENTATION_CONTEXT(2) 
PARAMETRIC_REPRESENTATION_CONTEXT() REPRESENTATION_CONTEXT('2D SPACE',''
  ) );
#4934 = PCURVE('',#4347,#4935);
#4935 = DEFINITIONAL_REPRESENTATION('',(#4936),#4940);
#4936 = CIRCLE('',#4937,1.);
#4937 = AXIS2_PLACEMENT_2D('',#4938,#4939);
#4938 = CARTESIAN_POINT('',(-36.5,8.999999997873));
#4939 = DIRECTION('',(1.,0.));
#4940 = ( GEOMETRIC_REPRESENTATION_CONTEXT(2) 
PARAMETRIC_REPRESENTATION_CONTEXT() REPRESENTATION_CONTEXT('2D SPACE',''
  ) );
#4941 = ORIENTED_EDGE('',*,*,#4890,.T.);
#4942 = ORIENTED_EDGE('',*,*,#3665,.F.);
#4943 = ORIENTED_EDGE('',*,*,#4423,.F.);
#4944 = ADVANCED_FACE('',(#4945),#3633,.F.);
#4945 = FACE_BOUND('',#4946,.F.);
#4946 = EDGE_LOOP('',(#4947,#4968,#4969,#4970));
#4947 = ORIENTED_EDGE('',*,*,#4948,.F.);
#4948 = EDGE_CURVE('',#4010,#4383,#4949,.T.);
#4949 = SURFACE_CURVE('',#4950,(#4954,#4961),.PCURVE_S1.);
#4950 = LINE('',#4951,#4952);
#4951 = CARTESIAN_POINT('',(70.,-42.5,-4.));
#4952 = VECTOR('',#4953,1.);
#4953 = DIRECTION('',(2.22044604925E-16,1.,0.));
#4954 = PCURVE('',#3633,#4955);
#4955 = DEFINITIONAL_REPRESENTATION('',(#4956),#4960);
#4956 = LINE('',#4957,#4958);
#4957 = CARTESIAN_POINT('',(0.,0.));
#4958 = VECTOR('',#4959,1.);
#4959 = DIRECTION('',(0.,1.));
#4960 = ( GEOMETRIC_REPRESENTATION_CONTEXT(2) 
PARAMETRIC_REPRESENTATION_CONTEXT() REPRESENTATION_CONTEXT('2D SPACE',''
  ) );
#4961 = PCURVE('',#4024,#4962);
#4962 = DEFINITIONAL_REPRESENTATION('',(#4963),#4967);
#4963 = LINE('',#4964,#4965);
#4964 = CARTESIAN_POINT('',(0.,12.));
#4965 = VECTOR('',#4966,1.);
#4966 = DIRECTION('',(1.,0.));
#4967 = ( GEOMETRIC_REPRESENTATION_CONTEXT(2) 
PARAMETRIC_REPRESENTATION_CONTEXT() REPRESENTATION_CONTEXT('2D SPACE',''
  ) );
#4968 = ORIENTED_EDGE('',*,*,#4035,.F.);
#4969 = ORIENTED_EDGE('',*,*,#3618,.F.);
#4970 = ORIENTED_EDGE('',*,*,#4403,.T.);
#4971 = ADVANCED_FACE('',(#4972),#4024,.T.);
#4972 = FACE_BOUND('',#4973,.T.);
#4973 = EDGE_LOOP('',(#4974,#4975,#4976,#4977));
#4974 = ORIENTED_EDGE('',*,*,#4948,.F.);
#4975 = ORIENTED_EDGE('',*,*,#4009,.F.);
#4976 = ORIENTED_EDGE('',*,*,#4282,.T.);
#4977 = ORIENTED_EDGE('',*,*,#4382,.T.);
#4978 = ADVANCED_FACE('',(#4979),#4079,.F.);
#4979 = FACE_BOUND('',#4980,.F.);
#4980 = EDGE_LOOP('',(#4981,#5002,#5003,#5024));
#4981 = ORIENTED_EDGE('',*,*,#4982,.F.);
#4982 = EDGE_CURVE('',#4065,#4449,#4983,.T.);
#4983 = SURFACE_CURVE('',#4984,(#4988,#4995),.PCURVE_S1.);
#4984 = LINE('',#4985,#4986);
#4985 = CARTESIAN_POINT('',(50.6,-42.5,-4.));
#4986 = VECTOR('',#4987,1.);
#4987 = DIRECTION('',(2.22044604925E-16,1.,0.));
#4988 = PCURVE('',#4079,#4989);
#4989 = DEFINITIONAL_REPRESENTATION('',(#4990),#4994);
#4990 = LINE('',#4991,#4992);
#4991 = CARTESIAN_POINT('',(0.,12.));
#4992 = VECTOR('',#4993,1.);
#4993 = DIRECTION('',(1.,0.));
#4994 = ( GEOMETRIC_REPRESENTATION_CONTEXT(2) 
PARAMETRIC_REPRESENTATION_CONTEXT() REPRESENTATION_CONTEXT('2D SPACE',''
  ) );
#4995 = PCURVE('',#4155,#4996);
#4996 = DEFINITIONAL_REPRESENTATION('',(#4997),#5001);
#4997 = LINE('',#4998,#4999);
#4998 = CARTESIAN_POINT('',(3.2,0.));
#4999 = VECTOR('',#5000,1.);
#5000 = DIRECTION('',(0.,1.));
#5001 = ( GEOMETRIC_REPRESENTATION_CONTEXT(2) 
PARAMETRIC_REPRESENTATION_CONTEXT() REPRESENTATION_CONTEXT('2D SPACE',''
  ) );
#5002 = ORIENTED_EDGE('',*,*,#4062,.F.);
#5003 = ORIENTED_EDGE('',*,*,#5004,.T.);
#5004 = EDGE_CURVE('',#4063,#4447,#5005,.T.);
#5005 = SURFACE_CURVE('',#5006,(#5010,#5017),.PCURVE_S1.);
#5006 = LINE('',#5007,#5008);
#5007 = CARTESIAN_POINT('',(50.6,-42.5,-16.));
#5008 = VECTOR('',#5009,1.);
#5009 = DIRECTION('',(2.22044604925E-16,1.,0.));
#5010 = PCURVE('',#4079,#5011);
#5011 = DEFINITIONAL_REPRESENTATION('',(#5012),#5016);
#5012 = LINE('',#5013,#5014);
#5013 = CARTESIAN_POINT('',(0.,0.));
#5014 = VECTOR('',#5015,1.);
#5015 = DIRECTION('',(1.,0.));
#5016 = ( GEOMETRIC_REPRESENTATION_CONTEXT(2) 
PARAMETRIC_REPRESENTATION_CONTEXT() REPRESENTATION_CONTEXT('2D SPACE',''
  ) );
#5017 = PCURVE('',#4105,#5018);
#5018 = DEFINITIONAL_REPRESENTATION('',(#5019),#5023);
#5019 = LINE('',#5020,#5021);
#5020 = CARTESIAN_POINT('',(3.2,0.));
#5021 = VECTOR('',#5022,1.);
#5022 = DIRECTION('',(0.,1.));
#5023 = ( GEOMETRIC_REPRESENTATION_CONTEXT(2) 
PARAMETRIC_REPRESENTATION_CONTEXT() REPRESENTATION_CONTEXT('2D SPACE',''
  ) );
#5024 = ORIENTED_EDGE('',*,*,#4446,.T.);
#5025 = ADVANCED_FACE('',(#5026),#4105,.T.);
#5026 = FACE_BOUND('',#5027,.T.);
#5027 = EDGE_LOOP('',(#5028,#5049,#5050,#5051));
#5028 = ORIENTED_EDGE('',*,*,#5029,.F.);
#5029 = EDGE_CURVE('',#4091,#4470,#5030,.T.);
#5030 = SURFACE_CURVE('',#5031,(#5035,#5042),.PCURVE_S1.);
#5031 = LINE('',#5032,#5033);
#5032 = CARTESIAN_POINT('',(47.4,-42.5,-16.));
#5033 = VECTOR('',#5034,1.);
#5034 = DIRECTION('',(2.22044604925E-16,1.,0.));
#5035 = PCURVE('',#4105,#5036);
#5036 = DEFINITIONAL_REPRESENTATION('',(#5037),#5041);
#5037 = LINE('',#5038,#5039);
#5038 = CARTESIAN_POINT('',(0.,0.));
#5039 = VECTOR('',#5040,1.);
#5040 = DIRECTION('',(0.,1.));
#5041 = ( GEOMETRIC_REPRESENTATION_CONTEXT(2) 
PARAMETRIC_REPRESENTATION_CONTEXT() REPRESENTATION_CONTEXT('2D SPACE',''
  ) );
#5042 = PCURVE('',#4131,#5043);
#5043 = DEFINITIONAL_REPRESENTATION('',(#5044),#5048);
#5044 = LINE('',#5045,#5046);
#5045 = CARTESIAN_POINT('',(0.,0.));
#5046 = VECTOR('',#5047,1.);
#5047 = DIRECTION('',(1.,0.));
#5048 = ( GEOMETRIC_REPRESENTATION_CONTEXT(2) 
PARAMETRIC_REPRESENTATION_CONTEXT() REPRESENTATION_CONTEXT('2D SPACE',''
  ) );
#5049 = ORIENTED_EDGE('',*,*,#4090,.F.);
#5050 = ORIENTED_EDGE('',*,*,#5004,.T.);
#5051 = ORIENTED_EDGE('',*,*,#4469,.T.);
#5052 = ADVANCED_FACE('',(#5053),#4155,.F.);
#5053 = FACE_BOUND('',#5054,.F.);
#5054 = EDGE_LOOP('',(#5055,#5076,#5077,#5078));
#5055 = ORIENTED_EDGE('',*,*,#5056,.F.);
#5056 = EDGE_CURVE('',#4117,#4491,#5057,.T.);
#5057 = SURFACE_CURVE('',#5058,(#5062,#5069),.PCURVE_S1.);
#5058 = LINE('',#5059,#5060);
#5059 = CARTESIAN_POINT('',(47.4,-42.5,-4.));
#5060 = VECTOR('',#5061,1.);
#5061 = DIRECTION('',(2.22044604925E-16,1.,0.));
#5062 = PCURVE('',#4155,#5063);
#5063 = DEFINITIONAL_REPRESENTATION('',(#5064),#5068);
#5064 = LINE('',#5065,#5066);
#5065 = CARTESIAN_POINT('',(0.,0.));
#5066 = VECTOR('',#5067,1.);
#5067 = DIRECTION('',(0.,1.));
#5068 = ( GEOMETRIC_REPRESENTATION_CONTEXT(2) 
PARAMETRIC_REPRESENTATION_CONTEXT() REPRESENTATION_CONTEXT('2D SPACE',''
  ) );
#5069 = PCURVE('',#4131,#5070);
#5070 = DEFINITIONAL_REPRESENTATION('',(#5071),#5075);
#5071 = LINE('',#5072,#5073);
#5072 = CARTESIAN_POINT('',(0.,12.));
#5073 = VECTOR('',#5074,1.);
#5074 = DIRECTION('',(1.,0.));
#5075 = ( GEOMETRIC_REPRESENTATION_CONTEXT(2) 
PARAMETRIC_REPRESENTATION_CONTEXT() REPRESENTATION_CONTEXT('2D SPACE',''
  ) );
#5076 = ORIENTED_EDGE('',*,*,#4142,.F.);
#5077 = ORIENTED_EDGE('',*,*,#4982,.T.);
#5078 = ORIENTED_EDGE('',*,*,#4511,.T.);
#5079 = ADVANCED_FACE('',(#5080),#4131,.T.);
#5080 = FACE_BOUND('',#5081,.T.);
#5081 = EDGE_LOOP('',(#5082,#5083,#5084,#5085));
#5082 = ORIENTED_EDGE('',*,*,#5056,.F.);
#5083 = ORIENTED_EDGE('',*,*,#4116,.F.);
#5084 = ORIENTED_EDGE('',*,*,#5029,.T.);
#5085 = ORIENTED_EDGE('',*,*,#4490,.T.);
#5086 = ADVANCED_FACE('',(#5087),#4192,.F.);
#5087 = FACE_BOUND('',#5088,.F.);
#5088 = EDGE_LOOP('',(#5089,#5110,#5111,#5132));
#5089 = ORIENTED_EDGE('',*,*,#5090,.F.);
#5090 = EDGE_CURVE('',#4733,#4178,#5091,.T.);
#5091 = SURFACE_CURVE('',#5092,(#5096,#5103),.PCURVE_S1.);
#5092 = LINE('',#5093,#5094);
#5093 = CARTESIAN_POINT('',(50.6,36.5,-4.));
#5094 = VECTOR('',#5095,1.);
#5095 = DIRECTION('',(2.22044604925E-16,1.,0.));
#5096 = PCURVE('',#4192,#5097);
#5097 = DEFINITIONAL_REPRESENTATION('',(#5098),#5102);
#5098 = LINE('',#5099,#5100);
#5099 = CARTESIAN_POINT('',(0.,12.));
#5100 = VECTOR('',#5101,1.);
#5101 = DIRECTION('',(1.,0.));
#5102 = ( GEOMETRIC_REPRESENTATION_CONTEXT(2) 
PARAMETRIC_REPRESENTATION_CONTEXT() REPRESENTATION_CONTEXT('2D SPACE',''
  ) );
#5103 = PCURVE('',#4268,#5104);
#5104 = DEFINITIONAL_REPRESENTATION('',(#5105),#5109);
#5105 = LINE('',#5106,#5107);
#5106 = CARTESIAN_POINT('',(3.2,0.));
#5107 = VECTOR('',#5108,1.);
#5108 = DIRECTION('',(0.,1.));
#5109 = ( GEOMETRIC_REPRESENTATION_CONTEXT(2) 
PARAMETRIC_REPRESENTATION_CONTEXT() REPRESENTATION_CONTEXT('2D SPACE',''
  ) );
#5110 = ORIENTED_EDGE('',*,*,#4730,.F.);
#5111 = ORIENTED_EDGE('',*,*,#5112,.T.);
#5112 = EDGE_CURVE('',#4731,#4176,#5113,.T.);
#5113 = SURFACE_CURVE('',#5114,(#5118,#5125),.PCURVE_S1.);
#5114 = LINE('',#5115,#5116);
#5115 = CARTESIAN_POINT('',(50.6,36.5,-16.));
#5116 = VECTOR('',#5117,1.);
#5117 = DIRECTION('',(2.22044604925E-16,1.,0.));
#5118 = PCURVE('',#4192,#5119);
#5119 = DEFINITIONAL_REPRESENTATION('',(#5120),#5124);
#5120 = LINE('',#5121,#5122);
#5121 = CARTESIAN_POINT('',(0.,0.));
#5122 = VECTOR('',#5123,1.);
#5123 = DIRECTION('',(1.,0.));
#5124 = ( GEOMETRIC_REPRESENTATION_CONTEXT(2) 
PARAMETRIC_REPRESENTATION_CONTEXT() REPRESENTATION_CONTEXT('2D SPACE',''
  ) );
#5125 = PCURVE('',#4218,#5126);
#5126 = DEFINITIONAL_REPRESENTATION('',(#5127),#5131);
#5127 = LINE('',#5128,#5129);
#5128 = CARTESIAN_POINT('',(3.2,0.));
#5129 = VECTOR('',#5130,1.);
#5130 = DIRECTION('',(0.,1.));
#5131 = ( GEOMETRIC_REPRESENTATION_CONTEXT(2) 
PARAMETRIC_REPRESENTATION_CONTEXT() REPRESENTATION_CONTEXT('2D SPACE',''
  ) );
#5132 = ORIENTED_EDGE('',*,*,#4175,.T.);
#5133 = ADVANCED_FACE('',(#5134),#4268,.F.);
#5134 = FACE_BOUND('',#5135,.F.);
#5135 = EDGE_LOOP('',(#5136,#5157,#5158,#5159));
#5136 = ORIENTED_EDGE('',*,*,#5137,.F.);
#5137 = EDGE_CURVE('',#4775,#4230,#5138,.T.);
#5138 = SURFACE_CURVE('',#5139,(#5143,#5150),.PCURVE_S1.);
#5139 = LINE('',#5140,#5141);
#5140 = CARTESIAN_POINT('',(47.4,36.5,-4.));
#5141 = VECTOR('',#5142,1.);
#5142 = DIRECTION('',(2.22044604925E-16,1.,0.));
#5143 = PCURVE('',#4268,#5144);
#5144 = DEFINITIONAL_REPRESENTATION('',(#5145),#5149);
#5145 = LINE('',#5146,#5147);
#5146 = CARTESIAN_POINT('',(0.,0.));
#5147 = VECTOR('',#5148,1.);
#5148 = DIRECTION('',(0.,1.));
#5149 = ( GEOMETRIC_REPRESENTATION_CONTEXT(2) 
PARAMETRIC_REPRESENTATION_CONTEXT() REPRESENTATION_CONTEXT('2D SPACE',''
  ) );
#5150 = PCURVE('',#4244,#5151);
#5151 = DEFINITIONAL_REPRESENTATION('',(#5152),#5156);
#5152 = LINE('',#5153,#5154);
#5153 = CARTESIAN_POINT('',(0.,12.));
#5154 = VECTOR('',#5155,1.);
#5155 = DIRECTION('',(1.,0.));
#5156 = ( GEOMETRIC_REPRESENTATION_CONTEXT(2) 
PARAMETRIC_REPRESENTATION_CONTEXT() REPRESENTATION_CONTEXT('2D SPACE',''
  ) );
#5157 = ORIENTED_EDGE('',*,*,#4795,.F.);
#5158 = ORIENTED_EDGE('',*,*,#5090,.T.);
#5159 = ORIENTED_EDGE('',*,*,#4255,.T.);
#5160 = ADVANCED_FACE('',(#5161),#4244,.T.);
#5161 = FACE_BOUND('',#5162,.T.);
#5162 = EDGE_LOOP('',(#5163,#5164,#5165,#5186));
#5163 = ORIENTED_EDGE('',*,*,#5137,.F.);
#5164 = ORIENTED_EDGE('',*,*,#4774,.F.);
#5165 = ORIENTED_EDGE('',*,*,#5166,.T.);
#5166 = EDGE_CURVE('',#4754,#4204,#5167,.T.);
#5167 = SURFACE_CURVE('',#5168,(#5172,#5179),.PCURVE_S1.);
#5168 = LINE('',#5169,#5170);
#5169 = CARTESIAN_POINT('',(47.4,36.5,-16.));
#5170 = VECTOR('',#5171,1.);
#5171 = DIRECTION('',(2.22044604925E-16,1.,0.));
#5172 = PCURVE('',#4244,#5173);
#5173 = DEFINITIONAL_REPRESENTATION('',(#5174),#5178);
#5174 = LINE('',#5175,#5176);
#5175 = CARTESIAN_POINT('',(0.,0.));
#5176 = VECTOR('',#5177,1.);
#5177 = DIRECTION('',(1.,0.));
#5178 = ( GEOMETRIC_REPRESENTATION_CONTEXT(2) 
PARAMETRIC_REPRESENTATION_CONTEXT() REPRESENTATION_CONTEXT('2D SPACE',''
  ) );
#5179 = PCURVE('',#4218,#5180);
#5180 = DEFINITIONAL_REPRESENTATION('',(#5181),#5185);
#5181 = LINE('',#5182,#5183);
#5182 = CARTESIAN_POINT('',(0.,0.));
#5183 = VECTOR('',#5184,1.);
#5184 = DIRECTION('',(0.,1.));
#5185 = ( GEOMETRIC_REPRESENTATION_CONTEXT(2) 
PARAMETRIC_REPRESENTATION_CONTEXT() REPRESENTATION_CONTEXT('2D SPACE',''
  ) );
#5186 = ORIENTED_EDGE('',*,*,#4229,.T.);
#5187 = ADVANCED_FACE('',(#5188),#4218,.T.);
#5188 = FACE_BOUND('',#5189,.T.);
#5189 = EDGE_LOOP('',(#5190,#5191,#5192,#5193));
#5190 = ORIENTED_EDGE('',*,*,#5166,.F.);
#5191 = ORIENTED_EDGE('',*,*,#4753,.F.);
#5192 = ORIENTED_EDGE('',*,*,#5112,.T.);
#5193 = ORIENTED_EDGE('',*,*,#4203,.T.);
#5194 = ADVANCED_FACE('',(#5195),#4347,.T.);
#5195 = FACE_BOUND('',#5196,.T.);
#5196 = EDGE_LOOP('',(#5197,#5198,#5199,#5200,#5201,#5202,#5203,#5204));
#5197 = ORIENTED_EDGE('',*,*,#4329,.F.);
#5198 = ORIENTED_EDGE('',*,*,#4533,.T.);
#5199 = ORIENTED_EDGE('',*,*,#4583,.T.);
#5200 = ORIENTED_EDGE('',*,*,#4632,.T.);
#5201 = ORIENTED_EDGE('',*,*,#4682,.T.);
#5202 = ORIENTED_EDGE('',*,*,#4817,.T.);
#5203 = ORIENTED_EDGE('',*,*,#4867,.F.);
#5204 = ORIENTED_EDGE('',*,*,#4920,.T.);
#5205 = ( GEOMETRIC_REPRESENTATION_CONTEXT(3) 
GLOBAL_UNCERTAINTY_ASSIGNED_CONTEXT((#5209)) 
GLOBAL_UNIT_ASSIGNED_CONTEXT((#5206,#5207,#5208)) REPRESENTATION_CONTEXT
('Context #1','3D Context with UNIT and UNCERTAINTY') );
#5206 = ( LENGTH_UNIT() NAMED_UNIT(*) SI_UNIT(.MILLI.,.METRE.) );
#5207 = ( NAMED_UNIT(*) PLANE_ANGLE_UNIT() SI_UNIT($,.RADIAN.) );
#5208 = ( NAMED_UNIT(*) SI_UNIT($,.STERADIAN.) SOLID_ANGLE_UNIT() );
#5209 = UNCERTAINTY_MEASURE_WITH_UNIT(LENGTH_MEASURE(2.E-07),#5206,
  'distance_accuracy_value','confusion accuracy');
#5210 = CONTEXT_DEPENDENT_SHAPE_REPRESENTATION(#5211,#5213);
#5211 = ( REPRESENTATION_RELATIONSHIP('','',#32,#10) 
REPRESENTATION_RELATIONSHIP_WITH_TRANSFORMATION(#5212) 
SHAPE_REPRESENTATION_RELATIONSHIP() );
#5212 = ITEM_DEFINED_TRANSFORMATION('','',#11,#15);
#5213 = PRODUCT_DEFINITION_SHAPE('Placement','Placement of an item',
  #5214);
#5214 = NEXT_ASSEMBLY_USAGE_OCCURRENCE('1','=>[0:1:1:2]','',#5,#27,$);
#5215 = PRODUCT_RELATED_PRODUCT_CATEGORY('part',$,(#29));
#5216 = MECHANICAL_DESIGN_GEOMETRIC_PRESENTATION_REPRESENTATION('',(
    #5217),#5205);
#5217 = STYLED_ITEM('color',(#5218),#33);
#5218 = PRESENTATION_STYLE_ASSIGNMENT((#5219));
#5219 = SURFACE_STYLE_USAGE(.BOTH.,#5220);
#5220 = SURFACE_SIDE_STYLE('',(#5221));
#5221 = SURFACE_STYLE_FILL_AREA(#5222);
#5222 = FILL_AREA_STYLE('',(#5223));
#5223 = FILL_AREA_STYLE_COLOUR('',#5224);
#5224 = COLOUR_RGB('',0.909803941505,0.666666687201,0.223529416636);
ENDSEC;
END-ISO-10303-21;
